2026-04-20 21:47:42 [http-nio-8080-exec-9] DEBUG o.s.security.web.FilterChainProxy - Securing GET /login
2026-04-20 21:47:42 [http-nio-8080-exec-9] DEBUG o.s.security.web.FilterChainProxy - Secured GET /login
2026-04-20 21:47:42 [http-nio-8080-exec-9] DEBUG o.s.web.servlet.DispatcherServlet - GET "/login", parameters={}
2026-04-20 21:47:42 [http-nio-8080-exec-9] DEBUG o.s.w.s.m.m.a.RequestMappingHandlerMapping - Mapped to com.example.library.controller.AuthController#loginPage(String, String, String, String, Model)
2026-04-20 21:47:42 [http-nio-8080-exec-9] DEBUG o.s.s.w.c.HttpSessionSecurityContextRepository - Retrieved SecurityContextImpl [Authentication=UsernamePasswordAuthenticationToken [Principal=org.springframework.security.core.userdetails.User [Username=Tanphong, Password=[PROTECTED], Enabled=true, AccountNonExpired=true, CredentialsNonExpired=true, AccountNonLocked=true, Granted Authorities=[ROLE_KHACHHANG]], Credentials=[PROTECTED], Authenticated=true, Details=WebAuthenticationDetails [RemoteIpAddress=0:0:0:0:0:0:0:1, SessionId=null], Granted Authorities=[ROLE_KHACHHANG]]]
2026-04-20 21:47:42 [http-nio-8080-exec-9] DEBUG org.hibernate.SQL - 
    select
        tk1_0.matk,
        tk1_0.avatar,
        tk1_0.diachi,
        tk1_0.email,
        tk1_0.hoten,
        tk1_0.ngaytao,
        tk1_0.password,
        tk1_0.quyen,
        tk1_0.reset_token,
        tk1_0.sodienthoai,
        tk1_0.trangthai,
        tk1_0.username 
    from
        taikhoan tk1_0 
    where
        tk1_0.username=?
2026-04-20 21:47:42 [http-nio-8080-exec-9] DEBUG org.hibernate.SQL - 
    select
        count(tb1_0.id) 
    from
        thong_bao tb1_0 
    where
        tb1_0.tai_khoan_id=? 
        and not(tb1_0.da_doc)
2026-04-20 21:47:42 [http-nio-8080-exec-9] WARN  o.h.e.jdbc.spi.SqlExceptionHelper - SQL Error: 1146, SQLState: 42S02
2026-04-20 21:47:42 [http-nio-8080-exec-9] ERROR o.h.e.jdbc.spi.SqlExceptionHelper - Table 'qltv.thong_bao' doesn't exist
2026-04-20 21:47:42 [http-nio-8080-exec-9] DEBUG o.s.w.s.m.m.a.ExceptionHandlerExceptionResolver - Using @ExceptionHandler com.example.library.exception.GlobalExceptionHandler#handleGeneralException(Exception, HttpServletRequest, RedirectAttributes)
2026-04-20 21:47:42 [http-nio-8080-exec-9] ERROR c.e.l.e.GlobalExceptionHandler - Lỗi không lường trước xảy ra tại URL: http://localhost:8080/login. Chi tiết: 
org.springframework.dao.InvalidDataAccessResourceUsageException: JDBC exception executing SQL [select count(tb1_0.id) from thong_bao tb1_0 where tb1_0.tai_khoan_id=? and not(tb1_0.da_doc)] [Table 'qltv.thong_bao' doesn't exist] [n/a]; SQL [n/a]
	at org.springframework.orm.jpa.vendor.HibernateJpaDialect.convertHibernateAccessException(HibernateJpaDialect.java:277)
	at org.springframework.orm.jpa.vendor.HibernateJpaDialect.translateExceptionIfPossible(HibernateJpaDialect.java:241)
	at org.springframework.orm.jpa.AbstractEntityManagerFactoryBean.translateExceptionIfPossible(AbstractEntityManagerFactoryBean.java:550)
	at org.springframework.dao.support.ChainedPersistenceExceptionTranslator.translateExceptionIfPossible(ChainedPersistenceExceptionTranslator.java:61)
	at org.springframework.dao.support.DataAccessUtils.translateIfNecessary(DataAccessUtils.java:335)
	at org.springframework.dao.support.PersistenceExceptionTranslationInterceptor.invoke(PersistenceExceptionTranslationInterceptor.java:152)
	at org.springframework.aop.framework.ReflectiveMethodInvocation.proceed(ReflectiveMethodInvocation.java:184)
	at org.springframework.data.jpa.repository.support.CrudMethodMetadataPostProcessor$CrudMethodMetadataPopulatingMethodInterceptor.invoke(CrudMethodMetadataPostProcessor.java:135)
	at org.springframework.aop.framework.ReflectiveMethodInvocation.proceed(ReflectiveMethodInvocation.java:184)
	at org.springframework.aop.interceptor.ExposeInvocationInterceptor.invoke(ExposeInvocationInterceptor.java:97)
	at org.springframework.aop.framework.ReflectiveMethodInvocation.proceed(ReflectiveMethodInvocation.java:184)
	at org.springframework.aop.framework.JdkDynamicAopProxy.invoke(JdkDynamicAopProxy.java:220)
	at jdk.proxy4/jdk.proxy4.$Proxy138.countByTaiKhoanIdAndDaDocFalse(Unknown Source)
	at com.example.library.service.NotificationService.getUnreadCount(NotificationService.java:70)
	at com.example.library.controller.GlobalControllerAdvice.lambda$getUnreadCount$0(GlobalControllerAdvice.java:27)
	at java.base/java.util.Optional.map(Optional.java:260)
	at com.example.library.controller.GlobalControllerAdvice.getUnreadCount(GlobalControllerAdvice.java:27)
	at java.base/jdk.internal.reflect.DirectMethodHandleAccessor.invoke(DirectMethodHandleAccessor.java:103)
	at java.base/java.lang.reflect.Method.invoke(Method.java:580)
	at org.springframework.web.method.support.InvocableHandlerMethod.doInvoke(InvocableHandlerMethod.java:261)
	at org.springframework.web.method.support.InvocableHandlerMethod.invokeForRequest(InvocableHandlerMethod.java:189)
	at org.springframework.web.method.annotation.ModelFactory.invokeModelAttributeMethods(ModelFactory.java:143)
	at org.springframework.web.method.annotation.ModelFactory.initModel(ModelFactory.java:112)
	at org.springframework.web.servlet.mvc.method.annotation.RequestMappingHandlerAdapter.invokeHandlerMethod(RequestMappingHandlerAdapter.java:894)
	at org.springframework.web.servlet.mvc.method.annotation.RequestMappingHandlerAdapter.handleInternal(RequestMappingHandlerAdapter.java:829)
	at org.springframework.web.servlet.mvc.method.AbstractHandlerMethodAdapter.handle(AbstractHandlerMethodAdapter.java:87)
	at org.springframework.web.servlet.DispatcherServlet.doDispatch(DispatcherServlet.java:1089)
	at org.springframework.web.servlet.DispatcherServlet.doService(DispatcherServlet.java:979)
	at org.springframework.web.servlet.FrameworkServlet.processRequest(FrameworkServlet.java:1014)
	at org.springframework.web.servlet.FrameworkServlet.doGet(FrameworkServlet.java:903)
	at jakarta.servlet.http.HttpServlet.service(HttpServlet.java:564)
	at org.springframework.web.servlet.FrameworkServlet.service(FrameworkServlet.java:885)
	at jakarta.servlet.http.HttpServlet.service(HttpServlet.java:658)
	at org.apache.catalina.core.ApplicationFilterChain.internalDoFilter(ApplicationFilterChain.java:205)
	at org.apache.catalina.core.ApplicationFilterChain.doFilter(ApplicationFilterChain.java:149)
	at org.apache.tomcat.websocket.server.WsFilter.doFilter(WsFilter.java:51)
	at org.apache.catalina.core.ApplicationFilterChain.internalDoFilter(ApplicationFilterChain.java:174)
	at org.apache.catalina.core.ApplicationFilterChain.doFilter(ApplicationFilterChain.java:149)
	at org.springframework.web.filter.CompositeFilter$VirtualFilterChain.doFilter(CompositeFilter.java:108)
	at org.springframework.security.web.FilterChainProxy.lambda$doFilterInternal$3(FilterChainProxy.java:231)
	at org.springframework.security.web.FilterChainProxy$VirtualFilterChain.doFilter(FilterChainProxy.java:365)
	at org.springframework.security.web.access.intercept.AuthorizationFilter.doFilter(AuthorizationFilter.java:100)
	at org.springframework.security.web.FilterChainProxy$VirtualFilterChain.doFilter(FilterChainProxy.java:374)
	at org.springframework.security.web.access.ExceptionTranslationFilter.doFilter(ExceptionTranslationFilter.java:126)
	at org.springframework.security.web.access.ExceptionTranslationFilter.doFilter(ExceptionTranslationFilter.java:120)
	at org.springframework.security.web.FilterChainProxy$VirtualFilterChain.doFilter(FilterChainProxy.java:374)
	at org.springframework.security.web.authentication.AnonymousAuthenticationFilter.doFilter(AnonymousAuthenticationFilter.java:100)
	at org.springframework.security.web.FilterChainProxy$VirtualFilterChain.doFilter(FilterChainProxy.java:374)
	at org.springframework.security.web.servletapi.SecurityContextHolderAwareRequestFilter.doFilter(SecurityContextHolderAwareRequestFilter.java:179)
	at org.springframework.security.web.FilterChainProxy$VirtualFilterChain.doFilter(FilterChainProxy.java:374)
	at org.springframework.security.web.savedrequest.RequestCacheAwareFilter.doFilter(RequestCacheAwareFilter.java:63)
	at org.springframework.security.web.FilterChainProxy$VirtualFilterChain.doFilter(FilterChainProxy.java:374)
	at org.springframework.security.web.authentication.AbstractAuthenticationProcessingFilter.doFilter(AbstractAuthenticationProcessingFilter.java:227)
	at org.springframework.security.web.authentication.AbstractAuthenticationProcessingFilter.doFilter(AbstractAuthenticationProcessingFilter.java:221)
	at org.springframework.security.web.FilterChainProxy$VirtualFilterChain.doFilter(FilterChainProxy.java:374)
	at org.springframework.security.web.authentication.logout.LogoutFilter.doFilter(LogoutFilter.java:107)
	at org.springframework.security.web.authentication.logout.LogoutFilter.doFilter(LogoutFilter.java:93)
	at org.springframework.security.web.FilterChainProxy$VirtualFilterChain.doFilter(FilterChainProxy.java:374)
	at org.springframework.web.filter.CorsFilter.doFilterInternal(CorsFilter.java:91)
	at org.springframework.web.filter.OncePerRequestFilter.doFilter(OncePerRequestFilter.java:116)
	at org.springframework.security.web.FilterChainProxy$VirtualFilterChain.doFilter(FilterChainProxy.java:374)
	at org.springframework.security.web.header.HeaderWriterFilter.doHeadersAfter(HeaderWriterFilter.java:90)
	at org.springframework.security.web.header.HeaderWriterFilter.doFilterInternal(HeaderWriterFilter.java:75)
	at org.springframework.web.filter.OncePerRequestFilter.doFilter(OncePerRequestFilter.java:116)
	at org.springframework.security.web.FilterChainProxy$VirtualFilterChain.doFilter(FilterChainProxy.java:374)
	at org.springframework.security.web.context.SecurityContextHolderFilter.doFilter(SecurityContextHolderFilter.java:82)
	at org.springframework.security.web.context.SecurityContextHolderFilter.doFilter(SecurityContextHolderFilter.java:69)
	at org.springframework.security.web.FilterChainProxy$VirtualFilterChain.doFilter(FilterChainProxy.java:374)
	at org.springframework.security.web.context.request.async.WebAsyncManagerIntegrationFilter.doFilterInternal(WebAsyncManagerIntegrationFilter.java:62)
	at org.springframework.web.filter.OncePerRequestFilter.doFilter(OncePerRequestFilter.java:116)
	at org.springframework.security.web.FilterChainProxy$VirtualFilterChain.doFilter(FilterChainProxy.java:374)
	at org.springframework.security.web.session.DisableEncodeUrlFilter.doFilterInternal(DisableEncodeUrlFilter.java:42)
	at org.springframework.web.filter.OncePerRequestFilter.doFilter(OncePerRequestFilter.java:116)
	at org.springframework.security.web.FilterChainProxy$VirtualFilterChain.doFilter(FilterChainProxy.java:374)
	at org.springframework.security.web.FilterChainProxy.doFilterInternal(FilterChainProxy.java:233)
	at org.springframework.security.web.FilterChainProxy.doFilter(FilterChainProxy.java:191)
	at org.springframework.web.filter.CompositeFilter$VirtualFilterChain.doFilter(CompositeFilter.java:113)
	at org.springframework.web.servlet.handler.HandlerMappingIntrospector.lambda$createCacheFilter$3(HandlerMappingIntrospector.java:195)
	at org.springframework.web.filter.CompositeFilter$VirtualFilterChain.doFilter(CompositeFilter.java:113)
	at org.springframework.web.filter.CompositeFilter.doFilter(CompositeFilter.java:74)
	at org.springframework.security.config.annotation.web.configuration.WebMvcSecurityConfiguration$CompositeFilterChainProxy.doFilter(WebMvcSecurityConfiguration.java:225)
	at org.springframework.web.filter.DelegatingFilterProxy.invokeDelegate(DelegatingFilterProxy.java:352)
	at org.springframework.web.filter.DelegatingFilterProxy.doFilter(DelegatingFilterProxy.java:268)
	at org.apache.catalina.core.ApplicationFilterChain.internalDoFilter(ApplicationFilterChain.java:174)
	at org.apache.catalina.core.ApplicationFilterChain.doFilter(ApplicationFilterChain.java:149)
	at org.springframework.web.filter.RequestContextFilter.doFilterInternal(RequestContextFilter.java:100)
	at org.springframework.web.filter.OncePerRequestFilter.doFilter(OncePerRequestFilter.java:116)
	at org.apache.catalina.core.ApplicationFilterChain.internalDoFilter(ApplicationFilterChain.java:174)
	at org.apache.catalina.core.ApplicationFilterChain.doFilter(ApplicationFilterChain.java:149)
	at org.springframework.web.filter.FormContentFilter.doFilterInternal(FormContentFilter.java:93)
	at org.springframework.web.filter.OncePerRequestFilter.doFilter(OncePerRequestFilter.java:116)
	at org.apache.catalina.core.ApplicationFilterChain.internalDoFilter(ApplicationFilterChain.java:174)
	at org.apache.catalina.core.ApplicationFilterChain.doFilter(ApplicationFilterChain.java:149)
	at org.springframework.web.filter.CharacterEncodingFilter.doFilterInternal(CharacterEncodingFilter.java:201)
	at org.springframework.web.filter.OncePerRequestFilter.doFilter(OncePerRequestFilter.java:116)
	at org.apache.catalina.core.ApplicationFilterChain.internalDoFilter(ApplicationFilterChain.java:174)
	at org.apache.catalina.core.ApplicationFilterChain.doFilter(ApplicationFilterChain.java:149)
	at org.apache.catalina.core.StandardWrapperValve.invoke(StandardWrapperValve.java:167)
	at org.apache.catalina.core.StandardContextValve.invoke(StandardContextValve.java:90)
	at org.apache.catalina.authenticator.AuthenticatorBase.invoke(AuthenticatorBase.java:482)
	at org.apache.catalina.core.StandardHostValve.invoke(StandardHostValve.java:115)
	at org.apache.catalina.valves.ErrorReportValve.invoke(ErrorReportValve.java:93)
	at org.apache.catalina.core.StandardEngineValve.invoke(StandardEngineValve.java:74)
	at org.apache.catalina.connector.CoyoteAdapter.service(CoyoteAdapter.java:340)
	at org.apache.coyote.http11.Http11Processor.service(Http11Processor.java:391)
	at org.apache.coyote.AbstractProcessorLight.process(AbstractProcessorLight.java:63)
	at org.apache.coyote.AbstractProtocol$ConnectionHandler.process(AbstractProtocol.java:896)
	at org.apache.tomcat.util.net.NioEndpoint$SocketProcessor.doRun(NioEndpoint.java:1744)
	at org.apache.tomcat.util.net.SocketProcessorBase.run(SocketProcessorBase.java:52)
	at org.apache.tomcat.util.threads.ThreadPoolExecutor.runWorker(ThreadPoolExecutor.java:1191)
	at org.apache.tomcat.util.threads.ThreadPoolExecutor$Worker.run(ThreadPoolExecutor.java:659)
	at org.apache.tomcat.util.threads.TaskThread$WrappingRunnable.run(TaskThread.java:61)
	at java.base/java.lang.Thread.run(Thread.java:1570)
Caused by: org.hibernate.exception.SQLGrammarException: JDBC exception executing SQL [select count(tb1_0.id) from thong_bao tb1_0 where tb1_0.tai_khoan_id=? and not(tb1_0.da_doc)] [Table 'qltv.thong_bao' doesn't exist] [n/a]
	at org.hibernate.exception.internal.SQLExceptionTypeDelegate.convert(SQLExceptionTypeDelegate.java:66)
	at org.hibernate.exception.internal.StandardSQLExceptionConverter.convert(StandardSQLExceptionConverter.java:58)
	at org.hibernate.engine.jdbc.spi.SqlExceptionHelper.convert(SqlExceptionHelper.java:108)
	at org.hibernate.engine.jdbc.spi.SqlExceptionHelper.convert(SqlExceptionHelper.java:94)
	at org.hibernate.sql.results.jdbc.internal.DeferredResultSetAccess.executeQuery(DeferredResultSetAccess.java:265)
	at org.hibernate.sql.results.jdbc.internal.DeferredResultSetAccess.getResultSet(DeferredResultSetAccess.java:167)
	at org.hibernate.sql.results.jdbc.internal.JdbcValuesResultSetImpl.advanceNext(JdbcValuesResultSetImpl.java:218)
	at org.hibernate.sql.results.jdbc.internal.JdbcValuesResultSetImpl.processNext(JdbcValuesResultSetImpl.java:98)
	at org.hibernate.sql.results.jdbc.internal.AbstractJdbcValues.next(AbstractJdbcValues.java:19)
	at org.hibernate.sql.results.internal.RowProcessingStateStandardImpl.next(RowProcessingStateStandardImpl.java:66)
	at org.hibernate.sql.results.spi.ListResultsConsumer.consume(ListResultsConsumer.java:203)
	at org.hibernate.sql.results.spi.ListResultsConsumer.consume(ListResultsConsumer.java:33)
	at org.hibernate.sql.exec.internal.JdbcSelectExecutorStandardImpl.doExecuteQuery(JdbcSelectExecutorStandardImpl.java:209)
	at org.hibernate.sql.exec.internal.JdbcSelectExecutorStandardImpl.executeQuery(JdbcSelectExecutorStandardImpl.java:83)
	at org.hibernate.sql.exec.spi.JdbcSelectExecutor.list(JdbcSelectExecutor.java:76)
	at org.hibernate.sql.exec.spi.JdbcSelectExecutor.list(JdbcSelectExecutor.java:65)
	at org.hibernate.query.sqm.internal.ConcreteSqmSelectQueryPlan.lambda$new$2(ConcreteSqmSelectQueryPlan.java:137)
	at org.hibernate.query.sqm.internal.ConcreteSqmSelectQueryPlan.withCacheableSqmInterpretation(ConcreteSqmSelectQueryPlan.java:359)
	at org.hibernate.query.sqm.internal.ConcreteSqmSelectQueryPlan.performList(ConcreteSqmSelectQueryPlan.java:300)
	at org.hibernate.query.sqm.internal.QuerySqmImpl.doList(QuerySqmImpl.java:509)
	at org.hibernate.query.spi.AbstractSelectionQuery.list(AbstractSelectionQuery.java:427)
	at org.hibernate.query.spi.AbstractSelectionQuery.getSingleResult(AbstractSelectionQuery.java:564)
	at org.springframework.data.jpa.repository.query.JpaQueryExecution$SingleEntityExecution.doExecute(JpaQueryExecution.java:223)
	at org.springframework.data.jpa.repository.query.JpaQueryExecution.execute(JpaQueryExecution.java:92)
	at org.springframework.data.jpa.repository.query.AbstractJpaQuery.doExecute(AbstractJpaQuery.java:149)
	at org.springframework.data.jpa.repository.query.AbstractJpaQuery.execute(AbstractJpaQuery.java:137)
	at org.springframework.data.repository.core.support.RepositoryMethodInvoker.doInvoke(RepositoryMethodInvoker.java:170)
	at org.springframework.data.repository.core.support.RepositoryMethodInvoker.invoke(RepositoryMethodInvoker.java:158)
	at org.springframework.data.repository.core.support.QueryExecutorMethodInterceptor.doInvoke(QueryExecutorMethodInterceptor.java:164)
	at org.springframework.data.repository.core.support.QueryExecutorMethodInterceptor.invoke(QueryExecutorMethodInterceptor.java:143)
	at org.springframework.aop.framework.ReflectiveMethodInvocation.proceed(ReflectiveMethodInvocation.java:184)
	at org.springframework.data.projection.DefaultMethodInvokingMethodInterceptor.invoke(DefaultMethodInvokingMethodInterceptor.java:70)
	at org.springframework.aop.framework.ReflectiveMethodInvocation.proceed(ReflectiveMethodInvocation.java:184)
	at org.springframework.transaction.interceptor.TransactionInterceptor$1.proceedWithInvocation(TransactionInterceptor.java:123)
	at org.springframework.transaction.interceptor.TransactionAspectSupport.invokeWithinTransaction(TransactionAspectSupport.java:385)
	at org.springframework.transaction.interceptor.TransactionInterceptor.invoke(TransactionInterceptor.java:119)
	at org.springframework.aop.framework.ReflectiveMethodInvocation.proceed(ReflectiveMethodInvocation.java:184)
	at org.springframework.dao.support.PersistenceExceptionTranslationInterceptor.invoke(PersistenceExceptionTranslationInterceptor.java:137)
	... 107 common frames omitted
Caused by: java.sql.SQLSyntaxErrorException: Table 'qltv.thong_bao' doesn't exist
	at com.mysql.cj.jdbc.exceptions.SQLError.createSQLException(SQLError.java:121)
	at com.mysql.cj.jdbc.exceptions.SQLExceptionsMapping.translateException(SQLExceptionsMapping.java:122)
	at com.mysql.cj.jdbc.ClientPreparedStatement.executeInternal(ClientPreparedStatement.java:912)
	at com.mysql.cj.jdbc.ClientPreparedStatement.executeQuery(ClientPreparedStatement.java:968)
	at com.zaxxer.hikari.pool.ProxyPreparedStatement.executeQuery(ProxyPreparedStatement.java:52)
	at com.zaxxer.hikari.pool.HikariProxyPreparedStatement.executeQuery(HikariProxyPreparedStatement.java)
	at org.hibernate.sql.results.jdbc.internal.DeferredResultSetAccess.executeQuery(DeferredResultSetAccess.java:246)
	... 140 common frames omitted
2026-04-20 21:47:42 [http-nio-8080-exec-9] WARN  o.s.w.s.m.m.a.ExceptionHandlerExceptionResolver - Resolved [org.springframework.dao.InvalidDataAccessResourceUsageException: JDBC exception executing SQL [select count(tb1_0.id) from thong_bao tb1_0 where tb1_0.tai_khoan_id=? and not(tb1_0.da_doc)] [Table 'qltv.thong_bao' doesn't exist] [n/a]; SQL [n/a]]
2026-04-20 21:47:42 [http-nio-8080-exec-9] DEBUG o.s.web.servlet.DispatcherServlet - Using resolved error view: ModelAndView [view="redirect:http://localhost:8080/login"; model={}]
2026-04-20 21:47:42 [http-nio-8080-exec-9] DEBUG o.s.web.servlet.view.RedirectView - View name 'redirect:', model {}
2026-04-20 21:47:42 [http-nio-8080-exec-9] DEBUG o.s.web.servlet.DispatcherServlet - Completed 302 FOUND
2026-04-20 21:47:42 [http-nio-8080-exec-8] DEBUG o.s.security.web.FilterChainProxy - Securing GET /login
2026-04-20 21:47:42 [http-nio-8080-exec-8] DEBUG o.s.security.web.FilterChainProxy - Secured GET /login
2026-04-20 21:47:42 [http-nio-8080-exec-8] DEBUG o.s.web.servlet.DispatcherServlet - GET "/login", parameters={}
2026-04-20 21:47:42 [http-nio-8080-exec-8] DEBUG o.s.w.s.m.m.a.RequestMappingHandlerMapping - Mapped to com.example.library.controller.AuthController#loginPage(String, String, String, String, Model)
2026-04-20 21:47:42 [http-nio-8080-exec-8] DEBUG o.s.s.w.c.HttpSessionSecurityContextRepository - Retrieved SecurityContextImpl [Authentication=UsernamePasswordAuthenticationToken [Principal=org.springframework.security.core.userdetails.User [Username=Tanphong, Password=[PROTECTED], Enabled=true, AccountNonExpired=true, CredentialsNonExpired=true, AccountNonLocked=true, Granted Authorities=[ROLE_KHACHHANG]], Credentials=[PROTECTED], Authenticated=true, Details=WebAuthenticationDetails [RemoteIpAddress=0:0:0:0:0:0:0:1, SessionId=null], Granted Authorities=[ROLE_KHACHHANG]]]
2026-04-20 21:47:42 [http-nio-8080-exec-8] DEBUG org.hibernate.SQL - 
    select
        tk1_0.matk,
        tk1_0.avatar,
        tk1_0.diachi,
        tk1_0.email,
        tk1_0.hoten,
        tk1_0.ngaytao,
        tk1_0.password,
        tk1_0.quyen,
        tk1_0.reset_token,
        tk1_0.sodienthoai,
        tk1_0.trangthai,
        tk1_0.username 
    from
        taikhoan tk1_0 
    where
        tk1_0.username=?
2026-04-20 21:47:42 [http-nio-8080-exec-8] DEBUG org.hibernate.SQL - 
    select
        count(tb1_0.id) 
    from
        thong_bao tb1_0 
    where
        tb1_0.tai_khoan_id=? 
        and not(tb1_0.da_doc)
2026-04-20 21:47:42 [http-nio-8080-exec-8] WARN  o.h.e.jdbc.spi.SqlExceptionHelper - SQL Error: 1146, SQLState: 42S02
2026-04-20 21:47:42 [http-nio-8080-exec-8] ERROR o.h.e.jdbc.spi.SqlExceptionHelper - Table 'qltv.thong_bao' doesn't exist
2026-04-20 21:47:42 [http-nio-8080-exec-8] DEBUG o.s.w.s.m.m.a.ExceptionHandlerExceptionResolver - Using @ExceptionHandler com.example.library.exception.GlobalExceptionHandler#handleGeneralException(Exception, HttpServletRequest, RedirectAttributes)
2026-04-20 21:47:42 [http-nio-8080-exec-8] ERROR c.e.l.e.GlobalExceptionHandler - Lỗi không lường trước xảy ra tại URL: http://localhost:8080/login. Chi tiết: 
org.springframework.dao.InvalidDataAccessResourceUsageException: JDBC exception executing SQL [select count(tb1_0.id) from thong_bao tb1_0 where tb1_0.tai_khoan_id=? and not(tb1_0.da_doc)] [Table 'qltv.thong_bao' doesn't exist] [n/a]; SQL [n/a]
	at org.springframework.orm.jpa.vendor.HibernateJpaDialect.convertHibernateAccessException(HibernateJpaDialect.java:277)
	at org.springframework.orm.jpa.vendor.HibernateJpaDialect.translateExceptionIfPossible(HibernateJpaDialect.java:241)
	at org.springframework.orm.jpa.AbstractEntityManagerFactoryBean.translateExceptionIfPossible(AbstractEntityManagerFactoryBean.java:550)
	at org.springframework.dao.support.ChainedPersistenceExceptionTranslator.translateExceptionIfPossible(ChainedPersistenceExceptionTranslator.java:61)
	at org.springframework.dao.support.DataAccessUtils.translateIfNecessary(DataAccessUtils.java:335)
	at org.springframework.dao.support.PersistenceExceptionTranslationInterceptor.invoke(PersistenceExceptionTranslationInterceptor.java:152)
	at org.springframework.aop.framework.ReflectiveMethodInvocation.proceed(ReflectiveMethodInvocation.java:184)
	at org.springframework.data.jpa.repository.support.CrudMethodMetadataPostProcessor$CrudMethodMetadataPopulatingMethodInterceptor.invoke(CrudMethodMetadataPostProcessor.java:135)
	at org.springframework.aop.framework.ReflectiveMethodInvocation.proceed(ReflectiveMethodInvocation.java:184)
	at org.springframework.aop.interceptor.ExposeInvocationInterceptor.invoke(ExposeInvocationInterceptor.java:97)
	at org.springframework.aop.framework.ReflectiveMethodInvocation.proceed(ReflectiveMethodInvocation.java:184)
	at org.springframework.aop.framework.JdkDynamicAopProxy.invoke(JdkDynamicAopProxy.java:220)
	at jdk.proxy4/jdk.proxy4.$Proxy138.countByTaiKhoanIdAndDaDocFalse(Unknown Source)
	at com.example.library.service.NotificationService.getUnreadCount(NotificationService.java:70)
	at com.example.library.controller.GlobalControllerAdvice.lambda$getUnreadCount$0(GlobalControllerAdvice.java:27)
	at java.base/java.util.Optional.map(Optional.java:260)
	at com.example.library.controller.GlobalControllerAdvice.getUnreadCount(GlobalControllerAdvice.java:27)
	at java.base/jdk.internal.reflect.DirectMethodHandleAccessor.invoke(DirectMethodHandleAccessor.java:103)
	at java.base/java.lang.reflect.Method.invoke(Method.java:580)
	at org.springframework.web.method.support.InvocableHandlerMethod.doInvoke(InvocableHandlerMethod.java:261)
	at org.springframework.web.method.support.InvocableHandlerMethod.invokeForRequest(InvocableHandlerMethod.java:189)
	at org.springframework.web.method.annotation.ModelFactory.invokeModelAttributeMethods(ModelFactory.java:143)
	at org.springframework.web.method.annotation.ModelFactory.initModel(ModelFactory.java:112)
	at org.springframework.web.servlet.mvc.method.annotation.RequestMappingHandlerAdapter.invokeHandlerMethod(RequestMappingHandlerAdapter.java:894)
	at org.springframework.web.servlet.mvc.method.annotation.RequestMappingHandlerAdapter.handleInternal(RequestMappingHandlerAdapter.java:829)
	at org.springframework.web.servlet.mvc.method.AbstractHandlerMethodAdapter.handle(AbstractHandlerMethodAdapter.java:87)
	at org.springframework.web.servlet.DispatcherServlet.doDispatch(DispatcherServlet.java:1089)
	at org.springframework.web.servlet.DispatcherServlet.doService(DispatcherServlet.java:979)
	at org.springframework.web.servlet.FrameworkServlet.processRequest(FrameworkServlet.java:1014)
	at org.springframework.web.servlet.FrameworkServlet.doGet(FrameworkServlet.java:903)
	at jakarta.servlet.http.HttpServlet.service(HttpServlet.java:564)
	at org.springframework.web.servlet.FrameworkServlet.service(FrameworkServlet.java:885)
	at jakarta.servlet.http.HttpServlet.service(HttpServlet.java:658)
	at org.apache.catalina.core.ApplicationFilterChain.internalDoFilter(ApplicationFilterChain.java:205)
	at org.apache.catalina.core.ApplicationFilterChain.doFilter(ApplicationFilterChain.java:149)
	at org.apache.tomcat.websocket.server.WsFilter.doFilter(WsFilter.java:51)
	at org.apache.catalina.core.ApplicationFilterChain.internalDoFilter(ApplicationFilterChain.java:174)
	at org.apache.catalina.core.ApplicationFilterChain.doFilter(ApplicationFilterChain.java:149)
	at org.springframework.web.filter.CompositeFilter$VirtualFilterChain.doFilter(CompositeFilter.java:108)
	at org.springframework.security.web.FilterChainProxy.lambda$doFilterInternal$3(FilterChainProxy.java:231)
	at org.springframework.security.web.FilterChainProxy$VirtualFilterChain.doFilter(FilterChainProxy.java:365)
	at org.springframework.security.web.access.intercept.AuthorizationFilter.doFilter(AuthorizationFilter.java:100)
	at org.springframework.security.web.FilterChainProxy$VirtualFilterChain.doFilter(FilterChainProxy.java:374)
	at org.springframework.security.web.access.ExceptionTranslationFilter.doFilter(ExceptionTranslationFilter.java:126)
	at org.springframework.security.web.access.ExceptionTranslationFilter.doFilter(ExceptionTranslationFilter.java:120)
	at org.springframework.security.web.FilterChainProxy$VirtualFilterChain.doFilter(FilterChainProxy.java:374)
	at org.springframework.security.web.authentication.AnonymousAuthenticationFilter.doFilter(AnonymousAuthenticationFilter.java:100)
	at org.springframework.security.web.FilterChainProxy$VirtualFilterChain.doFilter(FilterChainProxy.java:374)
	at org.springframework.security.web.servletapi.SecurityContextHolderAwareRequestFilter.doFilter(SecurityContextHolderAwareRequestFilter.java:179)
	at org.springframework.security.web.FilterChainProxy$VirtualFilterChain.doFilter(FilterChainProxy.java:374)
	at org.springframework.security.web.savedrequest.RequestCacheAwareFilter.doFilter(RequestCacheAwareFilter.java:63)
	at org.springframework.security.web.FilterChainProxy$VirtualFilterChain.doFilter(FilterChainProxy.java:374)
	at org.springframework.security.web.authentication.AbstractAuthenticationProcessingFilter.doFilter(AbstractAuthenticationProcessingFilter.java:227)
	at org.springframework.security.web.authentication.AbstractAuthenticationProcessingFilter.doFilter(AbstractAuthenticationProcessingFilter.java:221)
	at org.springframework.security.web.FilterChainProxy$VirtualFilterChain.doFilter(FilterChainProxy.java:374)
	at org.springframework.security.web.authentication.logout.LogoutFilter.doFilter(LogoutFilter.java:107)
	at org.springframework.security.web.authentication.logout.LogoutFilter.doFilter(LogoutFilter.java:93)
	at org.springframework.security.web.FilterChainProxy$VirtualFilterChain.doFilter(FilterChainProxy.java:374)
	at org.springframework.web.filter.CorsFilter.doFilterInternal(CorsFilter.java:91)
	at org.springframework.web.filter.OncePerRequestFilter.doFilter(OncePerRequestFilter.java:116)
	at org.springframework.security.web.FilterChainProxy$VirtualFilterChain.doFilter(FilterChainProxy.java:374)
	at org.springframework.security.web.header.HeaderWriterFilter.doHeadersAfter(HeaderWriterFilter.java:90)
	at org.springframework.security.web.header.HeaderWriterFilter.doFilterInternal(HeaderWriterFilter.java:75)
	at org.springframework.web.filter.OncePerRequestFilter.doFilter(OncePerRequestFilter.java:116)
	at org.springframework.security.web.FilterChainProxy$VirtualFilterChain.doFilter(FilterChainProxy.java:374)
	at org.springframework.security.web.context.SecurityContextHolderFilter.doFilter(SecurityContextHolderFilter.java:82)
	at org.springframework.security.web.context.SecurityContextHolderFilter.doFilter(SecurityContextHolderFilter.java:69)
	at org.springframework.security.web.FilterChainProxy$VirtualFilterChain.doFilter(FilterChainProxy.java:374)
	at org.springframework.security.web.context.request.async.WebAsyncManagerIntegrationFilter.doFilterInternal(WebAsyncManagerIntegrationFilter.java:62)
	at org.springframework.web.filter.OncePerRequestFilter.doFilter(OncePerRequestFilter.java:116)
	at org.springframework.security.web.FilterChainProxy$VirtualFilterChain.doFilter(FilterChainProxy.java:374)
	at org.springframework.security.web.session.DisableEncodeUrlFilter.doFilterInternal(DisableEncodeUrlFilter.java:42)
	at org.springframework.web.filter.OncePerRequestFilter.doFilter(OncePerRequestFilter.java:116)
	at org.springframework.security.web.FilterChainProxy$VirtualFilterChain.doFilter(FilterChainProxy.java:374)
	at org.springframework.security.web.FilterChainProxy.doFilterInternal(FilterChainProxy.java:233)
	at org.springframework.security.web.FilterChainProxy.doFilter(FilterChainProxy.java:191)
	at org.springframework.web.filter.CompositeFilter$VirtualFilterChain.doFilter(CompositeFilter.java:113)
	at org.springframework.web.servlet.handler.HandlerMappingIntrospector.lambda$createCacheFilter$3(HandlerMappingIntrospector.java:195)
	at org.springframework.web.filter.CompositeFilter$VirtualFilterChain.doFilter(CompositeFilter.java:113)
	at org.springframework.web.filter.CompositeFilter.doFilter(CompositeFilter.java:74)
	at org.springframework.security.config.annotation.web.configuration.WebMvcSecurityConfiguration$CompositeFilterChainProxy.doFilter(WebMvcSecurityConfiguration.java:225)
	at org.springframework.web.filter.DelegatingFilterProxy.invokeDelegate(DelegatingFilterProxy.java:352)
	at org.springframework.web.filter.DelegatingFilterProxy.doFilter(DelegatingFilterProxy.java:268)
	at org.apache.catalina.core.ApplicationFilterChain.internalDoFilter(ApplicationFilterChain.java:174)
	at org.apache.catalina.core.ApplicationFilterChain.doFilter(ApplicationFilterChain.java:149)
	at org.springframework.web.filter.RequestContextFilter.doFilterInternal(RequestContextFilter.java:100)
	at org.springframework.web.filter.OncePerRequestFilter.doFilter(OncePerRequestFilter.java:116)
	at org.apache.catalina.core.ApplicationFilterChain.internalDoFilter(ApplicationFilterChain.java:174)
	at org.apache.catalina.core.ApplicationFilterChain.doFilter(ApplicationFilterChain.java:149)
	at org.springframework.web.filter.FormContentFilter.doFilterInternal(FormContentFilter.java:93)
	at org.springframework.web.filter.OncePerRequestFilter.doFilter(OncePerRequestFilter.java:116)
	at org.apache.catalina.core.ApplicationFilterChain.internalDoFilter(ApplicationFilterChain.java:174)
	at org.apache.catalina.core.ApplicationFilterChain.doFilter(ApplicationFilterChain.java:149)
	at org.springframework.web.filter.CharacterEncodingFilter.doFilterInternal(CharacterEncodingFilter.java:201)
	at org.springframework.web.filter.OncePerRequestFilter.doFilter(OncePerRequestFilter.java:116)
	at org.apache.catalina.core.ApplicationFilterChain.internalDoFilter(ApplicationFilterChain.java:174)
	at org.apache.catalina.core.ApplicationFilterChain.doFilter(ApplicationFilterChain.java:149)
	at org.apache.catalina.core.StandardWrapperValve.invoke(StandardWrapperValve.java:167)
	at org.apache.catalina.core.StandardContextValve.invoke(StandardContextValve.java:90)
	at org.apache.catalina.authenticator.AuthenticatorBase.invoke(AuthenticatorBase.java:482)
	at org.apache.catalina.core.StandardHostValve.invoke(StandardHostValve.java:115)
	at org.apache.catalina.valves.ErrorReportValve.invoke(ErrorReportValve.java:93)
	at org.apache.catalina.core.StandardEngineValve.invoke(StandardEngineValve.java:74)
	at org.apache.catalina.connector.CoyoteAdapter.service(CoyoteAdapter.java:340)
	at org.apache.coyote.http11.Http11Processor.service(Http11Processor.java:391)
	at org.apache.coyote.AbstractProcessorLight.process(AbstractProcessorLight.java:63)
	at org.apache.coyote.AbstractProtocol$ConnectionHandler.process(AbstractProtocol.java:896)
	at org.apache.tomcat.util.net.NioEndpoint$SocketProcessor.doRun(NioEndpoint.java:1744)
	at org.apache.tomcat.util.net.SocketProcessorBase.run(SocketProcessorBase.java:52)
	at org.apache.tomcat.util.threads.ThreadPoolExecutor.runWorker(ThreadPoolExecutor.java:1191)
	at org.apache.tomcat.util.threads.ThreadPoolExecutor$Worker.run(ThreadPoolExecutor.java:659)
	at org.apache.tomcat.util.threads.TaskThread$WrappingRunnable.run(TaskThread.java:61)
	at java.base/java.lang.Thread.run(Thread.java:1570)
Caused by: org.hibernate.exception.SQLGrammarException: JDBC exception executing SQL [select count(tb1_0.id) from thong_bao tb1_0 where tb1_0.tai_khoan_id=? and not(tb1_0.da_doc)] [Table 'qltv.thong_bao' doesn't exist] [n/a]
	at org.hibernate.exception.internal.SQLExceptionTypeDelegate.convert(SQLExceptionTypeDelegate.java:66)
	at org.hibernate.exception.internal.StandardSQLExceptionConverter.convert(StandardSQLExceptionConverter.java:58)
	at org.hibernate.engine.jdbc.spi.SqlExceptionHelper.convert(SqlExceptionHelper.java:108)
	at org.hibernate.engine.jdbc.spi.SqlExceptionHelper.convert(SqlExceptionHelper.java:94)
	at org.hibernate.sql.results.jdbc.internal.DeferredResultSetAccess.executeQuery(DeferredResultSetAccess.java:265)
	at org.hibernate.sql.results.jdbc.internal.DeferredResultSetAccess.getResultSet(DeferredResultSetAccess.java:167)
	at org.hibernate.sql.results.jdbc.internal.JdbcValuesResultSetImpl.advanceNext(JdbcValuesResultSetImpl.java:218)
	at org.hibernate.sql.results.jdbc.internal.JdbcValuesResultSetImpl.processNext(JdbcValuesResultSetImpl.java:98)
	at org.hibernate.sql.results.jdbc.internal.AbstractJdbcValues.next(AbstractJdbcValues.java:19)
	at org.hibernate.sql.results.internal.RowProcessingStateStandardImpl.next(RowProcessingStateStandardImpl.java:66)
	at org.hibernate.sql.results.spi.ListResultsConsumer.consume(ListResultsConsumer.java:203)
	at org.hibernate.sql.results.spi.ListResultsConsumer.consume(ListResultsConsumer.java:33)
	at org.hibernate.sql.exec.internal.JdbcSelectExecutorStandardImpl.doExecuteQuery(JdbcSelectExecutorStandardImpl.java:209)
	at org.hibernate.sql.exec.internal.JdbcSelectExecutorStandardImpl.executeQuery(JdbcSelectExecutorStandardImpl.java:83)
	at org.hibernate.sql.exec.spi.JdbcSelectExecutor.list(JdbcSelectExecutor.java:76)
	at org.hibernate.sql.exec.spi.JdbcSelectExecutor.list(JdbcSelectExecutor.java:65)
	at org.hibernate.query.sqm.internal.ConcreteSqmSelectQueryPlan.lambda$new$2(ConcreteSqmSelectQueryPlan.java:137)
	at org.hibernate.query.sqm.internal.ConcreteSqmSelectQueryPlan.withCacheableSqmInterpretation(ConcreteSqmSelectQueryPlan.java:359)
	at org.hibernate.query.sqm.internal.ConcreteSqmSelectQueryPlan.performList(ConcreteSqmSelectQueryPlan.java:300)
	at org.hibernate.query.sqm.internal.QuerySqmImpl.doList(QuerySqmImpl.java:509)
	at org.hibernate.query.spi.AbstractSelectionQuery.list(AbstractSelectionQuery.java:427)
	at org.hibernate.query.spi.AbstractSelectionQuery.getSingleResult(AbstractSelectionQuery.java:564)
	at org.springframework.data.jpa.repository.query.JpaQueryExecution$SingleEntityExecution.doExecute(JpaQueryExecution.java:223)
	at org.springframework.data.jpa.repository.query.JpaQueryExecution.execute(JpaQueryExecution.java:92)
	at org.springframework.data.jpa.repository.query.AbstractJpaQuery.doExecute(AbstractJpaQuery.java:149)
	at org.springframework.data.jpa.repository.query.AbstractJpaQuery.execute(AbstractJpaQuery.java:137)
	at org.springframework.data.repository.core.support.RepositoryMethodInvoker.doInvoke(RepositoryMethodInvoker.java:170)
	at org.springframework.data.repository.core.support.RepositoryMethodInvoker.invoke(RepositoryMethodInvoker.java:158)
	at org.springframework.data.repository.core.support.QueryExecutorMethodInterceptor.doInvoke(QueryExecutorMethodInterceptor.java:164)
	at org.springframework.data.repository.core.support.QueryExecutorMethodInterceptor.invoke(QueryExecutorMethodInterceptor.java:143)
	at org.springframework.aop.framework.ReflectiveMethodInvocation.proceed(ReflectiveMethodInvocation.java:184)
	at org.springframework.data.projection.DefaultMethodInvokingMethodInterceptor.invoke(DefaultMethodInvokingMethodInterceptor.java:70)
	at org.springframework.aop.framework.ReflectiveMethodInvocation.proceed(ReflectiveMethodInvocation.java:184)
	at org.springframework.transaction.interceptor.TransactionInterceptor$1.proceedWithInvocation(TransactionInterceptor.java:123)
	at org.springframework.transaction.interceptor.TransactionAspectSupport.invokeWithinTransaction(TransactionAspectSupport.java:385)
	at org.springframework.transaction.interceptor.TransactionInterceptor.invoke(TransactionInterceptor.java:119)
	at org.springframework.aop.framework.ReflectiveMethodInvocation.proceed(ReflectiveMethodInvocation.java:184)
	at org.springframework.dao.support.PersistenceExceptionTranslationInterceptor.invoke(PersistenceExceptionTranslationInterceptor.java:137)
	... 107 common frames omitted
Caused by: java.sql.SQLSyntaxErrorException: Table 'qltv.thong_bao' doesn't exist
	at com.mysql.cj.jdbc.exceptions.SQLError.createSQLException(SQLError.java:121)
	at com.mysql.cj.jdbc.exceptions.SQLExceptionsMapping.translateException(SQLExceptionsMapping.java:122)
	at com.mysql.cj.jdbc.ClientPreparedStatement.executeInternal(ClientPreparedStatement.java:912)
	at com.mysql.cj.jdbc.ClientPreparedStatement.executeQuery(ClientPreparedStatement.java:968)
	at com.zaxxer.hikari.pool.ProxyPreparedStatement.executeQuery(ProxyPreparedStatement.java:52)
	at com.zaxxer.hikari.pool.HikariProxyPreparedStatement.executeQuery(HikariProxyPreparedStatement.java)
	at org.hibernate.sql.results.jdbc.internal.DeferredResultSetAccess.executeQuery(DeferredResultSetAccess.java:246)
	... 140 common frames omitted
2026-04-20 21:47:42 [http-nio-8080-exec-8] WARN  o.s.w.s.m.m.a.ExceptionHandlerExceptionResolver - Resolved [org.springframework.dao.InvalidDataAccessResourceUsageException: JDBC exception executing SQL [select count(tb1_0.id) from thong_bao tb1_0 where tb1_0.tai_khoan_id=? and not(tb1_0.da_doc)] [Table 'qltv.thong_bao' doesn't exist] [n/a]; SQL [n/a]]
2026-04-20 21:47:42 [http-nio-8080-exec-8] DEBUG o.s.web.servlet.DispatcherServlet - Using resolved error view: ModelAndView [view="redirect:http://localhost:8080/login"; model={}]
2026-04-20 21:47:42 [http-nio-8080-exec-8] DEBUG o.s.web.servlet.view.RedirectView - View name 'redirect:', model {}
2026-04-20 21:47:42 [http-nio-8080-exec-8] DEBUG o.s.web.servlet.DispatcherServlet - Completed 302 FOUND
2026-04-20 21:47:42 [http-nio-8080-exec-6] DEBUG o.s.security.web.FilterChainProxy - Securing GET /login
2026-04-20 21:47:42 [http-nio-8080-exec-6] DEBUG o.s.security.web.FilterChainProxy - Secured GET /login
2026-04-20 21:47:42 [http-nio-8080-exec-6] DEBUG o.s.web.servlet.DispatcherServlet - GET "/login", parameters={}
2026-04-20 21:47:42 [http-nio-8080-exec-6] DEBUG o.s.w.s.m.m.a.RequestMappingHandlerMapping - Mapped to com.example.library.controller.AuthController#loginPage(String, String, String, String, Model)
2026-04-20 21:47:42 [http-nio-8080-exec-6] DEBUG o.s.s.w.c.HttpSessionSecurityContextRepository - Retrieved SecurityContextImpl [Authentication=UsernamePasswordAuthenticationToken [Principal=org.springframework.security.core.userdetails.User [Username=Tanphong, Password=[PROTECTED], Enabled=true, AccountNonExpired=true, CredentialsNonExpired=true, AccountNonLocked=true, Granted Authorities=[ROLE_KHACHHANG]], Credentials=[PROTECTED], Authenticated=true, Details=WebAuthenticationDetails [RemoteIpAddress=0:0:0:0:0:0:0:1, SessionId=null], Granted Authorities=[ROLE_KHACHHANG]]]
2026-04-20 21:47:42 [http-nio-8080-exec-6] DEBUG org.hibernate.SQL - 
    select
        tk1_0.matk,
        tk1_0.avatar,
        tk1_0.diachi,
        tk1_0.email,
        tk1_0.hoten,
        tk1_0.ngaytao,
        tk1_0.password,
        tk1_0.quyen,
        tk1_0.reset_token,
        tk1_0.sodienthoai,
        tk1_0.trangthai,
        tk1_0.username 
    from
        taikhoan tk1_0 
    where
        tk1_0.username=?
2026-04-20 21:47:42 [http-nio-8080-exec-6] DEBUG org.hibernate.SQL - 
    select
        count(tb1_0.id) 
    from
        thong_bao tb1_0 
    where
        tb1_0.tai_khoan_id=? 
        and not(tb1_0.da_doc)
2026-04-20 21:47:42 [http-nio-8080-exec-6] WARN  o.h.e.jdbc.spi.SqlExceptionHelper - SQL Error: 1146, SQLState: 42S02
2026-04-20 21:47:42 [http-nio-8080-exec-6] ERROR o.h.e.jdbc.spi.SqlExceptionHelper - Table 'qltv.thong_bao' doesn't exist
2026-04-20 21:47:42 [http-nio-8080-exec-6] DEBUG o.s.w.s.m.m.a.ExceptionHandlerExceptionResolver - Using @ExceptionHandler com.example.library.exception.GlobalExceptionHandler#handleGeneralException(Exception, HttpServletRequest, RedirectAttributes)
2026-04-20 21:47:42 [http-nio-8080-exec-6] ERROR c.e.l.e.GlobalExceptionHandler - Lỗi không lường trước xảy ra tại URL: http://localhost:8080/login. Chi tiết: 
org.springframework.dao.InvalidDataAccessResourceUsageException: JDBC exception executing SQL [select count(tb1_0.id) from thong_bao tb1_0 where tb1_0.tai_khoan_id=? and not(tb1_0.da_doc)] [Table 'qltv.thong_bao' doesn't exist] [n/a]; SQL [n/a]
	at org.springframework.orm.jpa.vendor.HibernateJpaDialect.convertHibernateAccessException(HibernateJpaDialect.java:277)
	at org.springframework.orm.jpa.vendor.HibernateJpaDialect.translateExceptionIfPossible(HibernateJpaDialect.java:241)
	at org.springframework.orm.jpa.AbstractEntityManagerFactoryBean.translateExceptionIfPossible(AbstractEntityManagerFactoryBean.java:550)
	at org.springframework.dao.support.ChainedPersistenceExceptionTranslator.translateExceptionIfPossible(ChainedPersistenceExceptionTranslator.java:61)
	at org.springframework.dao.support.DataAccessUtils.translateIfNecessary(DataAccessUtils.java:335)
	at org.springframework.dao.support.PersistenceExceptionTranslationInterceptor.invoke(PersistenceExceptionTranslationInterceptor.java:152)
	at org.springframework.aop.framework.ReflectiveMethodInvocation.proceed(ReflectiveMethodInvocation.java:184)
	at org.springframework.data.jpa.repository.support.CrudMethodMetadataPostProcessor$CrudMethodMetadataPopulatingMethodInterceptor.invoke(CrudMethodMetadataPostProcessor.java:135)
	at org.springframework.aop.framework.ReflectiveMethodInvocation.proceed(ReflectiveMethodInvocation.java:184)
	at org.springframework.aop.interceptor.ExposeInvocationInterceptor.invoke(ExposeInvocationInterceptor.java:97)
	at org.springframework.aop.framework.ReflectiveMethodInvocation.proceed(ReflectiveMethodInvocation.java:184)
	at org.springframework.aop.framework.JdkDynamicAopProxy.invoke(JdkDynamicAopProxy.java:220)
	at jdk.proxy4/jdk.proxy4.$Proxy138.countByTaiKhoanIdAndDaDocFalse(Unknown Source)
	at com.example.library.service.NotificationService.getUnreadCount(NotificationService.java:70)
	at com.example.library.controller.GlobalControllerAdvice.lambda$getUnreadCount$0(GlobalControllerAdvice.java:27)
	at java.base/java.util.Optional.map(Optional.java:260)
	at com.example.library.controller.GlobalControllerAdvice.getUnreadCount(GlobalControllerAdvice.java:27)
	at java.base/jdk.internal.reflect.DirectMethodHandleAccessor.invoke(DirectMethodHandleAccessor.java:103)
	at java.base/java.lang.reflect.Method.invoke(Method.java:580)
	at org.springframework.web.method.support.InvocableHandlerMethod.doInvoke(InvocableHandlerMethod.java:261)
	at org.springframework.web.method.support.InvocableHandlerMethod.invokeForRequest(InvocableHandlerMethod.java:189)
	at org.springframework.web.method.annotation.ModelFactory.invokeModelAttributeMethods(ModelFactory.java:143)
	at org.springframework.web.method.annotation.ModelFactory.initModel(ModelFactory.java:112)
	at org.springframework.web.servlet.mvc.method.annotation.RequestMappingHandlerAdapter.invokeHandlerMethod(RequestMappingHandlerAdapter.java:894)
	at org.springframework.web.servlet.mvc.method.annotation.RequestMappingHandlerAdapter.handleInternal(RequestMappingHandlerAdapter.java:829)
	at org.springframework.web.servlet.mvc.method.AbstractHandlerMethodAdapter.handle(AbstractHandlerMethodAdapter.java:87)
	at org.springframework.web.servlet.DispatcherServlet.doDispatch(DispatcherServlet.java:1089)
	at org.springframework.web.servlet.DispatcherServlet.doService(DispatcherServlet.java:979)
	at org.springframework.web.servlet.FrameworkServlet.processRequest(FrameworkServlet.java:1014)
	at org.springframework.web.servlet.FrameworkServlet.doGet(FrameworkServlet.java:903)
	at jakarta.servlet.http.HttpServlet.service(HttpServlet.java:564)
	at org.springframework.web.servlet.FrameworkServlet.service(FrameworkServlet.java:885)
	at jakarta.servlet.http.HttpServlet.service(HttpServlet.java:658)
	at org.apache.catalina.core.ApplicationFilterChain.internalDoFilter(ApplicationFilterChain.java:205)
	at org.apache.catalina.core.ApplicationFilterChain.doFilter(ApplicationFilterChain.java:149)
	at org.apache.tomcat.websocket.server.WsFilter.doFilter(WsFilter.java:51)
	at org.apache.catalina.core.ApplicationFilterChain.internalDoFilter(ApplicationFilterChain.java:174)
	at org.apache.catalina.core.ApplicationFilterChain.doFilter(ApplicationFilterChain.java:149)
	at org.springframework.web.filter.CompositeFilter$VirtualFilterChain.doFilter(CompositeFilter.java:108)
	at org.springframework.security.web.FilterChainProxy.lambda$doFilterInternal$3(FilterChainProxy.java:231)
	at org.springframework.security.web.FilterChainProxy$VirtualFilterChain.doFilter(FilterChainProxy.java:365)
	at org.springframework.security.web.access.intercept.AuthorizationFilter.doFilter(AuthorizationFilter.java:100)
	at org.springframework.security.web.FilterChainProxy$VirtualFilterChain.doFilter(FilterChainProxy.java:374)
	at org.springframework.security.web.access.ExceptionTranslationFilter.doFilter(ExceptionTranslationFilter.java:126)
	at org.springframework.security.web.access.ExceptionTranslationFilter.doFilter(ExceptionTranslationFilter.java:120)
	at org.springframework.security.web.FilterChainProxy$VirtualFilterChain.doFilter(FilterChainProxy.java:374)
	at org.springframework.security.web.authentication.AnonymousAuthenticationFilter.doFilter(AnonymousAuthenticationFilter.java:100)
	at org.springframework.security.web.FilterChainProxy$VirtualFilterChain.doFilter(FilterChainProxy.java:374)
	at org.springframework.security.web.servletapi.SecurityContextHolderAwareRequestFilter.doFilter(SecurityContextHolderAwareRequestFilter.java:179)
	at org.springframework.security.web.FilterChainProxy$VirtualFilterChain.doFilter(FilterChainProxy.java:374)
	at org.springframework.security.web.savedrequest.RequestCacheAwareFilter.doFilter(RequestCacheAwareFilter.java:63)
	at org.springframework.security.web.FilterChainProxy$VirtualFilterChain.doFilter(FilterChainProxy.java:374)
	at org.springframework.security.web.authentication.AbstractAuthenticationProcessingFilter.doFilter(AbstractAuthenticationProcessingFilter.java:227)
	at org.springframework.security.web.authentication.AbstractAuthenticationProcessingFilter.doFilter(AbstractAuthenticationProcessingFilter.java:221)
	at org.springframework.security.web.FilterChainProxy$VirtualFilterChain.doFilter(FilterChainProxy.java:374)
	at org.springframework.security.web.authentication.logout.LogoutFilter.doFilter(LogoutFilter.java:107)
	at org.springframework.security.web.authentication.logout.LogoutFilter.doFilter(LogoutFilter.java:93)
	at org.springframework.security.web.FilterChainProxy$VirtualFilterChain.doFilter(FilterChainProxy.java:374)
	at org.springframework.web.filter.CorsFilter.doFilterInternal(CorsFilter.java:91)
	at org.springframework.web.filter.OncePerRequestFilter.doFilter(OncePerRequestFilter.java:116)
	at org.springframework.security.web.FilterChainProxy$VirtualFilterChain.doFilter(FilterChainProxy.java:374)
	at org.springframework.security.web.header.HeaderWriterFilter.doHeadersAfter(HeaderWriterFilter.java:90)
	at org.springframework.security.web.header.HeaderWriterFilter.doFilterInternal(HeaderWriterFilter.java:75)
	at org.springframework.web.filter.OncePerRequestFilter.doFilter(OncePerRequestFilter.java:116)
	at org.springframework.security.web.FilterChainProxy$VirtualFilterChain.doFilter(FilterChainProxy.java:374)
	at org.springframework.security.web.context.SecurityContextHolderFilter.doFilter(SecurityContextHolderFilter.java:82)
	at org.springframework.security.web.context.SecurityContextHolderFilter.doFilter(SecurityContextHolderFilter.java:69)
	at org.springframework.security.web.FilterChainProxy$VirtualFilterChain.doFilter(FilterChainProxy.java:374)
	at org.springframework.security.web.context.request.async.WebAsyncManagerIntegrationFilter.doFilterInternal(WebAsyncManagerIntegrationFilter.java:62)
	at org.springframework.web.filter.OncePerRequestFilter.doFilter(OncePerRequestFilter.java:116)
	at org.springframework.security.web.FilterChainProxy$VirtualFilterChain.doFilter(FilterChainProxy.java:374)
	at org.springframework.security.web.session.DisableEncodeUrlFilter.doFilterInternal(DisableEncodeUrlFilter.java:42)
	at org.springframework.web.filter.OncePerRequestFilter.doFilter(OncePerRequestFilter.java:116)
	at org.springframework.security.web.FilterChainProxy$VirtualFilterChain.doFilter(FilterChainProxy.java:374)
	at org.springframework.security.web.FilterChainProxy.doFilterInternal(FilterChainProxy.java:233)
	at org.springframework.security.web.FilterChainProxy.doFilter(FilterChainProxy.java:191)
	at org.springframework.web.filter.CompositeFilter$VirtualFilterChain.doFilter(CompositeFilter.java:113)
	at org.springframework.web.servlet.handler.HandlerMappingIntrospector.lambda$createCacheFilter$3(HandlerMappingIntrospector.java:195)
	at org.springframework.web.filter.CompositeFilter$VirtualFilterChain.doFilter(CompositeFilter.java:113)
	at org.springframework.web.filter.CompositeFilter.doFilter(CompositeFilter.java:74)
	at org.springframework.security.config.annotation.web.configuration.WebMvcSecurityConfiguration$CompositeFilterChainProxy.doFilter(WebMvcSecurityConfiguration.java:225)
	at org.springframework.web.filter.DelegatingFilterProxy.invokeDelegate(DelegatingFilterProxy.java:352)
	at org.springframework.web.filter.DelegatingFilterProxy.doFilter(DelegatingFilterProxy.java:268)
	at org.apache.catalina.core.ApplicationFilterChain.internalDoFilter(ApplicationFilterChain.java:174)
	at org.apache.catalina.core.ApplicationFilterChain.doFilter(ApplicationFilterChain.java:149)
	at org.springframework.web.filter.RequestContextFilter.doFilterInternal(RequestContextFilter.java:100)
	at org.springframework.web.filter.OncePerRequestFilter.doFilter(OncePerRequestFilter.java:116)
	at org.apache.catalina.core.ApplicationFilterChain.internalDoFilter(ApplicationFilterChain.java:174)
	at org.apache.catalina.core.ApplicationFilterChain.doFilter(ApplicationFilterChain.java:149)
	at org.springframework.web.filter.FormContentFilter.doFilterInternal(FormContentFilter.java:93)
	at org.springframework.web.filter.OncePerRequestFilter.doFilter(OncePerRequestFilter.java:116)
	at org.apache.catalina.core.ApplicationFilterChain.internalDoFilter(ApplicationFilterChain.java:174)
	at org.apache.catalina.core.ApplicationFilterChain.doFilter(ApplicationFilterChain.java:149)
	at org.springframework.web.filter.CharacterEncodingFilter.doFilterInternal(CharacterEncodingFilter.java:201)
	at org.springframework.web.filter.OncePerRequestFilter.doFilter(OncePerRequestFilter.java:116)
	at org.apache.catalina.core.ApplicationFilterChain.internalDoFilter(ApplicationFilterChain.java:174)
	at org.apache.catalina.core.ApplicationFilterChain.doFilter(ApplicationFilterChain.java:149)
	at org.apache.catalina.core.StandardWrapperValve.invoke(StandardWrapperValve.java:167)
	at org.apache.catalina.core.StandardContextValve.invoke(StandardContextValve.java:90)
	at org.apache.catalina.authenticator.AuthenticatorBase.invoke(AuthenticatorBase.java:482)
	at org.apache.catalina.core.StandardHostValve.invoke(StandardHostValve.java:115)
	at org.apache.catalina.valves.ErrorReportValve.invoke(ErrorReportValve.java:93)
	at org.apache.catalina.core.StandardEngineValve.invoke(StandardEngineValve.java:74)
	at org.apache.catalina.connector.CoyoteAdapter.service(CoyoteAdapter.java:340)
	at org.apache.coyote.http11.Http11Processor.service(Http11Processor.java:391)
	at org.apache.coyote.AbstractProcessorLight.process(AbstractProcessorLight.java:63)
	at org.apache.coyote.AbstractProtocol$ConnectionHandler.process(AbstractProtocol.java:896)
	at org.apache.tomcat.util.net.NioEndpoint$SocketProcessor.doRun(NioEndpoint.java:1744)
	at org.apache.tomcat.util.net.SocketProcessorBase.run(SocketProcessorBase.java:52)
	at org.apache.tomcat.util.threads.ThreadPoolExecutor.runWorker(ThreadPoolExecutor.java:1191)
	at org.apache.tomcat.util.threads.ThreadPoolExecutor$Worker.run(ThreadPoolExecutor.java:659)
	at org.apache.tomcat.util.threads.TaskThread$WrappingRunnable.run(TaskThread.java:61)
	at java.base/java.lang.Thread.run(Thread.java:1570)
Caused by: org.hibernate.exception.SQLGrammarException: JDBC exception executing SQL [select count(tb1_0.id) from thong_bao tb1_0 where tb1_0.tai_khoan_id=? and not(tb1_0.da_doc)] [Table 'qltv.thong_bao' doesn't exist] [n/a]
	at org.hibernate.exception.internal.SQLExceptionTypeDelegate.convert(SQLExceptionTypeDelegate.java:66)
	at org.hibernate.exception.internal.StandardSQLExceptionConverter.convert(StandardSQLExceptionConverter.java:58)
	at org.hibernate.engine.jdbc.spi.SqlExceptionHelper.convert(SqlExceptionHelper.java:108)
	at org.hibernate.engine.jdbc.spi.SqlExceptionHelper.convert(SqlExceptionHelper.java:94)
	at org.hibernate.sql.results.jdbc.internal.DeferredResultSetAccess.executeQuery(DeferredResultSetAccess.java:265)
	at org.hibernate.sql.results.jdbc.internal.DeferredResultSetAccess.getResultSet(DeferredResultSetAccess.java:167)
	at org.hibernate.sql.results.jdbc.internal.JdbcValuesResultSetImpl.advanceNext(JdbcValuesResultSetImpl.java:218)
	at org.hibernate.sql.results.jdbc.internal.JdbcValuesResultSetImpl.processNext(JdbcValuesResultSetImpl.java:98)
	at org.hibernate.sql.results.jdbc.internal.AbstractJdbcValues.next(AbstractJdbcValues.java:19)
	at org.hibernate.sql.results.internal.RowProcessingStateStandardImpl.next(RowProcessingStateStandardImpl.java:66)
	at org.hibernate.sql.results.spi.ListResultsConsumer.consume(ListResultsConsumer.java:203)
	at org.hibernate.sql.results.spi.ListResultsConsumer.consume(ListResultsConsumer.java:33)
	at org.hibernate.sql.exec.internal.JdbcSelectExecutorStandardImpl.doExecuteQuery(JdbcSelectExecutorStandardImpl.java:209)
	at org.hibernate.sql.exec.internal.JdbcSelectExecutorStandardImpl.executeQuery(JdbcSelectExecutorStandardImpl.java:83)
	at org.hibernate.sql.exec.spi.JdbcSelectExecutor.list(JdbcSelectExecutor.java:76)
	at org.hibernate.sql.exec.spi.JdbcSelectExecutor.list(JdbcSelectExecutor.java:65)
	at org.hibernate.query.sqm.internal.ConcreteSqmSelectQueryPlan.lambda$new$2(ConcreteSqmSelectQueryPlan.java:137)
	at org.hibernate.query.sqm.internal.ConcreteSqmSelectQueryPlan.withCacheableSqmInterpretation(ConcreteSqmSelectQueryPlan.java:359)
	at org.hibernate.query.sqm.internal.ConcreteSqmSelectQueryPlan.performList(ConcreteSqmSelectQueryPlan.java:300)
	at org.hibernate.query.sqm.internal.QuerySqmImpl.doList(QuerySqmImpl.java:509)
	at org.hibernate.query.spi.AbstractSelectionQuery.list(AbstractSelectionQuery.java:427)
	at org.hibernate.query.spi.AbstractSelectionQuery.getSingleResult(AbstractSelectionQuery.java:564)
	at org.springframework.data.jpa.repository.query.JpaQueryExecution$SingleEntityExecution.doExecute(JpaQueryExecution.java:223)
	at org.springframework.data.jpa.repository.query.JpaQueryExecution.execute(JpaQueryExecution.java:92)
	at org.springframework.data.jpa.repository.query.AbstractJpaQuery.doExecute(AbstractJpaQuery.java:149)
	at org.springframework.data.jpa.repository.query.AbstractJpaQuery.execute(AbstractJpaQuery.java:137)
	at org.springframework.data.repository.core.support.RepositoryMethodInvoker.doInvoke(RepositoryMethodInvoker.java:170)
	at org.springframework.data.repository.core.support.RepositoryMethodInvoker.invoke(RepositoryMethodInvoker.java:158)
	at org.springframework.data.repository.core.support.QueryExecutorMethodInterceptor.doInvoke(QueryExecutorMethodInterceptor.java:164)
	at org.springframework.data.repository.core.support.QueryExecutorMethodInterceptor.invoke(QueryExecutorMethodInterceptor.java:143)
	at org.springframework.aop.framework.ReflectiveMethodInvocation.proceed(ReflectiveMethodInvocation.java:184)
	at org.springframework.data.projection.DefaultMethodInvokingMethodInterceptor.invoke(DefaultMethodInvokingMethodInterceptor.java:70)
	at org.springframework.aop.framework.ReflectiveMethodInvocation.proceed(ReflectiveMethodInvocation.java:184)
	at org.springframework.transaction.interceptor.TransactionInterceptor$1.proceedWithInvocation(TransactionInterceptor.java:123)
	at org.springframework.transaction.interceptor.TransactionAspectSupport.invokeWithinTransaction(TransactionAspectSupport.java:385)
	at org.springframework.transaction.interceptor.TransactionInterceptor.invoke(TransactionInterceptor.java:119)
	at org.springframework.aop.framework.ReflectiveMethodInvocation.proceed(ReflectiveMethodInvocation.java:184)
	at org.springframework.dao.support.PersistenceExceptionTranslationInterceptor.invoke(PersistenceExceptionTranslationInterceptor.java:137)
	... 107 common frames omitted
Caused by: java.sql.SQLSyntaxErrorException: Table 'qltv.thong_bao' doesn't exist
	at com.mysql.cj.jdbc.exceptions.SQLError.createSQLException(SQLError.java:121)
	at com.mysql.cj.jdbc.exceptions.SQLExceptionsMapping.translateException(SQLExceptionsMapping.java:122)
	at com.mysql.cj.jdbc.ClientPreparedStatement.executeInternal(ClientPreparedStatement.java:912)
	at com.mysql.cj.jdbc.ClientPreparedStatement.executeQuery(ClientPreparedStatement.java:968)
	at com.zaxxer.hikari.pool.ProxyPreparedStatement.executeQuery(ProxyPreparedStatement.java:52)
	at com.zaxxer.hikari.pool.HikariProxyPreparedStatement.executeQuery(HikariProxyPreparedStatement.java)
	at org.hibernate.sql.results.jdbc.internal.DeferredResultSetAccess.executeQuery(DeferredResultSetAccess.java:246)
	... 140 common frames omitted
2026-04-20 21:47:42 [http-nio-8080-exec-6] WARN  o.s.w.s.m.m.a.ExceptionHandlerExceptionResolver - Resolved [org.springframework.dao.InvalidDataAccessResourceUsageException: JDBC exception executing SQL [select count(tb1_0.id) from thong_bao tb1_0 where tb1_0.tai_khoan_id=? and not(tb1_0.da_doc)] [Table 'qltv.thong_bao' doesn't exist] [n/a]; SQL [n/a]]
2026-04-20 21:47:42 [http-nio-8080-exec-6] DEBUG o.s.web.servlet.DispatcherServlet - Using resolved error view: ModelAndView [view="redirect:http://localhost:8080/login"; model={}]
2026-04-20 21:47:42 [http-nio-8080-exec-6] DEBUG o.s.web.servlet.view.RedirectView - View name 'redirect:', model {}
2026-04-20 21:47:42 [http-nio-8080-exec-6] DEBUG o.s.web.servlet.DispatcherServlet - Completed 302 FOUND
2026-04-20 21:47:42 [http-nio-8080-exec-10] DEBUG o.s.security.web.FilterChainProxy - Securing GET /login
2026-04-20 21:47:42 [http-nio-8080-exec-10] DEBUG o.s.security.web.FilterChainProxy - Secured GET /login
2026-04-20 21:47:42 [http-nio-8080-exec-10] DEBUG o.s.web.servlet.DispatcherServlet - GET "/login", parameters={}
2026-04-20 21:47:42 [http-nio-8080-exec-10] DEBUG o.s.w.s.m.m.a.RequestMappingHandlerMapping - Mapped to com.example.library.controller.AuthController#loginPage(String, String, String, String, Model)
2026-04-20 21:47:42 [http-nio-8080-exec-10] DEBUG o.s.s.w.c.HttpSessionSecurityContextRepository - Retrieved SecurityContextImpl [Authentication=UsernamePasswordAuthenticationToken [Principal=org.springframework.security.core.userdetails.User [Username=Tanphong, Password=[PROTECTED], Enabled=true, AccountNonExpired=true, CredentialsNonExpired=true, AccountNonLocked=true, Granted Authorities=[ROLE_KHACHHANG]], Credentials=[PROTECTED], Authenticated=true, Details=WebAuthenticationDetails [RemoteIpAddress=0:0:0:0:0:0:0:1, SessionId=null], Granted Authorities=[ROLE_KHACHHANG]]]
2026-04-20 21:47:42 [http-nio-8080-exec-10] DEBUG org.hibernate.SQL - 
    select
        tk1_0.matk,
        tk1_0.avatar,
        tk1_0.diachi,
        tk1_0.email,
        tk1_0.hoten,
        tk1_0.ngaytao,
        tk1_0.password,
        tk1_0.quyen,
        tk1_0.reset_token,
        tk1_0.sodienthoai,
        tk1_0.trangthai,
        tk1_0.username 
    from
        taikhoan tk1_0 
    where
        tk1_0.username=?
2026-04-20 21:47:42 [http-nio-8080-exec-10] DEBUG org.hibernate.SQL - 
    select
        count(tb1_0.id) 
    from
        thong_bao tb1_0 
    where
        tb1_0.tai_khoan_id=? 
        and not(tb1_0.da_doc)
2026-04-20 21:47:42 [http-nio-8080-exec-10] WARN  o.h.e.jdbc.spi.SqlExceptionHelper - SQL Error: 1146, SQLState: 42S02
2026-04-20 21:47:42 [http-nio-8080-exec-10] ERROR o.h.e.jdbc.spi.SqlExceptionHelper - Table 'qltv.thong_bao' doesn't exist
2026-04-20 21:47:42 [http-nio-8080-exec-10] DEBUG o.s.w.s.m.m.a.ExceptionHandlerExceptionResolver - Using @ExceptionHandler com.example.library.exception.GlobalExceptionHandler#handleGeneralException(Exception, HttpServletRequest, RedirectAttributes)
2026-04-20 21:47:42 [http-nio-8080-exec-10] ERROR c.e.l.e.GlobalExceptionHandler - Lỗi không lường trước xảy ra tại URL: http://localhost:8080/login. Chi tiết: 
org.springframework.dao.InvalidDataAccessResourceUsageException: JDBC exception executing SQL [select count(tb1_0.id) from thong_bao tb1_0 where tb1_0.tai_khoan_id=? and not(tb1_0.da_doc)] [Table 'qltv.thong_bao' doesn't exist] [n/a]; SQL [n/a]
	at org.springframework.orm.jpa.vendor.HibernateJpaDialect.convertHibernateAccessException(HibernateJpaDialect.java:277)
	at org.springframework.orm.jpa.vendor.HibernateJpaDialect.translateExceptionIfPossible(HibernateJpaDialect.java:241)
	at org.springframework.orm.jpa.AbstractEntityManagerFactoryBean.translateExceptionIfPossible(AbstractEntityManagerFactoryBean.java:550)
	at org.springframework.dao.support.ChainedPersistenceExceptionTranslator.translateExceptionIfPossible(ChainedPersistenceExceptionTranslator.java:61)
	at org.springframework.dao.support.DataAccessUtils.translateIfNecessary(DataAccessUtils.java:335)
	at org.springframework.dao.support.PersistenceExceptionTranslationInterceptor.invoke(PersistenceExceptionTranslationInterceptor.java:152)
	at org.springframework.aop.framework.ReflectiveMethodInvocation.proceed(ReflectiveMethodInvocation.java:184)
	at org.springframework.data.jpa.repository.support.CrudMethodMetadataPostProcessor$CrudMethodMetadataPopulatingMethodInterceptor.invoke(CrudMethodMetadataPostProcessor.java:135)
	at org.springframework.aop.framework.ReflectiveMethodInvocation.proceed(ReflectiveMethodInvocation.java:184)
	at org.springframework.aop.interceptor.ExposeInvocationInterceptor.invoke(ExposeInvocationInterceptor.java:97)
	at org.springframework.aop.framework.ReflectiveMethodInvocation.proceed(ReflectiveMethodInvocation.java:184)
	at org.springframework.aop.framework.JdkDynamicAopProxy.invoke(JdkDynamicAopProxy.java:220)
	at jdk.proxy4/jdk.proxy4.$Proxy138.countByTaiKhoanIdAndDaDocFalse(Unknown Source)
	at com.example.library.service.NotificationService.getUnreadCount(NotificationService.java:70)
	at com.example.library.controller.GlobalControllerAdvice.lambda$getUnreadCount$0(GlobalControllerAdvice.java:27)
	at java.base/java.util.Optional.map(Optional.java:260)
	at com.example.library.controller.GlobalControllerAdvice.getUnreadCount(GlobalControllerAdvice.java:27)
	at java.base/jdk.internal.reflect.DirectMethodHandleAccessor.invoke(DirectMethodHandleAccessor.java:103)
	at java.base/java.lang.reflect.Method.invoke(Method.java:580)
	at org.springframework.web.method.support.InvocableHandlerMethod.doInvoke(InvocableHandlerMethod.java:261)
	at org.springframework.web.method.support.InvocableHandlerMethod.invokeForRequest(InvocableHandlerMethod.java:189)
	at org.springframework.web.method.annotation.ModelFactory.invokeModelAttributeMethods(ModelFactory.java:143)
	at org.springframework.web.method.annotation.ModelFactory.initModel(ModelFactory.java:112)
	at org.springframework.web.servlet.mvc.method.annotation.RequestMappingHandlerAdapter.invokeHandlerMethod(RequestMappingHandlerAdapter.java:894)
	at org.springframework.web.servlet.mvc.method.annotation.RequestMappingHandlerAdapter.handleInternal(RequestMappingHandlerAdapter.java:829)
	at org.springframework.web.servlet.mvc.method.AbstractHandlerMethodAdapter.handle(AbstractHandlerMethodAdapter.java:87)
	at org.springframework.web.servlet.DispatcherServlet.doDispatch(DispatcherServlet.java:1089)
	at org.springframework.web.servlet.DispatcherServlet.doService(DispatcherServlet.java:979)
	at org.springframework.web.servlet.FrameworkServlet.processRequest(FrameworkServlet.java:1014)
	at org.springframework.web.servlet.FrameworkServlet.doGet(FrameworkServlet.java:903)
	at jakarta.servlet.http.HttpServlet.service(HttpServlet.java:564)
	at org.springframework.web.servlet.FrameworkServlet.service(FrameworkServlet.java:885)
	at jakarta.servlet.http.HttpServlet.service(HttpServlet.java:658)
	at org.apache.catalina.core.ApplicationFilterChain.internalDoFilter(ApplicationFilterChain.java:205)
	at org.apache.catalina.core.ApplicationFilterChain.doFilter(ApplicationFilterChain.java:149)
	at org.apache.tomcat.websocket.server.WsFilter.doFilter(WsFilter.java:51)
	at org.apache.catalina.core.ApplicationFilterChain.internalDoFilter(ApplicationFilterChain.java:174)
	at org.apache.catalina.core.ApplicationFilterChain.doFilter(ApplicationFilterChain.java:149)
	at org.springframework.web.filter.CompositeFilter$VirtualFilterChain.doFilter(CompositeFilter.java:108)
	at org.springframework.security.web.FilterChainProxy.lambda$doFilterInternal$3(FilterChainProxy.java:231)
	at org.springframework.security.web.FilterChainProxy$VirtualFilterChain.doFilter(FilterChainProxy.java:365)
	at org.springframework.security.web.access.intercept.AuthorizationFilter.doFilter(AuthorizationFilter.java:100)
	at org.springframework.security.web.FilterChainProxy$VirtualFilterChain.doFilter(FilterChainProxy.java:374)
	at org.springframework.security.web.access.ExceptionTranslationFilter.doFilter(ExceptionTranslationFilter.java:126)
	at org.springframework.security.web.access.ExceptionTranslationFilter.doFilter(ExceptionTranslationFilter.java:120)
	at org.springframework.security.web.FilterChainProxy$VirtualFilterChain.doFilter(FilterChainProxy.java:374)
	at org.springframework.security.web.authentication.AnonymousAuthenticationFilter.doFilter(AnonymousAuthenticationFilter.java:100)
	at org.springframework.security.web.FilterChainProxy$VirtualFilterChain.doFilter(FilterChainProxy.java:374)
	at org.springframework.security.web.servletapi.SecurityContextHolderAwareRequestFilter.doFilter(SecurityContextHolderAwareRequestFilter.java:179)
	at org.springframework.security.web.FilterChainProxy$VirtualFilterChain.doFilter(FilterChainProxy.java:374)
	at org.springframework.security.web.savedrequest.RequestCacheAwareFilter.doFilter(RequestCacheAwareFilter.java:63)
	at org.springframework.security.web.FilterChainProxy$VirtualFilterChain.doFilter(FilterChainProxy.java:374)
	at org.springframework.security.web.authentication.AbstractAuthenticationProcessingFilter.doFilter(AbstractAuthenticationProcessingFilter.java:227)
	at org.springframework.security.web.authentication.AbstractAuthenticationProcessingFilter.doFilter(AbstractAuthenticationProcessingFilter.java:221)
	at org.springframework.security.web.FilterChainProxy$VirtualFilterChain.doFilter(FilterChainProxy.java:374)
	at org.springframework.security.web.authentication.logout.LogoutFilter.doFilter(LogoutFilter.java:107)
	at org.springframework.security.web.authentication.logout.LogoutFilter.doFilter(LogoutFilter.java:93)
	at org.springframework.security.web.FilterChainProxy$VirtualFilterChain.doFilter(FilterChainProxy.java:374)
	at org.springframework.web.filter.CorsFilter.doFilterInternal(CorsFilter.java:91)
	at org.springframework.web.filter.OncePerRequestFilter.doFilter(OncePerRequestFilter.java:116)
	at org.springframework.security.web.FilterChainProxy$VirtualFilterChain.doFilter(FilterChainProxy.java:374)
	at org.springframework.security.web.header.HeaderWriterFilter.doHeadersAfter(HeaderWriterFilter.java:90)
	at org.springframework.security.web.header.HeaderWriterFilter.doFilterInternal(HeaderWriterFilter.java:75)
	at org.springframework.web.filter.OncePerRequestFilter.doFilter(OncePerRequestFilter.java:116)
	at org.springframework.security.web.FilterChainProxy$VirtualFilterChain.doFilter(FilterChainProxy.java:374)
	at org.springframework.security.web.context.SecurityContextHolderFilter.doFilter(SecurityContextHolderFilter.java:82)
	at org.springframework.security.web.context.SecurityContextHolderFilter.doFilter(SecurityContextHolderFilter.java:69)
	at org.springframework.security.web.FilterChainProxy$VirtualFilterChain.doFilter(FilterChainProxy.java:374)
	at org.springframework.security.web.context.request.async.WebAsyncManagerIntegrationFilter.doFilterInternal(WebAsyncManagerIntegrationFilter.java:62)
	at org.springframework.web.filter.OncePerRequestFilter.doFilter(OncePerRequestFilter.java:116)
	at org.springframework.security.web.FilterChainProxy$VirtualFilterChain.doFilter(FilterChainProxy.java:374)
	at org.springframework.security.web.session.DisableEncodeUrlFilter.doFilterInternal(DisableEncodeUrlFilter.java:42)
	at org.springframework.web.filter.OncePerRequestFilter.doFilter(OncePerRequestFilter.java:116)
	at org.springframework.security.web.FilterChainProxy$VirtualFilterChain.doFilter(FilterChainProxy.java:374)
	at org.springframework.security.web.FilterChainProxy.doFilterInternal(FilterChainProxy.java:233)
	at org.springframework.security.web.FilterChainProxy.doFilter(FilterChainProxy.java:191)
	at org.springframework.web.filter.CompositeFilter$VirtualFilterChain.doFilter(CompositeFilter.java:113)
	at org.springframework.web.servlet.handler.HandlerMappingIntrospector.lambda$createCacheFilter$3(HandlerMappingIntrospector.java:195)
	at org.springframework.web.filter.CompositeFilter$VirtualFilterChain.doFilter(CompositeFilter.java:113)
	at org.springframework.web.filter.CompositeFilter.doFilter(CompositeFilter.java:74)
	at org.springframework.security.config.annotation.web.configuration.WebMvcSecurityConfiguration$CompositeFilterChainProxy.doFilter(WebMvcSecurityConfiguration.java:225)
	at org.springframework.web.filter.DelegatingFilterProxy.invokeDelegate(DelegatingFilterProxy.java:352)
	at org.springframework.web.filter.DelegatingFilterProxy.doFilter(DelegatingFilterProxy.java:268)
	at org.apache.catalina.core.ApplicationFilterChain.internalDoFilter(ApplicationFilterChain.java:174)
	at org.apache.catalina.core.ApplicationFilterChain.doFilter(ApplicationFilterChain.java:149)
	at org.springframework.web.filter.RequestContextFilter.doFilterInternal(RequestContextFilter.java:100)
	at org.springframework.web.filter.OncePerRequestFilter.doFilter(OncePerRequestFilter.java:116)
	at org.apache.catalina.core.ApplicationFilterChain.internalDoFilter(ApplicationFilterChain.java:174)
	at org.apache.catalina.core.ApplicationFilterChain.doFilter(ApplicationFilterChain.java:149)
	at org.springframework.web.filter.FormContentFilter.doFilterInternal(FormContentFilter.java:93)
	at org.springframework.web.filter.OncePerRequestFilter.doFilter(OncePerRequestFilter.java:116)
	at org.apache.catalina.core.ApplicationFilterChain.internalDoFilter(ApplicationFilterChain.java:174)
	at org.apache.catalina.core.ApplicationFilterChain.doFilter(ApplicationFilterChain.java:149)
	at org.springframework.web.filter.CharacterEncodingFilter.doFilterInternal(CharacterEncodingFilter.java:201)
	at org.springframework.web.filter.OncePerRequestFilter.doFilter(OncePerRequestFilter.java:116)
	at org.apache.catalina.core.ApplicationFilterChain.internalDoFilter(ApplicationFilterChain.java:174)
	at org.apache.catalina.core.ApplicationFilterChain.doFilter(ApplicationFilterChain.java:149)
	at org.apache.catalina.core.StandardWrapperValve.invoke(StandardWrapperValve.java:167)
	at org.apache.catalina.core.StandardContextValve.invoke(StandardContextValve.java:90)
	at org.apache.catalina.authenticator.AuthenticatorBase.invoke(AuthenticatorBase.java:482)
	at org.apache.catalina.core.StandardHostValve.invoke(StandardHostValve.java:115)
	at org.apache.catalina.valves.ErrorReportValve.invoke(ErrorReportValve.java:93)
	at org.apache.catalina.core.StandardEngineValve.invoke(StandardEngineValve.java:74)
	at org.apache.catalina.connector.CoyoteAdapter.service(CoyoteAdapter.java:340)
	at org.apache.coyote.http11.Http11Processor.service(Http11Processor.java:391)
	at org.apache.coyote.AbstractProcessorLight.process(AbstractProcessorLight.java:63)
	at org.apache.coyote.AbstractProtocol$ConnectionHandler.process(AbstractProtocol.java:896)
	at org.apache.tomcat.util.net.NioEndpoint$SocketProcessor.doRun(NioEndpoint.java:1744)
	at org.apache.tomcat.util.net.SocketProcessorBase.run(SocketProcessorBase.java:52)
	at org.apache.tomcat.util.threads.ThreadPoolExecutor.runWorker(ThreadPoolExecutor.java:1191)
	at org.apache.tomcat.util.threads.ThreadPoolExecutor$Worker.run(ThreadPoolExecutor.java:659)
	at org.apache.tomcat.util.threads.TaskThread$WrappingRunnable.run(TaskThread.java:61)
	at java.base/java.lang.Thread.run(Thread.java:1570)
Caused by: org.hibernate.exception.SQLGrammarException: JDBC exception executing SQL [select count(tb1_0.id) from thong_bao tb1_0 where tb1_0.tai_khoan_id=? and not(tb1_0.da_doc)] [Table 'qltv.thong_bao' doesn't exist] [n/a]
	at org.hibernate.exception.internal.SQLExceptionTypeDelegate.convert(SQLExceptionTypeDelegate.java:66)
	at org.hibernate.exception.internal.StandardSQLExceptionConverter.convert(StandardSQLExceptionConverter.java:58)
	at org.hibernate.engine.jdbc.spi.SqlExceptionHelper.convert(SqlExceptionHelper.java:108)
	at org.hibernate.engine.jdbc.spi.SqlExceptionHelper.convert(SqlExceptionHelper.java:94)
	at org.hibernate.sql.results.jdbc.internal.DeferredResultSetAccess.executeQuery(DeferredResultSetAccess.java:265)
	at org.hibernate.sql.results.jdbc.internal.DeferredResultSetAccess.getResultSet(DeferredResultSetAccess.java:167)
	at org.hibernate.sql.results.jdbc.internal.JdbcValuesResultSetImpl.advanceNext(JdbcValuesResultSetImpl.java:218)
	at org.hibernate.sql.results.jdbc.internal.JdbcValuesResultSetImpl.processNext(JdbcValuesResultSetImpl.java:98)
	at org.hibernate.sql.results.jdbc.internal.AbstractJdbcValues.next(AbstractJdbcValues.java:19)
	at org.hibernate.sql.results.internal.RowProcessingStateStandardImpl.next(RowProcessingStateStandardImpl.java:66)
	at org.hibernate.sql.results.spi.ListResultsConsumer.consume(ListResultsConsumer.java:203)
	at org.hibernate.sql.results.spi.ListResultsConsumer.consume(ListResultsConsumer.java:33)
	at org.hibernate.sql.exec.internal.JdbcSelectExecutorStandardImpl.doExecuteQuery(JdbcSelectExecutorStandardImpl.java:209)
	at org.hibernate.sql.exec.internal.JdbcSelectExecutorStandardImpl.executeQuery(JdbcSelectExecutorStandardImpl.java:83)
	at org.hibernate.sql.exec.spi.JdbcSelectExecutor.list(JdbcSelectExecutor.java:76)
	at org.hibernate.sql.exec.spi.JdbcSelectExecutor.list(JdbcSelectExecutor.java:65)
	at org.hibernate.query.sqm.internal.ConcreteSqmSelectQueryPlan.lambda$new$2(ConcreteSqmSelectQueryPlan.java:137)
	at org.hibernate.query.sqm.internal.ConcreteSqmSelectQueryPlan.withCacheableSqmInterpretation(ConcreteSqmSelectQueryPlan.java:359)
	at org.hibernate.query.sqm.internal.ConcreteSqmSelectQueryPlan.performList(ConcreteSqmSelectQueryPlan.java:300)
	at org.hibernate.query.sqm.internal.QuerySqmImpl.doList(QuerySqmImpl.java:509)
	at org.hibernate.query.spi.AbstractSelectionQuery.list(AbstractSelectionQuery.java:427)
	at org.hibernate.query.spi.AbstractSelectionQuery.getSingleResult(AbstractSelectionQuery.java:564)
	at org.springframework.data.jpa.repository.query.JpaQueryExecution$SingleEntityExecution.doExecute(JpaQueryExecution.java:223)
	at org.springframework.data.jpa.repository.query.JpaQueryExecution.execute(JpaQueryExecution.java:92)
	at org.springframework.data.jpa.repository.query.AbstractJpaQuery.doExecute(AbstractJpaQuery.java:149)
	at org.springframework.data.jpa.repository.query.AbstractJpaQuery.execute(AbstractJpaQuery.java:137)
	at org.springframework.data.repository.core.support.RepositoryMethodInvoker.doInvoke(RepositoryMethodInvoker.java:170)
	at org.springframework.data.repository.core.support.RepositoryMethodInvoker.invoke(RepositoryMethodInvoker.java:158)
	at org.springframework.data.repository.core.support.QueryExecutorMethodInterceptor.doInvoke(QueryExecutorMethodInterceptor.java:164)
	at org.springframework.data.repository.core.support.QueryExecutorMethodInterceptor.invoke(QueryExecutorMethodInterceptor.java:143)
	at org.springframework.aop.framework.ReflectiveMethodInvocation.proceed(ReflectiveMethodInvocation.java:184)
	at org.springframework.data.projection.DefaultMethodInvokingMethodInterceptor.invoke(DefaultMethodInvokingMethodInterceptor.java:70)
	at org.springframework.aop.framework.ReflectiveMethodInvocation.proceed(ReflectiveMethodInvocation.java:184)
	at org.springframework.transaction.interceptor.TransactionInterceptor$1.proceedWithInvocation(TransactionInterceptor.java:123)
	at org.springframework.transaction.interceptor.TransactionAspectSupport.invokeWithinTransaction(TransactionAspectSupport.java:385)
	at org.springframework.transaction.interceptor.TransactionInterceptor.invoke(TransactionInterceptor.java:119)
	at org.springframework.aop.framework.ReflectiveMethodInvocation.proceed(ReflectiveMethodInvocation.java:184)
	at org.springframework.dao.support.PersistenceExceptionTranslationInterceptor.invoke(PersistenceExceptionTranslationInterceptor.java:137)
	... 107 common frames omitted
Caused by: java.sql.SQLSyntaxErrorException: Table 'qltv.thong_bao' doesn't exist
	at com.mysql.cj.jdbc.exceptions.SQLError.createSQLException(SQLError.java:121)
	at com.mysql.cj.jdbc.exceptions.SQLExceptionsMapping.translateException(SQLExceptionsMapping.java:122)
	at com.mysql.cj.jdbc.ClientPreparedStatement.executeInternal(ClientPreparedStatement.java:912)
	at com.mysql.cj.jdbc.ClientPreparedStatement.executeQuery(ClientPreparedStatement.java:968)
	at com.zaxxer.hikari.pool.ProxyPreparedStatement.executeQuery(ProxyPreparedStatement.java:52)
	at com.zaxxer.hikari.pool.HikariProxyPreparedStatement.executeQuery(HikariProxyPreparedStatement.java)
	at org.hibernate.sql.results.jdbc.internal.DeferredResultSetAccess.executeQuery(DeferredResultSetAccess.java:246)
	... 140 common frames omitted
2026-04-20 21:47:42 [http-nio-8080-exec-10] WARN  o.s.w.s.m.m.a.ExceptionHandlerExceptionResolver - Resolved [org.springframework.dao.InvalidDataAccessResourceUsageException: JDBC exception executing SQL [select count(tb1_0.id) from thong_bao tb1_0 where tb1_0.tai_khoan_id=? and not(tb1_0.da_doc)] [Table 'qltv.thong_bao' doesn't exist] [n/a]; SQL [n/a]]
2026-04-20 21:47:42 [http-nio-8080-exec-10] DEBUG o.s.web.servlet.DispatcherServlet - Using resolved error view: ModelAndView [view="redirect:http://localhost:8080/login"; model={}]
2026-04-20 21:47:42 [http-nio-8080-exec-10] DEBUG o.s.web.servlet.view.RedirectView - View name 'redirect:', model {}
2026-04-20 21:47:42 [http-nio-8080-exec-10] DEBUG o.s.web.servlet.DispatcherServlet - Completed 302 FOUND
2026-04-20 21:47:42 [http-nio-8080-exec-1] DEBUG o.s.security.web.FilterChainProxy - Securing GET /login
2026-04-20 21:47:42 [http-nio-8080-exec-1] DEBUG o.s.security.web.FilterChainProxy - Secured GET /login
2026-04-20 21:47:42 [http-nio-8080-exec-1] DEBUG o.s.web.servlet.DispatcherServlet - GET "/login", parameters={}
2026-04-20 21:47:42 [http-nio-8080-exec-1] DEBUG o.s.w.s.m.m.a.RequestMappingHandlerMapping - Mapped to com.example.library.controller.AuthController#loginPage(String, String, String, String, Model)
2026-04-20 21:47:42 [http-nio-8080-exec-1] DEBUG o.s.s.w.c.HttpSessionSecurityContextRepository - Retrieved SecurityContextImpl [Authentication=UsernamePasswordAuthenticationToken [Principal=org.springframework.security.core.userdetails.User [Username=Tanphong, Password=[PROTECTED], Enabled=true, AccountNonExpired=true, CredentialsNonExpired=true, AccountNonLocked=true, Granted Authorities=[ROLE_KHACHHANG]], Credentials=[PROTECTED], Authenticated=true, Details=WebAuthenticationDetails [RemoteIpAddress=0:0:0:0:0:0:0:1, SessionId=null], Granted Authorities=[ROLE_KHACHHANG]]]
2026-04-20 21:47:42 [http-nio-8080-exec-1] DEBUG org.hibernate.SQL - 
    select
        tk1_0.matk,
        tk1_0.avatar,
        tk1_0.diachi,
        tk1_0.email,
        tk1_0.hoten,
        tk1_0.ngaytao,
        tk1_0.password,
        tk1_0.quyen,
        tk1_0.reset_token,
        tk1_0.sodienthoai,
        tk1_0.trangthai,
        tk1_0.username 
    from
        taikhoan tk1_0 
    where
        tk1_0.username=?
2026-04-20 21:47:42 [http-nio-8080-exec-1] DEBUG org.hibernate.SQL - 
    select
        count(tb1_0.id) 
    from
        thong_bao tb1_0 
    where
        tb1_0.tai_khoan_id=? 
        and not(tb1_0.da_doc)
2026-04-20 21:47:42 [http-nio-8080-exec-1] WARN  o.h.e.jdbc.spi.SqlExceptionHelper - SQL Error: 1146, SQLState: 42S02
2026-04-20 21:47:42 [http-nio-8080-exec-1] ERROR o.h.e.jdbc.spi.SqlExceptionHelper - Table 'qltv.thong_bao' doesn't exist
2026-04-20 21:47:42 [http-nio-8080-exec-1] DEBUG o.s.w.s.m.m.a.ExceptionHandlerExceptionResolver - Using @ExceptionHandler com.example.library.exception.GlobalExceptionHandler#handleGeneralException(Exception, HttpServletRequest, RedirectAttributes)
2026-04-20 21:47:42 [http-nio-8080-exec-1] ERROR c.e.l.e.GlobalExceptionHandler - Lỗi không lường trước xảy ra tại URL: http://localhost:8080/login. Chi tiết: 
org.springframework.dao.InvalidDataAccessResourceUsageException: JDBC exception executing SQL [select count(tb1_0.id) from thong_bao tb1_0 where tb1_0.tai_khoan_id=? and not(tb1_0.da_doc)] [Table 'qltv.thong_bao' doesn't exist] [n/a]; SQL [n/a]
	at org.springframework.orm.jpa.vendor.HibernateJpaDialect.convertHibernateAccessException(HibernateJpaDialect.java:277)
	at org.springframework.orm.jpa.vendor.HibernateJpaDialect.translateExceptionIfPossible(HibernateJpaDialect.java:241)
	at org.springframework.orm.jpa.AbstractEntityManagerFactoryBean.translateExceptionIfPossible(AbstractEntityManagerFactoryBean.java:550)
	at org.springframework.dao.support.ChainedPersistenceExceptionTranslator.translateExceptionIfPossible(ChainedPersistenceExceptionTranslator.java:61)
	at org.springframework.dao.support.DataAccessUtils.translateIfNecessary(DataAccessUtils.java:335)
	at org.springframework.dao.support.PersistenceExceptionTranslationInterceptor.invoke(PersistenceExceptionTranslationInterceptor.java:152)
	at org.springframework.aop.framework.ReflectiveMethodInvocation.proceed(ReflectiveMethodInvocation.java:184)
	at org.springframework.data.jpa.repository.support.CrudMethodMetadataPostProcessor$CrudMethodMetadataPopulatingMethodInterceptor.invoke(CrudMethodMetadataPostProcessor.java:135)
	at org.springframework.aop.framework.ReflectiveMethodInvocation.proceed(ReflectiveMethodInvocation.java:184)
	at org.springframework.aop.interceptor.ExposeInvocationInterceptor.invoke(ExposeInvocationInterceptor.java:97)
	at org.springframework.aop.framework.ReflectiveMethodInvocation.proceed(ReflectiveMethodInvocation.java:184)
	at org.springframework.aop.framework.JdkDynamicAopProxy.invoke(JdkDynamicAopProxy.java:220)
	at jdk.proxy4/jdk.proxy4.$Proxy138.countByTaiKhoanIdAndDaDocFalse(Unknown Source)
	at com.example.library.service.NotificationService.getUnreadCount(NotificationService.java:70)
	at com.example.library.controller.GlobalControllerAdvice.lambda$getUnreadCount$0(GlobalControllerAdvice.java:27)
	at java.base/java.util.Optional.map(Optional.java:260)
	at com.example.library.controller.GlobalControllerAdvice.getUnreadCount(GlobalControllerAdvice.java:27)
	at java.base/jdk.internal.reflect.DirectMethodHandleAccessor.invoke(DirectMethodHandleAccessor.java:103)
	at java.base/java.lang.reflect.Method.invoke(Method.java:580)
	at org.springframework.web.method.support.InvocableHandlerMethod.doInvoke(InvocableHandlerMethod.java:261)
	at org.springframework.web.method.support.InvocableHandlerMethod.invokeForRequest(InvocableHandlerMethod.java:189)
	at org.springframework.web.method.annotation.ModelFactory.invokeModelAttributeMethods(ModelFactory.java:143)
	at org.springframework.web.method.annotation.ModelFactory.initModel(ModelFactory.java:112)
	at org.springframework.web.servlet.mvc.method.annotation.RequestMappingHandlerAdapter.invokeHandlerMethod(RequestMappingHandlerAdapter.java:894)
	at org.springframework.web.servlet.mvc.method.annotation.RequestMappingHandlerAdapter.handleInternal(RequestMappingHandlerAdapter.java:829)
	at org.springframework.web.servlet.mvc.method.AbstractHandlerMethodAdapter.handle(AbstractHandlerMethodAdapter.java:87)
	at org.springframework.web.servlet.DispatcherServlet.doDispatch(DispatcherServlet.java:1089)
	at org.springframework.web.servlet.DispatcherServlet.doService(DispatcherServlet.java:979)
	at org.springframework.web.servlet.FrameworkServlet.processRequest(FrameworkServlet.java:1014)
	at org.springframework.web.servlet.FrameworkServlet.doGet(FrameworkServlet.java:903)
	at jakarta.servlet.http.HttpServlet.service(HttpServlet.java:564)
	at org.springframework.web.servlet.FrameworkServlet.service(FrameworkServlet.java:885)
	at jakarta.servlet.http.HttpServlet.service(HttpServlet.java:658)
	at org.apache.catalina.core.ApplicationFilterChain.internalDoFilter(ApplicationFilterChain.java:205)
	at org.apache.catalina.core.ApplicationFilterChain.doFilter(ApplicationFilterChain.java:149)
	at org.apache.tomcat.websocket.server.WsFilter.doFilter(WsFilter.java:51)
	at org.apache.catalina.core.ApplicationFilterChain.internalDoFilter(ApplicationFilterChain.java:174)
	at org.apache.catalina.core.ApplicationFilterChain.doFilter(ApplicationFilterChain.java:149)
	at org.springframework.web.filter.CompositeFilter$VirtualFilterChain.doFilter(CompositeFilter.java:108)
	at org.springframework.security.web.FilterChainProxy.lambda$doFilterInternal$3(FilterChainProxy.java:231)
	at org.springframework.security.web.FilterChainProxy$VirtualFilterChain.doFilter(FilterChainProxy.java:365)
	at org.springframework.security.web.access.intercept.AuthorizationFilter.doFilter(AuthorizationFilter.java:100)
	at org.springframework.security.web.FilterChainProxy$VirtualFilterChain.doFilter(FilterChainProxy.java:374)
	at org.springframework.security.web.access.ExceptionTranslationFilter.doFilter(ExceptionTranslationFilter.java:126)
	at org.springframework.security.web.access.ExceptionTranslationFilter.doFilter(ExceptionTranslationFilter.java:120)
	at org.springframework.security.web.FilterChainProxy$VirtualFilterChain.doFilter(FilterChainProxy.java:374)
	at org.springframework.security.web.authentication.AnonymousAuthenticationFilter.doFilter(AnonymousAuthenticationFilter.java:100)
	at org.springframework.security.web.FilterChainProxy$VirtualFilterChain.doFilter(FilterChainProxy.java:374)
	at org.springframework.security.web.servletapi.SecurityContextHolderAwareRequestFilter.doFilter(SecurityContextHolderAwareRequestFilter.java:179)
	at org.springframework.security.web.FilterChainProxy$VirtualFilterChain.doFilter(FilterChainProxy.java:374)
	at org.springframework.security.web.savedrequest.RequestCacheAwareFilter.doFilter(RequestCacheAwareFilter.java:63)
	at org.springframework.security.web.FilterChainProxy$VirtualFilterChain.doFilter(FilterChainProxy.java:374)
	at org.springframework.security.web.authentication.AbstractAuthenticationProcessingFilter.doFilter(AbstractAuthenticationProcessingFilter.java:227)
	at org.springframework.security.web.authentication.AbstractAuthenticationProcessingFilter.doFilter(AbstractAuthenticationProcessingFilter.java:221)
	at org.springframework.security.web.FilterChainProxy$VirtualFilterChain.doFilter(FilterChainProxy.java:374)
	at org.springframework.security.web.authentication.logout.LogoutFilter.doFilter(LogoutFilter.java:107)
	at org.springframework.security.web.authentication.logout.LogoutFilter.doFilter(LogoutFilter.java:93)
	at org.springframework.security.web.FilterChainProxy$VirtualFilterChain.doFilter(FilterChainProxy.java:374)
	at org.springframework.web.filter.CorsFilter.doFilterInternal(CorsFilter.java:91)
	at org.springframework.web.filter.OncePerRequestFilter.doFilter(OncePerRequestFilter.java:116)
	at org.springframework.security.web.FilterChainProxy$VirtualFilterChain.doFilter(FilterChainProxy.java:374)
	at org.springframework.security.web.header.HeaderWriterFilter.doHeadersAfter(HeaderWriterFilter.java:90)
	at org.springframework.security.web.header.HeaderWriterFilter.doFilterInternal(HeaderWriterFilter.java:75)
	at org.springframework.web.filter.OncePerRequestFilter.doFilter(OncePerRequestFilter.java:116)
	at org.springframework.security.web.FilterChainProxy$VirtualFilterChain.doFilter(FilterChainProxy.java:374)
	at org.springframework.security.web.context.SecurityContextHolderFilter.doFilter(SecurityContextHolderFilter.java:82)
	at org.springframework.security.web.context.SecurityContextHolderFilter.doFilter(SecurityContextHolderFilter.java:69)
	at org.springframework.security.web.FilterChainProxy$VirtualFilterChain.doFilter(FilterChainProxy.java:374)
	at org.springframework.security.web.context.request.async.WebAsyncManagerIntegrationFilter.doFilterInternal(WebAsyncManagerIntegrationFilter.java:62)
	at org.springframework.web.filter.OncePerRequestFilter.doFilter(OncePerRequestFilter.java:116)
	at org.springframework.security.web.FilterChainProxy$VirtualFilterChain.doFilter(FilterChainProxy.java:374)
	at org.springframework.security.web.session.DisableEncodeUrlFilter.doFilterInternal(DisableEncodeUrlFilter.java:42)
	at org.springframework.web.filter.OncePerRequestFilter.doFilter(OncePerRequestFilter.java:116)
	at org.springframework.security.web.FilterChainProxy$VirtualFilterChain.doFilter(FilterChainProxy.java:374)
	at org.springframework.security.web.FilterChainProxy.doFilterInternal(FilterChainProxy.java:233)
	at org.springframework.security.web.FilterChainProxy.doFilter(FilterChainProxy.java:191)
	at org.springframework.web.filter.CompositeFilter$VirtualFilterChain.doFilter(CompositeFilter.java:113)
	at org.springframework.web.servlet.handler.HandlerMappingIntrospector.lambda$createCacheFilter$3(HandlerMappingIntrospector.java:195)
	at org.springframework.web.filter.CompositeFilter$VirtualFilterChain.doFilter(CompositeFilter.java:113)
	at org.springframework.web.filter.CompositeFilter.doFilter(CompositeFilter.java:74)
	at org.springframework.security.config.annotation.web.configuration.WebMvcSecurityConfiguration$CompositeFilterChainProxy.doFilter(WebMvcSecurityConfiguration.java:225)
	at org.springframework.web.filter.DelegatingFilterProxy.invokeDelegate(DelegatingFilterProxy.java:352)
	at org.springframework.web.filter.DelegatingFilterProxy.doFilter(DelegatingFilterProxy.java:268)
	at org.apache.catalina.core.ApplicationFilterChain.internalDoFilter(ApplicationFilterChain.java:174)
	at org.apache.catalina.core.ApplicationFilterChain.doFilter(ApplicationFilterChain.java:149)
	at org.springframework.web.filter.RequestContextFilter.doFilterInternal(RequestContextFilter.java:100)
	at org.springframework.web.filter.OncePerRequestFilter.doFilter(OncePerRequestFilter.java:116)
	at org.apache.catalina.core.ApplicationFilterChain.internalDoFilter(ApplicationFilterChain.java:174)
	at org.apache.catalina.core.ApplicationFilterChain.doFilter(ApplicationFilterChain.java:149)
	at org.springframework.web.filter.FormContentFilter.doFilterInternal(FormContentFilter.java:93)
	at org.springframework.web.filter.OncePerRequestFilter.doFilter(OncePerRequestFilter.java:116)
	at org.apache.catalina.core.ApplicationFilterChain.internalDoFilter(ApplicationFilterChain.java:174)
	at org.apache.catalina.core.ApplicationFilterChain.doFilter(ApplicationFilterChain.java:149)
	at org.springframework.web.filter.CharacterEncodingFilter.doFilterInternal(CharacterEncodingFilter.java:201)
	at org.springframework.web.filter.OncePerRequestFilter.doFilter(OncePerRequestFilter.java:116)
	at org.apache.catalina.core.ApplicationFilterChain.internalDoFilter(ApplicationFilterChain.java:174)
	at org.apache.catalina.core.ApplicationFilterChain.doFilter(ApplicationFilterChain.java:149)
	at org.apache.catalina.core.StandardWrapperValve.invoke(StandardWrapperValve.java:167)
	at org.apache.catalina.core.StandardContextValve.invoke(StandardContextValve.java:90)
	at org.apache.catalina.authenticator.AuthenticatorBase.invoke(AuthenticatorBase.java:482)
	at org.apache.catalina.core.StandardHostValve.invoke(StandardHostValve.java:115)
	at org.apache.catalina.valves.ErrorReportValve.invoke(ErrorReportValve.java:93)
	at org.apache.catalina.core.StandardEngineValve.invoke(StandardEngineValve.java:74)
	at org.apache.catalina.connector.CoyoteAdapter.service(CoyoteAdapter.java:340)
	at org.apache.coyote.http11.Http11Processor.service(Http11Processor.java:391)
	at org.apache.coyote.AbstractProcessorLight.process(AbstractProcessorLight.java:63)
	at org.apache.coyote.AbstractProtocol$ConnectionHandler.process(AbstractProtocol.java:896)
	at org.apache.tomcat.util.net.NioEndpoint$SocketProcessor.doRun(NioEndpoint.java:1744)
	at org.apache.tomcat.util.net.SocketProcessorBase.run(SocketProcessorBase.java:52)
	at org.apache.tomcat.util.threads.ThreadPoolExecutor.runWorker(ThreadPoolExecutor.java:1191)
	at org.apache.tomcat.util.threads.ThreadPoolExecutor$Worker.run(ThreadPoolExecutor.java:659)
	at org.apache.tomcat.util.threads.TaskThread$WrappingRunnable.run(TaskThread.java:61)
	at java.base/java.lang.Thread.run(Thread.java:1570)
Caused by: org.hibernate.exception.SQLGrammarException: JDBC exception executing SQL [select count(tb1_0.id) from thong_bao tb1_0 where tb1_0.tai_khoan_id=? and not(tb1_0.da_doc)] [Table 'qltv.thong_bao' doesn't exist] [n/a]
	at org.hibernate.exception.internal.SQLExceptionTypeDelegate.convert(SQLExceptionTypeDelegate.java:66)
	at org.hibernate.exception.internal.StandardSQLExceptionConverter.convert(StandardSQLExceptionConverter.java:58)
	at org.hibernate.engine.jdbc.spi.SqlExceptionHelper.convert(SqlExceptionHelper.java:108)
	at org.hibernate.engine.jdbc.spi.SqlExceptionHelper.convert(SqlExceptionHelper.java:94)
	at org.hibernate.sql.results.jdbc.internal.DeferredResultSetAccess.executeQuery(DeferredResultSetAccess.java:265)
	at org.hibernate.sql.results.jdbc.internal.DeferredResultSetAccess.getResultSet(DeferredResultSetAccess.java:167)
	at org.hibernate.sql.results.jdbc.internal.JdbcValuesResultSetImpl.advanceNext(JdbcValuesResultSetImpl.java:218)
	at org.hibernate.sql.results.jdbc.internal.JdbcValuesResultSetImpl.processNext(JdbcValuesResultSetImpl.java:98)
	at org.hibernate.sql.results.jdbc.internal.AbstractJdbcValues.next(AbstractJdbcValues.java:19)
	at org.hibernate.sql.results.internal.RowProcessingStateStandardImpl.next(RowProcessingStateStandardImpl.java:66)
	at org.hibernate.sql.results.spi.ListResultsConsumer.consume(ListResultsConsumer.java:203)
	at org.hibernate.sql.results.spi.ListResultsConsumer.consume(ListResultsConsumer.java:33)
	at org.hibernate.sql.exec.internal.JdbcSelectExecutorStandardImpl.doExecuteQuery(JdbcSelectExecutorStandardImpl.java:209)
	at org.hibernate.sql.exec.internal.JdbcSelectExecutorStandardImpl.executeQuery(JdbcSelectExecutorStandardImpl.java:83)
	at org.hibernate.sql.exec.spi.JdbcSelectExecutor.list(JdbcSelectExecutor.java:76)
	at org.hibernate.sql.exec.spi.JdbcSelectExecutor.list(JdbcSelectExecutor.java:65)
	at org.hibernate.query.sqm.internal.ConcreteSqmSelectQueryPlan.lambda$new$2(ConcreteSqmSelectQueryPlan.java:137)
	at org.hibernate.query.sqm.internal.ConcreteSqmSelectQueryPlan.withCacheableSqmInterpretation(ConcreteSqmSelectQueryPlan.java:359)
	at org.hibernate.query.sqm.internal.ConcreteSqmSelectQueryPlan.performList(ConcreteSqmSelectQueryPlan.java:300)
	at org.hibernate.query.sqm.internal.QuerySqmImpl.doList(QuerySqmImpl.java:509)
	at org.hibernate.query.spi.AbstractSelectionQuery.list(AbstractSelectionQuery.java:427)
	at org.hibernate.query.spi.AbstractSelectionQuery.getSingleResult(AbstractSelectionQuery.java:564)
	at org.springframework.data.jpa.repository.query.JpaQueryExecution$SingleEntityExecution.doExecute(JpaQueryExecution.java:223)
	at org.springframework.data.jpa.repository.query.JpaQueryExecution.execute(JpaQueryExecution.java:92)
	at org.springframework.data.jpa.repository.query.AbstractJpaQuery.doExecute(AbstractJpaQuery.java:149)
	at org.springframework.data.jpa.repository.query.AbstractJpaQuery.execute(AbstractJpaQuery.java:137)
	at org.springframework.data.repository.core.support.RepositoryMethodInvoker.doInvoke(RepositoryMethodInvoker.java:170)
	at org.springframework.data.repository.core.support.RepositoryMethodInvoker.invoke(RepositoryMethodInvoker.java:158)
	at org.springframework.data.repository.core.support.QueryExecutorMethodInterceptor.doInvoke(QueryExecutorMethodInterceptor.java:164)
	at org.springframework.data.repository.core.support.QueryExecutorMethodInterceptor.invoke(QueryExecutorMethodInterceptor.java:143)
	at org.springframework.aop.framework.ReflectiveMethodInvocation.proceed(ReflectiveMethodInvocation.java:184)
	at org.springframework.data.projection.DefaultMethodInvokingMethodInterceptor.invoke(DefaultMethodInvokingMethodInterceptor.java:70)
	at org.springframework.aop.framework.ReflectiveMethodInvocation.proceed(ReflectiveMethodInvocation.java:184)
	at org.springframework.transaction.interceptor.TransactionInterceptor$1.proceedWithInvocation(TransactionInterceptor.java:123)
	at org.springframework.transaction.interceptor.TransactionAspectSupport.invokeWithinTransaction(TransactionAspectSupport.java:385)
	at org.springframework.transaction.interceptor.TransactionInterceptor.invoke(TransactionInterceptor.java:119)
	at org.springframework.aop.framework.ReflectiveMethodInvocation.proceed(ReflectiveMethodInvocation.java:184)
	at org.springframework.dao.support.PersistenceExceptionTranslationInterceptor.invoke(PersistenceExceptionTranslationInterceptor.java:137)
	... 107 common frames omitted
Caused by: java.sql.SQLSyntaxErrorException: Table 'qltv.thong_bao' doesn't exist
	at com.mysql.cj.jdbc.exceptions.SQLError.createSQLException(SQLError.java:121)
	at com.mysql.cj.jdbc.exceptions.SQLExceptionsMapping.translateException(SQLExceptionsMapping.java:122)
	at com.mysql.cj.jdbc.ClientPreparedStatement.executeInternal(ClientPreparedStatement.java:912)
	at com.mysql.cj.jdbc.ClientPreparedStatement.executeQuery(ClientPreparedStatement.java:968)
	at com.zaxxer.hikari.pool.ProxyPreparedStatement.executeQuery(ProxyPreparedStatement.java:52)
	at com.zaxxer.hikari.pool.HikariProxyPreparedStatement.executeQuery(HikariProxyPreparedStatement.java)
	at org.hibernate.sql.results.jdbc.internal.DeferredResultSetAccess.executeQuery(DeferredResultSetAccess.java:246)
	... 140 common frames omitted
2026-04-20 21:47:43 [http-nio-8080-exec-1] WARN  o.s.w.s.m.m.a.ExceptionHandlerExceptionResolver - Resolved [org.springframework.dao.InvalidDataAccessResourceUsageException: JDBC exception executing SQL [select count(tb1_0.id) from thong_bao tb1_0 where tb1_0.tai_khoan_id=? and not(tb1_0.da_doc)] [Table 'qltv.thong_bao' doesn't exist] [n/a]; SQL [n/a]]
2026-04-20 21:47:43 [http-nio-8080-exec-1] DEBUG o.s.web.servlet.DispatcherServlet - Using resolved error view: ModelAndView [view="redirect:http://localhost:8080/login"; model={}]
2026-04-20 21:47:43 [http-nio-8080-exec-1] DEBUG o.s.web.servlet.view.RedirectView - View name 'redirect:', model {}
2026-04-20 21:47:43 [http-nio-8080-exec-1] DEBUG o.s.web.servlet.DispatcherServlet - Completed 302 FOUND
2026-04-20 21:47:43 [http-nio-8080-exec-2] DEBUG o.s.security.web.FilterChainProxy - Securing GET /login
2026-04-20 21:47:43 [http-nio-8080-exec-2] DEBUG o.s.security.web.FilterChainProxy - Secured GET /login
2026-04-20 21:47:43 [http-nio-8080-exec-2] DEBUG o.s.web.servlet.DispatcherServlet - GET "/login", parameters={}
2026-04-20 21:47:43 [http-nio-8080-exec-2] DEBUG o.s.w.s.m.m.a.RequestMappingHandlerMapping - Mapped to com.example.library.controller.AuthController#loginPage(String, String, String, String, Model)
2026-04-20 21:47:43 [http-nio-8080-exec-2] DEBUG o.s.s.w.c.HttpSessionSecurityContextRepository - Retrieved SecurityContextImpl [Authentication=UsernamePasswordAuthenticationToken [Principal=org.springframework.security.core.userdetails.User [Username=Tanphong, Password=[PROTECTED], Enabled=true, AccountNonExpired=true, CredentialsNonExpired=true, AccountNonLocked=true, Granted Authorities=[ROLE_KHACHHANG]], Credentials=[PROTECTED], Authenticated=true, Details=WebAuthenticationDetails [RemoteIpAddress=0:0:0:0:0:0:0:1, SessionId=null], Granted Authorities=[ROLE_KHACHHANG]]]
2026-04-20 21:47:43 [http-nio-8080-exec-2] DEBUG org.hibernate.SQL - 
    select
        tk1_0.matk,
        tk1_0.avatar,
        tk1_0.diachi,
        tk1_0.email,
        tk1_0.hoten,
        tk1_0.ngaytao,
        tk1_0.password,
        tk1_0.quyen,
        tk1_0.reset_token,
        tk1_0.sodienthoai,
        tk1_0.trangthai,
        tk1_0.username 
    from
        taikhoan tk1_0 
    where
        tk1_0.username=?
2026-04-20 21:47:43 [http-nio-8080-exec-2] DEBUG org.hibernate.SQL - 
    select
        count(tb1_0.id) 
    from
        thong_bao tb1_0 
    where
        tb1_0.tai_khoan_id=? 
        and not(tb1_0.da_doc)
2026-04-20 21:47:43 [http-nio-8080-exec-2] WARN  o.h.e.jdbc.spi.SqlExceptionHelper - SQL Error: 1146, SQLState: 42S02
2026-04-20 21:47:43 [http-nio-8080-exec-2] ERROR o.h.e.jdbc.spi.SqlExceptionHelper - Table 'qltv.thong_bao' doesn't exist
2026-04-20 21:47:43 [http-nio-8080-exec-2] DEBUG o.s.w.s.m.m.a.ExceptionHandlerExceptionResolver - Using @ExceptionHandler com.example.library.exception.GlobalExceptionHandler#handleGeneralException(Exception, HttpServletRequest, RedirectAttributes)
2026-04-20 21:47:43 [http-nio-8080-exec-2] ERROR c.e.l.e.GlobalExceptionHandler - Lỗi không lường trước xảy ra tại URL: http://localhost:8080/login. Chi tiết: 
org.springframework.dao.InvalidDataAccessResourceUsageException: JDBC exception executing SQL [select count(tb1_0.id) from thong_bao tb1_0 where tb1_0.tai_khoan_id=? and not(tb1_0.da_doc)] [Table 'qltv.thong_bao' doesn't exist] [n/a]; SQL [n/a]
	at org.springframework.orm.jpa.vendor.HibernateJpaDialect.convertHibernateAccessException(HibernateJpaDialect.java:277)
	at org.springframework.orm.jpa.vendor.HibernateJpaDialect.translateExceptionIfPossible(HibernateJpaDialect.java:241)
	at org.springframework.orm.jpa.AbstractEntityManagerFactoryBean.translateExceptionIfPossible(AbstractEntityManagerFactoryBean.java:550)
	at org.springframework.dao.support.ChainedPersistenceExceptionTranslator.translateExceptionIfPossible(ChainedPersistenceExceptionTranslator.java:61)
	at org.springframework.dao.support.DataAccessUtils.translateIfNecessary(DataAccessUtils.java:335)
	at org.springframework.dao.support.PersistenceExceptionTranslationInterceptor.invoke(PersistenceExceptionTranslationInterceptor.java:152)
	at org.springframework.aop.framework.ReflectiveMethodInvocation.proceed(ReflectiveMethodInvocation.java:184)
	at org.springframework.data.jpa.repository.support.CrudMethodMetadataPostProcessor$CrudMethodMetadataPopulatingMethodInterceptor.invoke(CrudMethodMetadataPostProcessor.java:135)
	at org.springframework.aop.framework.ReflectiveMethodInvocation.proceed(ReflectiveMethodInvocation.java:184)
	at org.springframework.aop.interceptor.ExposeInvocationInterceptor.invoke(ExposeInvocationInterceptor.java:97)
	at org.springframework.aop.framework.ReflectiveMethodInvocation.proceed(ReflectiveMethodInvocation.java:184)
	at org.springframework.aop.framework.JdkDynamicAopProxy.invoke(JdkDynamicAopProxy.java:220)
	at jdk.proxy4/jdk.proxy4.$Proxy138.countByTaiKhoanIdAndDaDocFalse(Unknown Source)
	at com.example.library.service.NotificationService.getUnreadCount(NotificationService.java:70)
	at com.example.library.controller.GlobalControllerAdvice.lambda$getUnreadCount$0(GlobalControllerAdvice.java:27)
	at java.base/java.util.Optional.map(Optional.java:260)
	at com.example.library.controller.GlobalControllerAdvice.getUnreadCount(GlobalControllerAdvice.java:27)
	at java.base/jdk.internal.reflect.DirectMethodHandleAccessor.invoke(DirectMethodHandleAccessor.java:103)
	at java.base/java.lang.reflect.Method.invoke(Method.java:580)
	at org.springframework.web.method.support.InvocableHandlerMethod.doInvoke(InvocableHandlerMethod.java:261)
	at org.springframework.web.method.support.InvocableHandlerMethod.invokeForRequest(InvocableHandlerMethod.java:189)
	at org.springframework.web.method.annotation.ModelFactory.invokeModelAttributeMethods(ModelFactory.java:143)
	at org.springframework.web.method.annotation.ModelFactory.initModel(ModelFactory.java:112)
	at org.springframework.web.servlet.mvc.method.annotation.RequestMappingHandlerAdapter.invokeHandlerMethod(RequestMappingHandlerAdapter.java:894)
	at org.springframework.web.servlet.mvc.method.annotation.RequestMappingHandlerAdapter.handleInternal(RequestMappingHandlerAdapter.java:829)
	at org.springframework.web.servlet.mvc.method.AbstractHandlerMethodAdapter.handle(AbstractHandlerMethodAdapter.java:87)
	at org.springframework.web.servlet.DispatcherServlet.doDispatch(DispatcherServlet.java:1089)
	at org.springframework.web.servlet.DispatcherServlet.doService(DispatcherServlet.java:979)
	at org.springframework.web.servlet.FrameworkServlet.processRequest(FrameworkServlet.java:1014)
	at org.springframework.web.servlet.FrameworkServlet.doGet(FrameworkServlet.java:903)
	at jakarta.servlet.http.HttpServlet.service(HttpServlet.java:564)
	at org.springframework.web.servlet.FrameworkServlet.service(FrameworkServlet.java:885)
	at jakarta.servlet.http.HttpServlet.service(HttpServlet.java:658)
	at org.apache.catalina.core.ApplicationFilterChain.internalDoFilter(ApplicationFilterChain.java:205)
	at org.apache.catalina.core.ApplicationFilterChain.doFilter(ApplicationFilterChain.java:149)
	at org.apache.tomcat.websocket.server.WsFilter.doFilter(WsFilter.java:51)
	at org.apache.catalina.core.ApplicationFilterChain.internalDoFilter(ApplicationFilterChain.java:174)
	at org.apache.catalina.core.ApplicationFilterChain.doFilter(ApplicationFilterChain.java:149)
	at org.springframework.web.filter.CompositeFilter$VirtualFilterChain.doFilter(CompositeFilter.java:108)
	at org.springframework.security.web.FilterChainProxy.lambda$doFilterInternal$3(FilterChainProxy.java:231)
	at org.springframework.security.web.FilterChainProxy$VirtualFilterChain.doFilter(FilterChainProxy.java:365)
	at org.springframework.security.web.access.intercept.AuthorizationFilter.doFilter(AuthorizationFilter.java:100)
	at org.springframework.security.web.FilterChainProxy$VirtualFilterChain.doFilter(FilterChainProxy.java:374)
	at org.springframework.security.web.access.ExceptionTranslationFilter.doFilter(ExceptionTranslationFilter.java:126)
	at org.springframework.security.web.access.ExceptionTranslationFilter.doFilter(ExceptionTranslationFilter.java:120)
	at org.springframework.security.web.FilterChainProxy$VirtualFilterChain.doFilter(FilterChainProxy.java:374)
	at org.springframework.security.web.authentication.AnonymousAuthenticationFilter.doFilter(AnonymousAuthenticationFilter.java:100)
	at org.springframework.security.web.FilterChainProxy$VirtualFilterChain.doFilter(FilterChainProxy.java:374)
	at org.springframework.security.web.servletapi.SecurityContextHolderAwareRequestFilter.doFilter(SecurityContextHolderAwareRequestFilter.java:179)
	at org.springframework.security.web.FilterChainProxy$VirtualFilterChain.doFilter(FilterChainProxy.java:374)
	at org.springframework.security.web.savedrequest.RequestCacheAwareFilter.doFilter(RequestCacheAwareFilter.java:63)
	at org.springframework.security.web.FilterChainProxy$VirtualFilterChain.doFilter(FilterChainProxy.java:374)
	at org.springframework.security.web.authentication.AbstractAuthenticationProcessingFilter.doFilter(AbstractAuthenticationProcessingFilter.java:227)
	at org.springframework.security.web.authentication.AbstractAuthenticationProcessingFilter.doFilter(AbstractAuthenticationProcessingFilter.java:221)
	at org.springframework.security.web.FilterChainProxy$VirtualFilterChain.doFilter(FilterChainProxy.java:374)
	at org.springframework.security.web.authentication.logout.LogoutFilter.doFilter(LogoutFilter.java:107)
	at org.springframework.security.web.authentication.logout.LogoutFilter.doFilter(LogoutFilter.java:93)
	at org.springframework.security.web.FilterChainProxy$VirtualFilterChain.doFilter(FilterChainProxy.java:374)
	at org.springframework.web.filter.CorsFilter.doFilterInternal(CorsFilter.java:91)
	at org.springframework.web.filter.OncePerRequestFilter.doFilter(OncePerRequestFilter.java:116)
	at org.springframework.security.web.FilterChainProxy$VirtualFilterChain.doFilter(FilterChainProxy.java:374)
	at org.springframework.security.web.header.HeaderWriterFilter.doHeadersAfter(HeaderWriterFilter.java:90)
	at org.springframework.security.web.header.HeaderWriterFilter.doFilterInternal(HeaderWriterFilter.java:75)
	at org.springframework.web.filter.OncePerRequestFilter.doFilter(OncePerRequestFilter.java:116)
	at org.springframework.security.web.FilterChainProxy$VirtualFilterChain.doFilter(FilterChainProxy.java:374)
	at org.springframework.security.web.context.SecurityContextHolderFilter.doFilter(SecurityContextHolderFilter.java:82)
	at org.springframework.security.web.context.SecurityContextHolderFilter.doFilter(SecurityContextHolderFilter.java:69)
	at org.springframework.security.web.FilterChainProxy$VirtualFilterChain.doFilter(FilterChainProxy.java:374)
	at org.springframework.security.web.context.request.async.WebAsyncManagerIntegrationFilter.doFilterInternal(WebAsyncManagerIntegrationFilter.java:62)
	at org.springframework.web.filter.OncePerRequestFilter.doFilter(OncePerRequestFilter.java:116)
	at org.springframework.security.web.FilterChainProxy$VirtualFilterChain.doFilter(FilterChainProxy.java:374)
	at org.springframework.security.web.session.DisableEncodeUrlFilter.doFilterInternal(DisableEncodeUrlFilter.java:42)
	at org.springframework.web.filter.OncePerRequestFilter.doFilter(OncePerRequestFilter.java:116)
	at org.springframework.security.web.FilterChainProxy$VirtualFilterChain.doFilter(FilterChainProxy.java:374)
	at org.springframework.security.web.FilterChainProxy.doFilterInternal(FilterChainProxy.java:233)
	at org.springframework.security.web.FilterChainProxy.doFilter(FilterChainProxy.java:191)
	at org.springframework.web.filter.CompositeFilter$VirtualFilterChain.doFilter(CompositeFilter.java:113)
	at org.springframework.web.servlet.handler.HandlerMappingIntrospector.lambda$createCacheFilter$3(HandlerMappingIntrospector.java:195)
	at org.springframework.web.filter.CompositeFilter$VirtualFilterChain.doFilter(CompositeFilter.java:113)
	at org.springframework.web.filter.CompositeFilter.doFilter(CompositeFilter.java:74)
	at org.springframework.security.config.annotation.web.configuration.WebMvcSecurityConfiguration$CompositeFilterChainProxy.doFilter(WebMvcSecurityConfiguration.java:225)
	at org.springframework.web.filter.DelegatingFilterProxy.invokeDelegate(DelegatingFilterProxy.java:352)
	at org.springframework.web.filter.DelegatingFilterProxy.doFilter(DelegatingFilterProxy.java:268)
	at org.apache.catalina.core.ApplicationFilterChain.internalDoFilter(ApplicationFilterChain.java:174)
	at org.apache.catalina.core.ApplicationFilterChain.doFilter(ApplicationFilterChain.java:149)
	at org.springframework.web.filter.RequestContextFilter.doFilterInternal(RequestContextFilter.java:100)
	at org.springframework.web.filter.OncePerRequestFilter.doFilter(OncePerRequestFilter.java:116)
	at org.apache.catalina.core.ApplicationFilterChain.internalDoFilter(ApplicationFilterChain.java:174)
	at org.apache.catalina.core.ApplicationFilterChain.doFilter(ApplicationFilterChain.java:149)
	at org.springframework.web.filter.FormContentFilter.doFilterInternal(FormContentFilter.java:93)
	at org.springframework.web.filter.OncePerRequestFilter.doFilter(OncePerRequestFilter.java:116)
	at org.apache.catalina.core.ApplicationFilterChain.internalDoFilter(ApplicationFilterChain.java:174)
	at org.apache.catalina.core.ApplicationFilterChain.doFilter(ApplicationFilterChain.java:149)
	at org.springframework.web.filter.CharacterEncodingFilter.doFilterInternal(CharacterEncodingFilter.java:201)
	at org.springframework.web.filter.OncePerRequestFilter.doFilter(OncePerRequestFilter.java:116)
	at org.apache.catalina.core.ApplicationFilterChain.internalDoFilter(ApplicationFilterChain.java:174)
	at org.apache.catalina.core.ApplicationFilterChain.doFilter(ApplicationFilterChain.java:149)
	at org.apache.catalina.core.StandardWrapperValve.invoke(StandardWrapperValve.java:167)
	at org.apache.catalina.core.StandardContextValve.invoke(StandardContextValve.java:90)
	at org.apache.catalina.authenticator.AuthenticatorBase.invoke(AuthenticatorBase.java:482)
	at org.apache.catalina.core.StandardHostValve.invoke(StandardHostValve.java:115)
	at org.apache.catalina.valves.ErrorReportValve.invoke(ErrorReportValve.java:93)
	at org.apache.catalina.core.StandardEngineValve.invoke(StandardEngineValve.java:74)
	at org.apache.catalina.connector.CoyoteAdapter.service(CoyoteAdapter.java:340)
	at org.apache.coyote.http11.Http11Processor.service(Http11Processor.java:391)
	at org.apache.coyote.AbstractProcessorLight.process(AbstractProcessorLight.java:63)
	at org.apache.coyote.AbstractProtocol$ConnectionHandler.process(AbstractProtocol.java:896)
	at org.apache.tomcat.util.net.NioEndpoint$SocketProcessor.doRun(NioEndpoint.java:1744)
	at org.apache.tomcat.util.net.SocketProcessorBase.run(SocketProcessorBase.java:52)
	at org.apache.tomcat.util.threads.ThreadPoolExecutor.runWorker(ThreadPoolExecutor.java:1191)
	at org.apache.tomcat.util.threads.ThreadPoolExecutor$Worker.run(ThreadPoolExecutor.java:659)
	at org.apache.tomcat.util.threads.TaskThread$WrappingRunnable.run(TaskThread.java:61)
	at java.base/java.lang.Thread.run(Thread.java:1570)
Caused by: org.hibernate.exception.SQLGrammarException: JDBC exception executing SQL [select count(tb1_0.id) from thong_bao tb1_0 where tb1_0.tai_khoan_id=? and not(tb1_0.da_doc)] [Table 'qltv.thong_bao' doesn't exist] [n/a]
	at org.hibernate.exception.internal.SQLExceptionTypeDelegate.convert(SQLExceptionTypeDelegate.java:66)
	at org.hibernate.exception.internal.StandardSQLExceptionConverter.convert(StandardSQLExceptionConverter.java:58)
	at org.hibernate.engine.jdbc.spi.SqlExceptionHelper.convert(SqlExceptionHelper.java:108)
	at org.hibernate.engine.jdbc.spi.SqlExceptionHelper.convert(SqlExceptionHelper.java:94)
	at org.hibernate.sql.results.jdbc.internal.DeferredResultSetAccess.executeQuery(DeferredResultSetAccess.java:265)
	at org.hibernate.sql.results.jdbc.internal.DeferredResultSetAccess.getResultSet(DeferredResultSetAccess.java:167)
	at org.hibernate.sql.results.jdbc.internal.JdbcValuesResultSetImpl.advanceNext(JdbcValuesResultSetImpl.java:218)
	at org.hibernate.sql.results.jdbc.internal.JdbcValuesResultSetImpl.processNext(JdbcValuesResultSetImpl.java:98)
	at org.hibernate.sql.results.jdbc.internal.AbstractJdbcValues.next(AbstractJdbcValues.java:19)
	at org.hibernate.sql.results.internal.RowProcessingStateStandardImpl.next(RowProcessingStateStandardImpl.java:66)
	at org.hibernate.sql.results.spi.ListResultsConsumer.consume(ListResultsConsumer.java:203)
	at org.hibernate.sql.results.spi.ListResultsConsumer.consume(ListResultsConsumer.java:33)
	at org.hibernate.sql.exec.internal.JdbcSelectExecutorStandardImpl.doExecuteQuery(JdbcSelectExecutorStandardImpl.java:209)
	at org.hibernate.sql.exec.internal.JdbcSelectExecutorStandardImpl.executeQuery(JdbcSelectExecutorStandardImpl.java:83)
	at org.hibernate.sql.exec.spi.JdbcSelectExecutor.list(JdbcSelectExecutor.java:76)
	at org.hibernate.sql.exec.spi.JdbcSelectExecutor.list(JdbcSelectExecutor.java:65)
	at org.hibernate.query.sqm.internal.ConcreteSqmSelectQueryPlan.lambda$new$2(ConcreteSqmSelectQueryPlan.java:137)
	at org.hibernate.query.sqm.internal.ConcreteSqmSelectQueryPlan.withCacheableSqmInterpretation(ConcreteSqmSelectQueryPlan.java:359)
	at org.hibernate.query.sqm.internal.ConcreteSqmSelectQueryPlan.performList(ConcreteSqmSelectQueryPlan.java:300)
	at org.hibernate.query.sqm.internal.QuerySqmImpl.doList(QuerySqmImpl.java:509)
	at org.hibernate.query.spi.AbstractSelectionQuery.list(AbstractSelectionQuery.java:427)
	at org.hibernate.query.spi.AbstractSelectionQuery.getSingleResult(AbstractSelectionQuery.java:564)
	at org.springframework.data.jpa.repository.query.JpaQueryExecution$SingleEntityExecution.doExecute(JpaQueryExecution.java:223)
	at org.springframework.data.jpa.repository.query.JpaQueryExecution.execute(JpaQueryExecution.java:92)
	at org.springframework.data.jpa.repository.query.AbstractJpaQuery.doExecute(AbstractJpaQuery.java:149)
	at org.springframework.data.jpa.repository.query.AbstractJpaQuery.execute(AbstractJpaQuery.java:137)
	at org.springframework.data.repository.core.support.RepositoryMethodInvoker.doInvoke(RepositoryMethodInvoker.java:170)
	at org.springframework.data.repository.core.support.RepositoryMethodInvoker.invoke(RepositoryMethodInvoker.java:158)
	at org.springframework.data.repository.core.support.QueryExecutorMethodInterceptor.doInvoke(QueryExecutorMethodInterceptor.java:164)
	at org.springframework.data.repository.core.support.QueryExecutorMethodInterceptor.invoke(QueryExecutorMethodInterceptor.java:143)
	at org.springframework.aop.framework.ReflectiveMethodInvocation.proceed(ReflectiveMethodInvocation.java:184)
	at org.springframework.data.projection.DefaultMethodInvokingMethodInterceptor.invoke(DefaultMethodInvokingMethodInterceptor.java:70)
	at org.springframework.aop.framework.ReflectiveMethodInvocation.proceed(ReflectiveMethodInvocation.java:184)
	at org.springframework.transaction.interceptor.TransactionInterceptor$1.proceedWithInvocation(TransactionInterceptor.java:123)
	at org.springframework.transaction.interceptor.TransactionAspectSupport.invokeWithinTransaction(TransactionAspectSupport.java:385)
	at org.springframework.transaction.interceptor.TransactionInterceptor.invoke(TransactionInterceptor.java:119)
	at org.springframework.aop.framework.ReflectiveMethodInvocation.proceed(ReflectiveMethodInvocation.java:184)
	at org.springframework.dao.support.PersistenceExceptionTranslationInterceptor.invoke(PersistenceExceptionTranslationInterceptor.java:137)
	... 107 common frames omitted
Caused by: java.sql.SQLSyntaxErrorException: Table 'qltv.thong_bao' doesn't exist
	at com.mysql.cj.jdbc.exceptions.SQLError.createSQLException(SQLError.java:121)
	at com.mysql.cj.jdbc.exceptions.SQLExceptionsMapping.translateException(SQLExceptionsMapping.java:122)
	at com.mysql.cj.jdbc.ClientPreparedStatement.executeInternal(ClientPreparedStatement.java:912)
	at com.mysql.cj.jdbc.ClientPreparedStatement.executeQuery(ClientPreparedStatement.java:968)
	at com.zaxxer.hikari.pool.ProxyPreparedStatement.executeQuery(ProxyPreparedStatement.java:52)
	at com.zaxxer.hikari.pool.HikariProxyPreparedStatement.executeQuery(HikariProxyPreparedStatement.java)
	at org.hibernate.sql.results.jdbc.internal.DeferredResultSetAccess.executeQuery(DeferredResultSetAccess.java:246)
	... 140 common frames omitted
2026-04-20 21:47:43 [http-nio-8080-exec-2] WARN  o.s.w.s.m.m.a.ExceptionHandlerExceptionResolver - Resolved [org.springframework.dao.InvalidDataAccessResourceUsageException: JDBC exception executing SQL [select count(tb1_0.id) from thong_bao tb1_0 where tb1_0.tai_khoan_id=? and not(tb1_0.da_doc)] [Table 'qltv.thong_bao' doesn't exist] [n/a]; SQL [n/a]]
2026-04-20 21:47:43 [http-nio-8080-exec-2] DEBUG o.s.web.servlet.DispatcherServlet - Using resolved error view: ModelAndView [view="redirect:http://localhost:8080/login"; model={}]
2026-04-20 21:47:43 [http-nio-8080-exec-2] DEBUG o.s.web.servlet.view.RedirectView - View name 'redirect:', model {}
2026-04-20 21:47:43 [http-nio-8080-exec-2] DEBUG o.s.web.servlet.DispatcherServlet - Completed 302 FOUND
2026-04-20 21:47:43 [http-nio-8080-exec-3] DEBUG o.s.security.web.FilterChainProxy - Securing GET /login
2026-04-20 21:47:43 [http-nio-8080-exec-3] DEBUG o.s.security.web.FilterChainProxy - Secured GET /login
2026-04-20 21:47:43 [http-nio-8080-exec-3] DEBUG o.s.web.servlet.DispatcherServlet - GET "/login", parameters={}
2026-04-20 21:47:43 [http-nio-8080-exec-3] DEBUG o.s.w.s.m.m.a.RequestMappingHandlerMapping - Mapped to com.example.library.controller.AuthController#loginPage(String, String, String, String, Model)
2026-04-20 21:47:43 [http-nio-8080-exec-3] DEBUG o.s.s.w.c.HttpSessionSecurityContextRepository - Retrieved SecurityContextImpl [Authentication=UsernamePasswordAuthenticationToken [Principal=org.springframework.security.core.userdetails.User [Username=Tanphong, Password=[PROTECTED], Enabled=true, AccountNonExpired=true, CredentialsNonExpired=true, AccountNonLocked=true, Granted Authorities=[ROLE_KHACHHANG]], Credentials=[PROTECTED], Authenticated=true, Details=WebAuthenticationDetails [RemoteIpAddress=0:0:0:0:0:0:0:1, SessionId=null], Granted Authorities=[ROLE_KHACHHANG]]]
2026-04-20 21:47:43 [http-nio-8080-exec-3] DEBUG org.hibernate.SQL - 
    select
        tk1_0.matk,
        tk1_0.avatar,
        tk1_0.diachi,
        tk1_0.email,
        tk1_0.hoten,
        tk1_0.ngaytao,
        tk1_0.password,
        tk1_0.quyen,
        tk1_0.reset_token,
        tk1_0.sodienthoai,
        tk1_0.trangthai,
        tk1_0.username 
    from
        taikhoan tk1_0 
    where
        tk1_0.username=?
2026-04-20 21:47:43 [http-nio-8080-exec-3] DEBUG org.hibernate.SQL - 
    select
        count(tb1_0.id) 
    from
        thong_bao tb1_0 
    where
        tb1_0.tai_khoan_id=? 
        and not(tb1_0.da_doc)
2026-04-20 21:47:43 [http-nio-8080-exec-3] WARN  o.h.e.jdbc.spi.SqlExceptionHelper - SQL Error: 1146, SQLState: 42S02
2026-04-20 21:47:43 [http-nio-8080-exec-3] ERROR o.h.e.jdbc.spi.SqlExceptionHelper - Table 'qltv.thong_bao' doesn't exist
2026-04-20 21:47:43 [http-nio-8080-exec-3] DEBUG o.s.w.s.m.m.a.ExceptionHandlerExceptionResolver - Using @ExceptionHandler com.example.library.exception.GlobalExceptionHandler#handleGeneralException(Exception, HttpServletRequest, RedirectAttributes)
2026-04-20 21:47:43 [http-nio-8080-exec-3] ERROR c.e.l.e.GlobalExceptionHandler - Lỗi không lường trước xảy ra tại URL: http://localhost:8080/login. Chi tiết: 
org.springframework.dao.InvalidDataAccessResourceUsageException: JDBC exception executing SQL [select count(tb1_0.id) from thong_bao tb1_0 where tb1_0.tai_khoan_id=? and not(tb1_0.da_doc)] [Table 'qltv.thong_bao' doesn't exist] [n/a]; SQL [n/a]
	at org.springframework.orm.jpa.vendor.HibernateJpaDialect.convertHibernateAccessException(HibernateJpaDialect.java:277)
	at org.springframework.orm.jpa.vendor.HibernateJpaDialect.translateExceptionIfPossible(HibernateJpaDialect.java:241)
	at org.springframework.orm.jpa.AbstractEntityManagerFactoryBean.translateExceptionIfPossible(AbstractEntityManagerFactoryBean.java:550)
	at org.springframework.dao.support.ChainedPersistenceExceptionTranslator.translateExceptionIfPossible(ChainedPersistenceExceptionTranslator.java:61)
	at org.springframework.dao.support.DataAccessUtils.translateIfNecessary(DataAccessUtils.java:335)
	at org.springframework.dao.support.PersistenceExceptionTranslationInterceptor.invoke(PersistenceExceptionTranslationInterceptor.java:152)
	at org.springframework.aop.framework.ReflectiveMethodInvocation.proceed(ReflectiveMethodInvocation.java:184)
	at org.springframework.data.jpa.repository.support.CrudMethodMetadataPostProcessor$CrudMethodMetadataPopulatingMethodInterceptor.invoke(CrudMethodMetadataPostProcessor.java:135)
	at org.springframework.aop.framework.ReflectiveMethodInvocation.proceed(ReflectiveMethodInvocation.java:184)
	at org.springframework.aop.interceptor.ExposeInvocationInterceptor.invoke(ExposeInvocationInterceptor.java:97)
	at org.springframework.aop.framework.ReflectiveMethodInvocation.proceed(ReflectiveMethodInvocation.java:184)
	at org.springframework.aop.framework.JdkDynamicAopProxy.invoke(JdkDynamicAopProxy.java:220)
	at jdk.proxy4/jdk.proxy4.$Proxy138.countByTaiKhoanIdAndDaDocFalse(Unknown Source)
	at com.example.library.service.NotificationService.getUnreadCount(NotificationService.java:70)
	at com.example.library.controller.GlobalControllerAdvice.lambda$getUnreadCount$0(GlobalControllerAdvice.java:27)
	at java.base/java.util.Optional.map(Optional.java:260)
	at com.example.library.controller.GlobalControllerAdvice.getUnreadCount(GlobalControllerAdvice.java:27)
	at java.base/jdk.internal.reflect.DirectMethodHandleAccessor.invoke(DirectMethodHandleAccessor.java:103)
	at java.base/java.lang.reflect.Method.invoke(Method.java:580)
	at org.springframework.web.method.support.InvocableHandlerMethod.doInvoke(InvocableHandlerMethod.java:261)
	at org.springframework.web.method.support.InvocableHandlerMethod.invokeForRequest(InvocableHandlerMethod.java:189)
	at org.springframework.web.method.annotation.ModelFactory.invokeModelAttributeMethods(ModelFactory.java:143)
	at org.springframework.web.method.annotation.ModelFactory.initModel(ModelFactory.java:112)
	at org.springframework.web.servlet.mvc.method.annotation.RequestMappingHandlerAdapter.invokeHandlerMethod(RequestMappingHandlerAdapter.java:894)
	at org.springframework.web.servlet.mvc.method.annotation.RequestMappingHandlerAdapter.handleInternal(RequestMappingHandlerAdapter.java:829)
	at org.springframework.web.servlet.mvc.method.AbstractHandlerMethodAdapter.handle(AbstractHandlerMethodAdapter.java:87)
	at org.springframework.web.servlet.DispatcherServlet.doDispatch(DispatcherServlet.java:1089)
	at org.springframework.web.servlet.DispatcherServlet.doService(DispatcherServlet.java:979)
	at org.springframework.web.servlet.FrameworkServlet.processRequest(FrameworkServlet.java:1014)
	at org.springframework.web.servlet.FrameworkServlet.doGet(FrameworkServlet.java:903)
	at jakarta.servlet.http.HttpServlet.service(HttpServlet.java:564)
	at org.springframework.web.servlet.FrameworkServlet.service(FrameworkServlet.java:885)
	at jakarta.servlet.http.HttpServlet.service(HttpServlet.java:658)
	at org.apache.catalina.core.ApplicationFilterChain.internalDoFilter(ApplicationFilterChain.java:205)
	at org.apache.catalina.core.ApplicationFilterChain.doFilter(ApplicationFilterChain.java:149)
	at org.apache.tomcat.websocket.server.WsFilter.doFilter(WsFilter.java:51)
	at org.apache.catalina.core.ApplicationFilterChain.internalDoFilter(ApplicationFilterChain.java:174)
	at org.apache.catalina.core.ApplicationFilterChain.doFilter(ApplicationFilterChain.java:149)
	at org.springframework.web.filter.CompositeFilter$VirtualFilterChain.doFilter(CompositeFilter.java:108)
	at org.springframework.security.web.FilterChainProxy.lambda$doFilterInternal$3(FilterChainProxy.java:231)
	at org.springframework.security.web.FilterChainProxy$VirtualFilterChain.doFilter(FilterChainProxy.java:365)
	at org.springframework.security.web.access.intercept.AuthorizationFilter.doFilter(AuthorizationFilter.java:100)
	at org.springframework.security.web.FilterChainProxy$VirtualFilterChain.doFilter(FilterChainProxy.java:374)
	at org.springframework.security.web.access.ExceptionTranslationFilter.doFilter(ExceptionTranslationFilter.java:126)
	at org.springframework.security.web.access.ExceptionTranslationFilter.doFilter(ExceptionTranslationFilter.java:120)
	at org.springframework.security.web.FilterChainProxy$VirtualFilterChain.doFilter(FilterChainProxy.java:374)
	at org.springframework.security.web.authentication.AnonymousAuthenticationFilter.doFilter(AnonymousAuthenticationFilter.java:100)
	at org.springframework.security.web.FilterChainProxy$VirtualFilterChain.doFilter(FilterChainProxy.java:374)
	at org.springframework.security.web.servletapi.SecurityContextHolderAwareRequestFilter.doFilter(SecurityContextHolderAwareRequestFilter.java:179)
	at org.springframework.security.web.FilterChainProxy$VirtualFilterChain.doFilter(FilterChainProxy.java:374)
	at org.springframework.security.web.savedrequest.RequestCacheAwareFilter.doFilter(RequestCacheAwareFilter.java:63)
	at org.springframework.security.web.FilterChainProxy$VirtualFilterChain.doFilter(FilterChainProxy.java:374)
	at org.springframework.security.web.authentication.AbstractAuthenticationProcessingFilter.doFilter(AbstractAuthenticationProcessingFilter.java:227)
	at org.springframework.security.web.authentication.AbstractAuthenticationProcessingFilter.doFilter(AbstractAuthenticationProcessingFilter.java:221)
	at org.springframework.security.web.FilterChainProxy$VirtualFilterChain.doFilter(FilterChainProxy.java:374)
	at org.springframework.security.web.authentication.logout.LogoutFilter.doFilter(LogoutFilter.java:107)
	at org.springframework.security.web.authentication.logout.LogoutFilter.doFilter(LogoutFilter.java:93)
	at org.springframework.security.web.FilterChainProxy$VirtualFilterChain.doFilter(FilterChainProxy.java:374)
	at org.springframework.web.filter.CorsFilter.doFilterInternal(CorsFilter.java:91)
	at org.springframework.web.filter.OncePerRequestFilter.doFilter(OncePerRequestFilter.java:116)
	at org.springframework.security.web.FilterChainProxy$VirtualFilterChain.doFilter(FilterChainProxy.java:374)
	at org.springframework.security.web.header.HeaderWriterFilter.doHeadersAfter(HeaderWriterFilter.java:90)
	at org.springframework.security.web.header.HeaderWriterFilter.doFilterInternal(HeaderWriterFilter.java:75)
	at org.springframework.web.filter.OncePerRequestFilter.doFilter(OncePerRequestFilter.java:116)
	at org.springframework.security.web.FilterChainProxy$VirtualFilterChain.doFilter(FilterChainProxy.java:374)
	at org.springframework.security.web.context.SecurityContextHolderFilter.doFilter(SecurityContextHolderFilter.java:82)
	at org.springframework.security.web.context.SecurityContextHolderFilter.doFilter(SecurityContextHolderFilter.java:69)
	at org.springframework.security.web.FilterChainProxy$VirtualFilterChain.doFilter(FilterChainProxy.java:374)
	at org.springframework.security.web.context.request.async.WebAsyncManagerIntegrationFilter.doFilterInternal(WebAsyncManagerIntegrationFilter.java:62)
	at org.springframework.web.filter.OncePerRequestFilter.doFilter(OncePerRequestFilter.java:116)
	at org.springframework.security.web.FilterChainProxy$VirtualFilterChain.doFilter(FilterChainProxy.java:374)
	at org.springframework.security.web.session.DisableEncodeUrlFilter.doFilterInternal(DisableEncodeUrlFilter.java:42)
	at org.springframework.web.filter.OncePerRequestFilter.doFilter(OncePerRequestFilter.java:116)
	at org.springframework.security.web.FilterChainProxy$VirtualFilterChain.doFilter(FilterChainProxy.java:374)
	at org.springframework.security.web.FilterChainProxy.doFilterInternal(FilterChainProxy.java:233)
	at org.springframework.security.web.FilterChainProxy.doFilter(FilterChainProxy.java:191)
	at org.springframework.web.filter.CompositeFilter$VirtualFilterChain.doFilter(CompositeFilter.java:113)
	at org.springframework.web.servlet.handler.HandlerMappingIntrospector.lambda$createCacheFilter$3(HandlerMappingIntrospector.java:195)
	at org.springframework.web.filter.CompositeFilter$VirtualFilterChain.doFilter(CompositeFilter.java:113)
	at org.springframework.web.filter.CompositeFilter.doFilter(CompositeFilter.java:74)
	at org.springframework.security.config.annotation.web.configuration.WebMvcSecurityConfiguration$CompositeFilterChainProxy.doFilter(WebMvcSecurityConfiguration.java:225)
	at org.springframework.web.filter.DelegatingFilterProxy.invokeDelegate(DelegatingFilterProxy.java:352)
	at org.springframework.web.filter.DelegatingFilterProxy.doFilter(DelegatingFilterProxy.java:268)
	at org.apache.catalina.core.ApplicationFilterChain.internalDoFilter(ApplicationFilterChain.java:174)
	at org.apache.catalina.core.ApplicationFilterChain.doFilter(ApplicationFilterChain.java:149)
	at org.springframework.web.filter.RequestContextFilter.doFilterInternal(RequestContextFilter.java:100)
	at org.springframework.web.filter.OncePerRequestFilter.doFilter(OncePerRequestFilter.java:116)
	at org.apache.catalina.core.ApplicationFilterChain.internalDoFilter(ApplicationFilterChain.java:174)
	at org.apache.catalina.core.ApplicationFilterChain.doFilter(ApplicationFilterChain.java:149)
	at org.springframework.web.filter.FormContentFilter.doFilterInternal(FormContentFilter.java:93)
	at org.springframework.web.filter.OncePerRequestFilter.doFilter(OncePerRequestFilter.java:116)
	at org.apache.catalina.core.ApplicationFilterChain.internalDoFilter(ApplicationFilterChain.java:174)
	at org.apache.catalina.core.ApplicationFilterChain.doFilter(ApplicationFilterChain.java:149)
	at org.springframework.web.filter.CharacterEncodingFilter.doFilterInternal(CharacterEncodingFilter.java:201)
	at org.springframework.web.filter.OncePerRequestFilter.doFilter(OncePerRequestFilter.java:116)
	at org.apache.catalina.core.ApplicationFilterChain.internalDoFilter(ApplicationFilterChain.java:174)
	at org.apache.catalina.core.ApplicationFilterChain.doFilter(ApplicationFilterChain.java:149)
	at org.apache.catalina.core.StandardWrapperValve.invoke(StandardWrapperValve.java:167)
	at org.apache.catalina.core.StandardContextValve.invoke(StandardContextValve.java:90)
	at org.apache.catalina.authenticator.AuthenticatorBase.invoke(AuthenticatorBase.java:482)
	at org.apache.catalina.core.StandardHostValve.invoke(StandardHostValve.java:115)
	at org.apache.catalina.valves.ErrorReportValve.invoke(ErrorReportValve.java:93)
	at org.apache.catalina.core.StandardEngineValve.invoke(StandardEngineValve.java:74)
	at org.apache.catalina.connector.CoyoteAdapter.service(CoyoteAdapter.java:340)
	at org.apache.coyote.http11.Http11Processor.service(Http11Processor.java:391)
	at org.apache.coyote.AbstractProcessorLight.process(AbstractProcessorLight.java:63)
	at org.apache.coyote.AbstractProtocol$ConnectionHandler.process(AbstractProtocol.java:896)
	at org.apache.tomcat.util.net.NioEndpoint$SocketProcessor.doRun(NioEndpoint.java:1744)
	at org.apache.tomcat.util.net.SocketProcessorBase.run(SocketProcessorBase.java:52)
	at org.apache.tomcat.util.threads.ThreadPoolExecutor.runWorker(ThreadPoolExecutor.java:1191)
	at org.apache.tomcat.util.threads.ThreadPoolExecutor$Worker.run(ThreadPoolExecutor.java:659)
	at org.apache.tomcat.util.threads.TaskThread$WrappingRunnable.run(TaskThread.java:61)
	at java.base/java.lang.Thread.run(Thread.java:1570)
Caused by: org.hibernate.exception.SQLGrammarException: JDBC exception executing SQL [select count(tb1_0.id) from thong_bao tb1_0 where tb1_0.tai_khoan_id=? and not(tb1_0.da_doc)] [Table 'qltv.thong_bao' doesn't exist] [n/a]
	at org.hibernate.exception.internal.SQLExceptionTypeDelegate.convert(SQLExceptionTypeDelegate.java:66)
	at org.hibernate.exception.internal.StandardSQLExceptionConverter.convert(StandardSQLExceptionConverter.java:58)
	at org.hibernate.engine.jdbc.spi.SqlExceptionHelper.convert(SqlExceptionHelper.java:108)
	at org.hibernate.engine.jdbc.spi.SqlExceptionHelper.convert(SqlExceptionHelper.java:94)
	at org.hibernate.sql.results.jdbc.internal.DeferredResultSetAccess.executeQuery(DeferredResultSetAccess.java:265)
	at org.hibernate.sql.results.jdbc.internal.DeferredResultSetAccess.getResultSet(DeferredResultSetAccess.java:167)
	at org.hibernate.sql.results.jdbc.internal.JdbcValuesResultSetImpl.advanceNext(JdbcValuesResultSetImpl.java:218)
	at org.hibernate.sql.results.jdbc.internal.JdbcValuesResultSetImpl.processNext(JdbcValuesResultSetImpl.java:98)
	at org.hibernate.sql.results.jdbc.internal.AbstractJdbcValues.next(AbstractJdbcValues.java:19)
	at org.hibernate.sql.results.internal.RowProcessingStateStandardImpl.next(RowProcessingStateStandardImpl.java:66)
	at org.hibernate.sql.results.spi.ListResultsConsumer.consume(ListResultsConsumer.java:203)
	at org.hibernate.sql.results.spi.ListResultsConsumer.consume(ListResultsConsumer.java:33)
	at org.hibernate.sql.exec.internal.JdbcSelectExecutorStandardImpl.doExecuteQuery(JdbcSelectExecutorStandardImpl.java:209)
	at org.hibernate.sql.exec.internal.JdbcSelectExecutorStandardImpl.executeQuery(JdbcSelectExecutorStandardImpl.java:83)
	at org.hibernate.sql.exec.spi.JdbcSelectExecutor.list(JdbcSelectExecutor.java:76)
	at org.hibernate.sql.exec.spi.JdbcSelectExecutor.list(JdbcSelectExecutor.java:65)
	at org.hibernate.query.sqm.internal.ConcreteSqmSelectQueryPlan.lambda$new$2(ConcreteSqmSelectQueryPlan.java:137)
	at org.hibernate.query.sqm.internal.ConcreteSqmSelectQueryPlan.withCacheableSqmInterpretation(ConcreteSqmSelectQueryPlan.java:359)
	at org.hibernate.query.sqm.internal.ConcreteSqmSelectQueryPlan.performList(ConcreteSqmSelectQueryPlan.java:300)
	at org.hibernate.query.sqm.internal.QuerySqmImpl.doList(QuerySqmImpl.java:509)
	at org.hibernate.query.spi.AbstractSelectionQuery.list(AbstractSelectionQuery.java:427)
	at org.hibernate.query.spi.AbstractSelectionQuery.getSingleResult(AbstractSelectionQuery.java:564)
	at org.springframework.data.jpa.repository.query.JpaQueryExecution$SingleEntityExecution.doExecute(JpaQueryExecution.java:223)
	at org.springframework.data.jpa.repository.query.JpaQueryExecution.execute(JpaQueryExecution.java:92)
	at org.springframework.data.jpa.repository.query.AbstractJpaQuery.doExecute(AbstractJpaQuery.java:149)
	at org.springframework.data.jpa.repository.query.AbstractJpaQuery.execute(AbstractJpaQuery.java:137)
	at org.springframework.data.repository.core.support.RepositoryMethodInvoker.doInvoke(RepositoryMethodInvoker.java:170)
	at org.springframework.data.repository.core.support.RepositoryMethodInvoker.invoke(RepositoryMethodInvoker.java:158)
	at org.springframework.data.repository.core.support.QueryExecutorMethodInterceptor.doInvoke(QueryExecutorMethodInterceptor.java:164)
	at org.springframework.data.repository.core.support.QueryExecutorMethodInterceptor.invoke(QueryExecutorMethodInterceptor.java:143)
	at org.springframework.aop.framework.ReflectiveMethodInvocation.proceed(ReflectiveMethodInvocation.java:184)
	at org.springframework.data.projection.DefaultMethodInvokingMethodInterceptor.invoke(DefaultMethodInvokingMethodInterceptor.java:70)
	at org.springframework.aop.framework.ReflectiveMethodInvocation.proceed(ReflectiveMethodInvocation.java:184)
	at org.springframework.transaction.interceptor.TransactionInterceptor$1.proceedWithInvocation(TransactionInterceptor.java:123)
	at org.springframework.transaction.interceptor.TransactionAspectSupport.invokeWithinTransaction(TransactionAspectSupport.java:385)
	at org.springframework.transaction.interceptor.TransactionInterceptor.invoke(TransactionInterceptor.java:119)
	at org.springframework.aop.framework.ReflectiveMethodInvocation.proceed(ReflectiveMethodInvocation.java:184)
	at org.springframework.dao.support.PersistenceExceptionTranslationInterceptor.invoke(PersistenceExceptionTranslationInterceptor.java:137)
	... 107 common frames omitted
Caused by: java.sql.SQLSyntaxErrorException: Table 'qltv.thong_bao' doesn't exist
	at com.mysql.cj.jdbc.exceptions.SQLError.createSQLException(SQLError.java:121)
	at com.mysql.cj.jdbc.exceptions.SQLExceptionsMapping.translateException(SQLExceptionsMapping.java:122)
	at com.mysql.cj.jdbc.ClientPreparedStatement.executeInternal(ClientPreparedStatement.java:912)
	at com.mysql.cj.jdbc.ClientPreparedStatement.executeQuery(ClientPreparedStatement.java:968)
	at com.zaxxer.hikari.pool.ProxyPreparedStatement.executeQuery(ProxyPreparedStatement.java:52)
	at com.zaxxer.hikari.pool.HikariProxyPreparedStatement.executeQuery(HikariProxyPreparedStatement.java)
	at org.hibernate.sql.results.jdbc.internal.DeferredResultSetAccess.executeQuery(DeferredResultSetAccess.java:246)
	... 140 common frames omitted
2026-04-20 21:47:43 [http-nio-8080-exec-3] WARN  o.s.w.s.m.m.a.ExceptionHandlerExceptionResolver - Resolved [org.springframework.dao.InvalidDataAccessResourceUsageException: JDBC exception executing SQL [select count(tb1_0.id) from thong_bao tb1_0 where tb1_0.tai_khoan_id=? and not(tb1_0.da_doc)] [Table 'qltv.thong_bao' doesn't exist] [n/a]; SQL [n/a]]
2026-04-20 21:47:43 [http-nio-8080-exec-3] DEBUG o.s.web.servlet.DispatcherServlet - Using resolved error view: ModelAndView [view="redirect:http://localhost:8080/login"; model={}]
2026-04-20 21:47:43 [http-nio-8080-exec-3] DEBUG o.s.web.servlet.view.RedirectView - View name 'redirect:', model {}
2026-04-20 21:47:43 [http-nio-8080-exec-3] DEBUG o.s.web.servlet.DispatcherServlet - Completed 302 FOUND
2026-04-20 21:47:43 [http-nio-8080-exec-4] DEBUG o.s.security.web.FilterChainProxy - Securing GET /login
2026-04-20 21:47:43 [http-nio-8080-exec-4] DEBUG o.s.security.web.FilterChainProxy - Secured GET /login
2026-04-20 21:47:43 [http-nio-8080-exec-4] DEBUG o.s.web.servlet.DispatcherServlet - GET "/login", parameters={}
2026-04-20 21:47:43 [http-nio-8080-exec-4] DEBUG o.s.w.s.m.m.a.RequestMappingHandlerMapping - Mapped to com.example.library.controller.AuthController#loginPage(String, String, String, String, Model)
2026-04-20 21:47:43 [http-nio-8080-exec-4] DEBUG o.s.s.w.c.HttpSessionSecurityContextRepository - Retrieved SecurityContextImpl [Authentication=UsernamePasswordAuthenticationToken [Principal=org.springframework.security.core.userdetails.User [Username=Tanphong, Password=[PROTECTED], Enabled=true, AccountNonExpired=true, CredentialsNonExpired=true, AccountNonLocked=true, Granted Authorities=[ROLE_KHACHHANG]], Credentials=[PROTECTED], Authenticated=true, Details=WebAuthenticationDetails [RemoteIpAddress=0:0:0:0:0:0:0:1, SessionId=null], Granted Authorities=[ROLE_KHACHHANG]]]
2026-04-20 21:47:43 [http-nio-8080-exec-4] DEBUG org.hibernate.SQL - 
    select
        tk1_0.matk,
        tk1_0.avatar,
        tk1_0.diachi,
        tk1_0.email,
        tk1_0.hoten,
        tk1_0.ngaytao,
        tk1_0.password,
        tk1_0.quyen,
        tk1_0.reset_token,
        tk1_0.sodienthoai,
        tk1_0.trangthai,
        tk1_0.username 
    from
        taikhoan tk1_0 
    where
        tk1_0.username=?
2026-04-20 21:47:43 [http-nio-8080-exec-4] DEBUG org.hibernate.SQL - 
    select
        count(tb1_0.id) 
    from
        thong_bao tb1_0 
    where
        tb1_0.tai_khoan_id=? 
        and not(tb1_0.da_doc)
2026-04-20 21:47:43 [http-nio-8080-exec-4] WARN  o.h.e.jdbc.spi.SqlExceptionHelper - SQL Error: 1146, SQLState: 42S02
2026-04-20 21:47:43 [http-nio-8080-exec-4] ERROR o.h.e.jdbc.spi.SqlExceptionHelper - Table 'qltv.thong_bao' doesn't exist
2026-04-20 21:47:43 [http-nio-8080-exec-4] DEBUG o.s.w.s.m.m.a.ExceptionHandlerExceptionResolver - Using @ExceptionHandler com.example.library.exception.GlobalExceptionHandler#handleGeneralException(Exception, HttpServletRequest, RedirectAttributes)
2026-04-20 21:47:43 [http-nio-8080-exec-4] ERROR c.e.l.e.GlobalExceptionHandler - Lỗi không lường trước xảy ra tại URL: http://localhost:8080/login. Chi tiết: 
org.springframework.dao.InvalidDataAccessResourceUsageException: JDBC exception executing SQL [select count(tb1_0.id) from thong_bao tb1_0 where tb1_0.tai_khoan_id=? and not(tb1_0.da_doc)] [Table 'qltv.thong_bao' doesn't exist] [n/a]; SQL [n/a]
	at org.springframework.orm.jpa.vendor.HibernateJpaDialect.convertHibernateAccessException(HibernateJpaDialect.java:277)
	at org.springframework.orm.jpa.vendor.HibernateJpaDialect.translateExceptionIfPossible(HibernateJpaDialect.java:241)
	at org.springframework.orm.jpa.AbstractEntityManagerFactoryBean.translateExceptionIfPossible(AbstractEntityManagerFactoryBean.java:550)
	at org.springframework.dao.support.ChainedPersistenceExceptionTranslator.translateExceptionIfPossible(ChainedPersistenceExceptionTranslator.java:61)
	at org.springframework.dao.support.DataAccessUtils.translateIfNecessary(DataAccessUtils.java:335)
	at org.springframework.dao.support.PersistenceExceptionTranslationInterceptor.invoke(PersistenceExceptionTranslationInterceptor.java:152)
	at org.springframework.aop.framework.ReflectiveMethodInvocation.proceed(ReflectiveMethodInvocation.java:184)
	at org.springframework.data.jpa.repository.support.CrudMethodMetadataPostProcessor$CrudMethodMetadataPopulatingMethodInterceptor.invoke(CrudMethodMetadataPostProcessor.java:135)
	at org.springframework.aop.framework.ReflectiveMethodInvocation.proceed(ReflectiveMethodInvocation.java:184)
	at org.springframework.aop.interceptor.ExposeInvocationInterceptor.invoke(ExposeInvocationInterceptor.java:97)
	at org.springframework.aop.framework.ReflectiveMethodInvocation.proceed(ReflectiveMethodInvocation.java:184)
	at org.springframework.aop.framework.JdkDynamicAopProxy.invoke(JdkDynamicAopProxy.java:220)
	at jdk.proxy4/jdk.proxy4.$Proxy138.countByTaiKhoanIdAndDaDocFalse(Unknown Source)
	at com.example.library.service.NotificationService.getUnreadCount(NotificationService.java:70)
	at com.example.library.controller.GlobalControllerAdvice.lambda$getUnreadCount$0(GlobalControllerAdvice.java:27)
	at java.base/java.util.Optional.map(Optional.java:260)
	at com.example.library.controller.GlobalControllerAdvice.getUnreadCount(GlobalControllerAdvice.java:27)
	at java.base/jdk.internal.reflect.DirectMethodHandleAccessor.invoke(DirectMethodHandleAccessor.java:103)
	at java.base/java.lang.reflect.Method.invoke(Method.java:580)
	at org.springframework.web.method.support.InvocableHandlerMethod.doInvoke(InvocableHandlerMethod.java:261)
	at org.springframework.web.method.support.InvocableHandlerMethod.invokeForRequest(InvocableHandlerMethod.java:189)
	at org.springframework.web.method.annotation.ModelFactory.invokeModelAttributeMethods(ModelFactory.java:143)
	at org.springframework.web.method.annotation.ModelFactory.initModel(ModelFactory.java:112)
	at org.springframework.web.servlet.mvc.method.annotation.RequestMappingHandlerAdapter.invokeHandlerMethod(RequestMappingHandlerAdapter.java:894)
	at org.springframework.web.servlet.mvc.method.annotation.RequestMappingHandlerAdapter.handleInternal(RequestMappingHandlerAdapter.java:829)
	at org.springframework.web.servlet.mvc.method.AbstractHandlerMethodAdapter.handle(AbstractHandlerMethodAdapter.java:87)
	at org.springframework.web.servlet.DispatcherServlet.doDispatch(DispatcherServlet.java:1089)
	at org.springframework.web.servlet.DispatcherServlet.doService(DispatcherServlet.java:979)
	at org.springframework.web.servlet.FrameworkServlet.processRequest(FrameworkServlet.java:1014)
	at org.springframework.web.servlet.FrameworkServlet.doGet(FrameworkServlet.java:903)
	at jakarta.servlet.http.HttpServlet.service(HttpServlet.java:564)
	at org.springframework.web.servlet.FrameworkServlet.service(FrameworkServlet.java:885)
	at jakarta.servlet.http.HttpServlet.service(HttpServlet.java:658)
	at org.apache.catalina.core.ApplicationFilterChain.internalDoFilter(ApplicationFilterChain.java:205)
	at org.apache.catalina.core.ApplicationFilterChain.doFilter(ApplicationFilterChain.java:149)
	at org.apache.tomcat.websocket.server.WsFilter.doFilter(WsFilter.java:51)
	at org.apache.catalina.core.ApplicationFilterChain.internalDoFilter(ApplicationFilterChain.java:174)
	at org.apache.catalina.core.ApplicationFilterChain.doFilter(ApplicationFilterChain.java:149)
	at org.springframework.web.filter.CompositeFilter$VirtualFilterChain.doFilter(CompositeFilter.java:108)
	at org.springframework.security.web.FilterChainProxy.lambda$doFilterInternal$3(FilterChainProxy.java:231)
	at org.springframework.security.web.FilterChainProxy$VirtualFilterChain.doFilter(FilterChainProxy.java:365)
	at org.springframework.security.web.access.intercept.AuthorizationFilter.doFilter(AuthorizationFilter.java:100)
	at org.springframework.security.web.FilterChainProxy$VirtualFilterChain.doFilter(FilterChainProxy.java:374)
	at org.springframework.security.web.access.ExceptionTranslationFilter.doFilter(ExceptionTranslationFilter.java:126)
	at org.springframework.security.web.access.ExceptionTranslationFilter.doFilter(ExceptionTranslationFilter.java:120)
	at org.springframework.security.web.FilterChainProxy$VirtualFilterChain.doFilter(FilterChainProxy.java:374)
	at org.springframework.security.web.authentication.AnonymousAuthenticationFilter.doFilter(AnonymousAuthenticationFilter.java:100)
	at org.springframework.security.web.FilterChainProxy$VirtualFilterChain.doFilter(FilterChainProxy.java:374)
	at org.springframework.security.web.servletapi.SecurityContextHolderAwareRequestFilter.doFilter(SecurityContextHolderAwareRequestFilter.java:179)
	at org.springframework.security.web.FilterChainProxy$VirtualFilterChain.doFilter(FilterChainProxy.java:374)
	at org.springframework.security.web.savedrequest.RequestCacheAwareFilter.doFilter(RequestCacheAwareFilter.java:63)
	at org.springframework.security.web.FilterChainProxy$VirtualFilterChain.doFilter(FilterChainProxy.java:374)
	at org.springframework.security.web.authentication.AbstractAuthenticationProcessingFilter.doFilter(AbstractAuthenticationProcessingFilter.java:227)
	at org.springframework.security.web.authentication.AbstractAuthenticationProcessingFilter.doFilter(AbstractAuthenticationProcessingFilter.java:221)
	at org.springframework.security.web.FilterChainProxy$VirtualFilterChain.doFilter(FilterChainProxy.java:374)
	at org.springframework.security.web.authentication.logout.LogoutFilter.doFilter(LogoutFilter.java:107)
	at org.springframework.security.web.authentication.logout.LogoutFilter.doFilter(LogoutFilter.java:93)
	at org.springframework.security.web.FilterChainProxy$VirtualFilterChain.doFilter(FilterChainProxy.java:374)
	at org.springframework.web.filter.CorsFilter.doFilterInternal(CorsFilter.java:91)
	at org.springframework.web.filter.OncePerRequestFilter.doFilter(OncePerRequestFilter.java:116)
	at org.springframework.security.web.FilterChainProxy$VirtualFilterChain.doFilter(FilterChainProxy.java:374)
	at org.springframework.security.web.header.HeaderWriterFilter.doHeadersAfter(HeaderWriterFilter.java:90)
	at org.springframework.security.web.header.HeaderWriterFilter.doFilterInternal(HeaderWriterFilter.java:75)
	at org.springframework.web.filter.OncePerRequestFilter.doFilter(OncePerRequestFilter.java:116)
	at org.springframework.security.web.FilterChainProxy$VirtualFilterChain.doFilter(FilterChainProxy.java:374)
	at org.springframework.security.web.context.SecurityContextHolderFilter.doFilter(SecurityContextHolderFilter.java:82)
	at org.springframework.security.web.context.SecurityContextHolderFilter.doFilter(SecurityContextHolderFilter.java:69)
	at org.springframework.security.web.FilterChainProxy$VirtualFilterChain.doFilter(FilterChainProxy.java:374)
	at org.springframework.security.web.context.request.async.WebAsyncManagerIntegrationFilter.doFilterInternal(WebAsyncManagerIntegrationFilter.java:62)
	at org.springframework.web.filter.OncePerRequestFilter.doFilter(OncePerRequestFilter.java:116)
	at org.springframework.security.web.FilterChainProxy$VirtualFilterChain.doFilter(FilterChainProxy.java:374)
	at org.springframework.security.web.session.DisableEncodeUrlFilter.doFilterInternal(DisableEncodeUrlFilter.java:42)
	at org.springframework.web.filter.OncePerRequestFilter.doFilter(OncePerRequestFilter.java:116)
	at org.springframework.security.web.FilterChainProxy$VirtualFilterChain.doFilter(FilterChainProxy.java:374)
	at org.springframework.security.web.FilterChainProxy.doFilterInternal(FilterChainProxy.java:233)
	at org.springframework.security.web.FilterChainProxy.doFilter(FilterChainProxy.java:191)
	at org.springframework.web.filter.CompositeFilter$VirtualFilterChain.doFilter(CompositeFilter.java:113)
	at org.springframework.web.servlet.handler.HandlerMappingIntrospector.lambda$createCacheFilter$3(HandlerMappingIntrospector.java:195)
	at org.springframework.web.filter.CompositeFilter$VirtualFilterChain.doFilter(CompositeFilter.java:113)
	at org.springframework.web.filter.CompositeFilter.doFilter(CompositeFilter.java:74)
	at org.springframework.security.config.annotation.web.configuration.WebMvcSecurityConfiguration$CompositeFilterChainProxy.doFilter(WebMvcSecurityConfiguration.java:225)
	at org.springframework.web.filter.DelegatingFilterProxy.invokeDelegate(DelegatingFilterProxy.java:352)
	at org.springframework.web.filter.DelegatingFilterProxy.doFilter(DelegatingFilterProxy.java:268)
	at org.apache.catalina.core.ApplicationFilterChain.internalDoFilter(ApplicationFilterChain.java:174)
	at org.apache.catalina.core.ApplicationFilterChain.doFilter(ApplicationFilterChain.java:149)
	at org.springframework.web.filter.RequestContextFilter.doFilterInternal(RequestContextFilter.java:100)
	at org.springframework.web.filter.OncePerRequestFilter.doFilter(OncePerRequestFilter.java:116)
	at org.apache.catalina.core.ApplicationFilterChain.internalDoFilter(ApplicationFilterChain.java:174)
	at org.apache.catalina.core.ApplicationFilterChain.doFilter(ApplicationFilterChain.java:149)
	at org.springframework.web.filter.FormContentFilter.doFilterInternal(FormContentFilter.java:93)
	at org.springframework.web.filter.OncePerRequestFilter.doFilter(OncePerRequestFilter.java:116)
	at org.apache.catalina.core.ApplicationFilterChain.internalDoFilter(ApplicationFilterChain.java:174)
	at org.apache.catalina.core.ApplicationFilterChain.doFilter(ApplicationFilterChain.java:149)
	at org.springframework.web.filter.CharacterEncodingFilter.doFilterInternal(CharacterEncodingFilter.java:201)
	at org.springframework.web.filter.OncePerRequestFilter.doFilter(OncePerRequestFilter.java:116)
	at org.apache.catalina.core.ApplicationFilterChain.internalDoFilter(ApplicationFilterChain.java:174)
	at org.apache.catalina.core.ApplicationFilterChain.doFilter(ApplicationFilterChain.java:149)
	at org.apache.catalina.core.StandardWrapperValve.invoke(StandardWrapperValve.java:167)
	at org.apache.catalina.core.StandardContextValve.invoke(StandardContextValve.java:90)
	at org.apache.catalina.authenticator.AuthenticatorBase.invoke(AuthenticatorBase.java:482)
	at org.apache.catalina.core.StandardHostValve.invoke(StandardHostValve.java:115)
	at org.apache.catalina.valves.ErrorReportValve.invoke(ErrorReportValve.java:93)
	at org.apache.catalina.core.StandardEngineValve.invoke(StandardEngineValve.java:74)
	at org.apache.catalina.connector.CoyoteAdapter.service(CoyoteAdapter.java:340)
	at org.apache.coyote.http11.Http11Processor.service(Http11Processor.java:391)
	at org.apache.coyote.AbstractProcessorLight.process(AbstractProcessorLight.java:63)
	at org.apache.coyote.AbstractProtocol$ConnectionHandler.process(AbstractProtocol.java:896)
	at org.apache.tomcat.util.net.NioEndpoint$SocketProcessor.doRun(NioEndpoint.java:1744)
	at org.apache.tomcat.util.net.SocketProcessorBase.run(SocketProcessorBase.java:52)
	at org.apache.tomcat.util.threads.ThreadPoolExecutor.runWorker(ThreadPoolExecutor.java:1191)
	at org.apache.tomcat.util.threads.ThreadPoolExecutor$Worker.run(ThreadPoolExecutor.java:659)
	at org.apache.tomcat.util.threads.TaskThread$WrappingRunnable.run(TaskThread.java:61)
	at java.base/java.lang.Thread.run(Thread.java:1570)
Caused by: org.hibernate.exception.SQLGrammarException: JDBC exception executing SQL [select count(tb1_0.id) from thong_bao tb1_0 where tb1_0.tai_khoan_id=? and not(tb1_0.da_doc)] [Table 'qltv.thong_bao' doesn't exist] [n/a]
	at org.hibernate.exception.internal.SQLExceptionTypeDelegate.convert(SQLExceptionTypeDelegate.java:66)
	at org.hibernate.exception.internal.StandardSQLExceptionConverter.convert(StandardSQLExceptionConverter.java:58)
	at org.hibernate.engine.jdbc.spi.SqlExceptionHelper.convert(SqlExceptionHelper.java:108)
	at org.hibernate.engine.jdbc.spi.SqlExceptionHelper.convert(SqlExceptionHelper.java:94)
	at org.hibernate.sql.results.jdbc.internal.DeferredResultSetAccess.executeQuery(DeferredResultSetAccess.java:265)
	at org.hibernate.sql.results.jdbc.internal.DeferredResultSetAccess.getResultSet(DeferredResultSetAccess.java:167)
	at org.hibernate.sql.results.jdbc.internal.JdbcValuesResultSetImpl.advanceNext(JdbcValuesResultSetImpl.java:218)
	at org.hibernate.sql.results.jdbc.internal.JdbcValuesResultSetImpl.processNext(JdbcValuesResultSetImpl.java:98)
	at org.hibernate.sql.results.jdbc.internal.AbstractJdbcValues.next(AbstractJdbcValues.java:19)
	at org.hibernate.sql.results.internal.RowProcessingStateStandardImpl.next(RowProcessingStateStandardImpl.java:66)
	at org.hibernate.sql.results.spi.ListResultsConsumer.consume(ListResultsConsumer.java:203)
	at org.hibernate.sql.results.spi.ListResultsConsumer.consume(ListResultsConsumer.java:33)
	at org.hibernate.sql.exec.internal.JdbcSelectExecutorStandardImpl.doExecuteQuery(JdbcSelectExecutorStandardImpl.java:209)
	at org.hibernate.sql.exec.internal.JdbcSelectExecutorStandardImpl.executeQuery(JdbcSelectExecutorStandardImpl.java:83)
	at org.hibernate.sql.exec.spi.JdbcSelectExecutor.list(JdbcSelectExecutor.java:76)
	at org.hibernate.sql.exec.spi.JdbcSelectExecutor.list(JdbcSelectExecutor.java:65)
	at org.hibernate.query.sqm.internal.ConcreteSqmSelectQueryPlan.lambda$new$2(ConcreteSqmSelectQueryPlan.java:137)
	at org.hibernate.query.sqm.internal.ConcreteSqmSelectQueryPlan.withCacheableSqmInterpretation(ConcreteSqmSelectQueryPlan.java:359)
	at org.hibernate.query.sqm.internal.ConcreteSqmSelectQueryPlan.performList(ConcreteSqmSelectQueryPlan.java:300)
	at org.hibernate.query.sqm.internal.QuerySqmImpl.doList(QuerySqmImpl.java:509)
	at org.hibernate.query.spi.AbstractSelectionQuery.list(AbstractSelectionQuery.java:427)
	at org.hibernate.query.spi.AbstractSelectionQuery.getSingleResult(AbstractSelectionQuery.java:564)
	at org.springframework.data.jpa.repository.query.JpaQueryExecution$SingleEntityExecution.doExecute(JpaQueryExecution.java:223)
	at org.springframework.data.jpa.repository.query.JpaQueryExecution.execute(JpaQueryExecution.java:92)
	at org.springframework.data.jpa.repository.query.AbstractJpaQuery.doExecute(AbstractJpaQuery.java:149)
	at org.springframework.data.jpa.repository.query.AbstractJpaQuery.execute(AbstractJpaQuery.java:137)
	at org.springframework.data.repository.core.support.RepositoryMethodInvoker.doInvoke(RepositoryMethodInvoker.java:170)
	at org.springframework.data.repository.core.support.RepositoryMethodInvoker.invoke(RepositoryMethodInvoker.java:158)
	at org.springframework.data.repository.core.support.QueryExecutorMethodInterceptor.doInvoke(QueryExecutorMethodInterceptor.java:164)
	at org.springframework.data.repository.core.support.QueryExecutorMethodInterceptor.invoke(QueryExecutorMethodInterceptor.java:143)
	at org.springframework.aop.framework.ReflectiveMethodInvocation.proceed(ReflectiveMethodInvocation.java:184)
	at org.springframework.data.projection.DefaultMethodInvokingMethodInterceptor.invoke(DefaultMethodInvokingMethodInterceptor.java:70)
	at org.springframework.aop.framework.ReflectiveMethodInvocation.proceed(ReflectiveMethodInvocation.java:184)
	at org.springframework.transaction.interceptor.TransactionInterceptor$1.proceedWithInvocation(TransactionInterceptor.java:123)
	at org.springframework.transaction.interceptor.TransactionAspectSupport.invokeWithinTransaction(TransactionAspectSupport.java:385)
	at org.springframework.transaction.interceptor.TransactionInterceptor.invoke(TransactionInterceptor.java:119)
	at org.springframework.aop.framework.ReflectiveMethodInvocation.proceed(ReflectiveMethodInvocation.java:184)
	at org.springframework.dao.support.PersistenceExceptionTranslationInterceptor.invoke(PersistenceExceptionTranslationInterceptor.java:137)
	... 107 common frames omitted
Caused by: java.sql.SQLSyntaxErrorException: Table 'qltv.thong_bao' doesn't exist
	at com.mysql.cj.jdbc.exceptions.SQLError.createSQLException(SQLError.java:121)
	at com.mysql.cj.jdbc.exceptions.SQLExceptionsMapping.translateException(SQLExceptionsMapping.java:122)
	at com.mysql.cj.jdbc.ClientPreparedStatement.executeInternal(ClientPreparedStatement.java:912)
	at com.mysql.cj.jdbc.ClientPreparedStatement.executeQuery(ClientPreparedStatement.java:968)
	at com.zaxxer.hikari.pool.ProxyPreparedStatement.executeQuery(ProxyPreparedStatement.java:52)
	at com.zaxxer.hikari.pool.HikariProxyPreparedStatement.executeQuery(HikariProxyPreparedStatement.java)
	at org.hibernate.sql.results.jdbc.internal.DeferredResultSetAccess.executeQuery(DeferredResultSetAccess.java:246)
	... 140 common frames omitted
2026-04-20 21:47:43 [http-nio-8080-exec-4] WARN  o.s.w.s.m.m.a.ExceptionHandlerExceptionResolver - Resolved [org.springframework.dao.InvalidDataAccessResourceUsageException: JDBC exception executing SQL [select count(tb1_0.id) from thong_bao tb1_0 where tb1_0.tai_khoan_id=? and not(tb1_0.da_doc)] [Table 'qltv.thong_bao' doesn't exist] [n/a]; SQL [n/a]]
2026-04-20 21:47:43 [http-nio-8080-exec-4] DEBUG o.s.web.servlet.DispatcherServlet - Using resolved error view: ModelAndView [view="redirect:http://localhost:8080/login"; model={}]
2026-04-20 21:47:43 [http-nio-8080-exec-4] DEBUG o.s.web.servlet.view.RedirectView - View name 'redirect:', model {}
2026-04-20 21:47:43 [http-nio-8080-exec-4] DEBUG o.s.web.servlet.DispatcherServlet - Completed 302 FOUND
2026-04-20 21:47:43 [http-nio-8080-exec-7] DEBUG o.s.security.web.FilterChainProxy - Securing GET /login
2026-04-20 21:47:43 [http-nio-8080-exec-7] DEBUG o.s.security.web.FilterChainProxy - Secured GET /login
2026-04-20 21:47:43 [http-nio-8080-exec-7] DEBUG o.s.web.servlet.DispatcherServlet - GET "/login", parameters={}
2026-04-20 21:47:43 [http-nio-8080-exec-7] DEBUG o.s.w.s.m.m.a.RequestMappingHandlerMapping - Mapped to com.example.library.controller.AuthController#loginPage(String, String, String, String, Model)
2026-04-20 21:47:43 [http-nio-8080-exec-7] DEBUG o.s.s.w.c.HttpSessionSecurityContextRepository - Retrieved SecurityContextImpl [Authentication=UsernamePasswordAuthenticationToken [Principal=org.springframework.security.core.userdetails.User [Username=Tanphong, Password=[PROTECTED], Enabled=true, AccountNonExpired=true, CredentialsNonExpired=true, AccountNonLocked=true, Granted Authorities=[ROLE_KHACHHANG]], Credentials=[PROTECTED], Authenticated=true, Details=WebAuthenticationDetails [RemoteIpAddress=0:0:0:0:0:0:0:1, SessionId=null], Granted Authorities=[ROLE_KHACHHANG]]]
2026-04-20 21:47:43 [http-nio-8080-exec-7] DEBUG org.hibernate.SQL - 
    select
        tk1_0.matk,
        tk1_0.avatar,
        tk1_0.diachi,
        tk1_0.email,
        tk1_0.hoten,
        tk1_0.ngaytao,
        tk1_0.password,
        tk1_0.quyen,
        tk1_0.reset_token,
        tk1_0.sodienthoai,
        tk1_0.trangthai,
        tk1_0.username 
    from
        taikhoan tk1_0 
    where
        tk1_0.username=?
2026-04-20 21:47:43 [http-nio-8080-exec-7] DEBUG org.hibernate.SQL - 
    select
        count(tb1_0.id) 
    from
        thong_bao tb1_0 
    where
        tb1_0.tai_khoan_id=? 
        and not(tb1_0.da_doc)
2026-04-20 21:47:43 [http-nio-8080-exec-7] WARN  o.h.e.jdbc.spi.SqlExceptionHelper - SQL Error: 1146, SQLState: 42S02
2026-04-20 21:47:43 [http-nio-8080-exec-7] ERROR o.h.e.jdbc.spi.SqlExceptionHelper - Table 'qltv.thong_bao' doesn't exist
2026-04-20 21:47:43 [http-nio-8080-exec-7] DEBUG o.s.w.s.m.m.a.ExceptionHandlerExceptionResolver - Using @ExceptionHandler com.example.library.exception.GlobalExceptionHandler#handleGeneralException(Exception, HttpServletRequest, RedirectAttributes)
2026-04-20 21:47:43 [http-nio-8080-exec-7] ERROR c.e.l.e.GlobalExceptionHandler - Lỗi không lường trước xảy ra tại URL: http://localhost:8080/login. Chi tiết: 
org.springframework.dao.InvalidDataAccessResourceUsageException: JDBC exception executing SQL [select count(tb1_0.id) from thong_bao tb1_0 where tb1_0.tai_khoan_id=? and not(tb1_0.da_doc)] [Table 'qltv.thong_bao' doesn't exist] [n/a]; SQL [n/a]
	at org.springframework.orm.jpa.vendor.HibernateJpaDialect.convertHibernateAccessException(HibernateJpaDialect.java:277)
	at org.springframework.orm.jpa.vendor.HibernateJpaDialect.translateExceptionIfPossible(HibernateJpaDialect.java:241)
	at org.springframework.orm.jpa.AbstractEntityManagerFactoryBean.translateExceptionIfPossible(AbstractEntityManagerFactoryBean.java:550)
	at org.springframework.dao.support.ChainedPersistenceExceptionTranslator.translateExceptionIfPossible(ChainedPersistenceExceptionTranslator.java:61)
	at org.springframework.dao.support.DataAccessUtils.translateIfNecessary(DataAccessUtils.java:335)
	at org.springframework.dao.support.PersistenceExceptionTranslationInterceptor.invoke(PersistenceExceptionTranslationInterceptor.java:152)
	at org.springframework.aop.framework.ReflectiveMethodInvocation.proceed(ReflectiveMethodInvocation.java:184)
	at org.springframework.data.jpa.repository.support.CrudMethodMetadataPostProcessor$CrudMethodMetadataPopulatingMethodInterceptor.invoke(CrudMethodMetadataPostProcessor.java:135)
	at org.springframework.aop.framework.ReflectiveMethodInvocation.proceed(ReflectiveMethodInvocation.java:184)
	at org.springframework.aop.interceptor.ExposeInvocationInterceptor.invoke(ExposeInvocationInterceptor.java:97)
	at org.springframework.aop.framework.ReflectiveMethodInvocation.proceed(ReflectiveMethodInvocation.java:184)
	at org.springframework.aop.framework.JdkDynamicAopProxy.invoke(JdkDynamicAopProxy.java:220)
	at jdk.proxy4/jdk.proxy4.$Proxy138.countByTaiKhoanIdAndDaDocFalse(Unknown Source)
	at com.example.library.service.NotificationService.getUnreadCount(NotificationService.java:70)
	at com.example.library.controller.GlobalControllerAdvice.lambda$getUnreadCount$0(GlobalControllerAdvice.java:27)
	at java.base/java.util.Optional.map(Optional.java:260)
	at com.example.library.controller.GlobalControllerAdvice.getUnreadCount(GlobalControllerAdvice.java:27)
	at java.base/jdk.internal.reflect.DirectMethodHandleAccessor.invoke(DirectMethodHandleAccessor.java:103)
	at java.base/java.lang.reflect.Method.invoke(Method.java:580)
	at org.springframework.web.method.support.InvocableHandlerMethod.doInvoke(InvocableHandlerMethod.java:261)
	at org.springframework.web.method.support.InvocableHandlerMethod.invokeForRequest(InvocableHandlerMethod.java:189)
	at org.springframework.web.method.annotation.ModelFactory.invokeModelAttributeMethods(ModelFactory.java:143)
	at org.springframework.web.method.annotation.ModelFactory.initModel(ModelFactory.java:112)
	at org.springframework.web.servlet.mvc.method.annotation.RequestMappingHandlerAdapter.invokeHandlerMethod(RequestMappingHandlerAdapter.java:894)
	at org.springframework.web.servlet.mvc.method.annotation.RequestMappingHandlerAdapter.handleInternal(RequestMappingHandlerAdapter.java:829)
	at org.springframework.web.servlet.mvc.method.AbstractHandlerMethodAdapter.handle(AbstractHandlerMethodAdapter.java:87)
	at org.springframework.web.servlet.DispatcherServlet.doDispatch(DispatcherServlet.java:1089)
	at org.springframework.web.servlet.DispatcherServlet.doService(DispatcherServlet.java:979)
	at org.springframework.web.servlet.FrameworkServlet.processRequest(FrameworkServlet.java:1014)
	at org.springframework.web.servlet.FrameworkServlet.doGet(FrameworkServlet.java:903)
	at jakarta.servlet.http.HttpServlet.service(HttpServlet.java:564)
	at org.springframework.web.servlet.FrameworkServlet.service(FrameworkServlet.java:885)
	at jakarta.servlet.http.HttpServlet.service(HttpServlet.java:658)
	at org.apache.catalina.core.ApplicationFilterChain.internalDoFilter(ApplicationFilterChain.java:205)
	at org.apache.catalina.core.ApplicationFilterChain.doFilter(ApplicationFilterChain.java:149)
	at org.apache.tomcat.websocket.server.WsFilter.doFilter(WsFilter.java:51)
	at org.apache.catalina.core.ApplicationFilterChain.internalDoFilter(ApplicationFilterChain.java:174)
	at org.apache.catalina.core.ApplicationFilterChain.doFilter(ApplicationFilterChain.java:149)
	at org.springframework.web.filter.CompositeFilter$VirtualFilterChain.doFilter(CompositeFilter.java:108)
	at org.springframework.security.web.FilterChainProxy.lambda$doFilterInternal$3(FilterChainProxy.java:231)
	at org.springframework.security.web.FilterChainProxy$VirtualFilterChain.doFilter(FilterChainProxy.java:365)
	at org.springframework.security.web.access.intercept.AuthorizationFilter.doFilter(AuthorizationFilter.java:100)
	at org.springframework.security.web.FilterChainProxy$VirtualFilterChain.doFilter(FilterChainProxy.java:374)
	at org.springframework.security.web.access.ExceptionTranslationFilter.doFilter(ExceptionTranslationFilter.java:126)
	at org.springframework.security.web.access.ExceptionTranslationFilter.doFilter(ExceptionTranslationFilter.java:120)
	at org.springframework.security.web.FilterChainProxy$VirtualFilterChain.doFilter(FilterChainProxy.java:374)
	at org.springframework.security.web.authentication.AnonymousAuthenticationFilter.doFilter(AnonymousAuthenticationFilter.java:100)
	at org.springframework.security.web.FilterChainProxy$VirtualFilterChain.doFilter(FilterChainProxy.java:374)
	at org.springframework.security.web.servletapi.SecurityContextHolderAwareRequestFilter.doFilter(SecurityContextHolderAwareRequestFilter.java:179)
	at org.springframework.security.web.FilterChainProxy$VirtualFilterChain.doFilter(FilterChainProxy.java:374)
	at org.springframework.security.web.savedrequest.RequestCacheAwareFilter.doFilter(RequestCacheAwareFilter.java:63)
	at org.springframework.security.web.FilterChainProxy$VirtualFilterChain.doFilter(FilterChainProxy.java:374)
	at org.springframework.security.web.authentication.AbstractAuthenticationProcessingFilter.doFilter(AbstractAuthenticationProcessingFilter.java:227)
	at org.springframework.security.web.authentication.AbstractAuthenticationProcessingFilter.doFilter(AbstractAuthenticationProcessingFilter.java:221)
	at org.springframework.security.web.FilterChainProxy$VirtualFilterChain.doFilter(FilterChainProxy.java:374)
	at org.springframework.security.web.authentication.logout.LogoutFilter.doFilter(LogoutFilter.java:107)
	at org.springframework.security.web.authentication.logout.LogoutFilter.doFilter(LogoutFilter.java:93)
	at org.springframework.security.web.FilterChainProxy$VirtualFilterChain.doFilter(FilterChainProxy.java:374)
	at org.springframework.web.filter.CorsFilter.doFilterInternal(CorsFilter.java:91)
	at org.springframework.web.filter.OncePerRequestFilter.doFilter(OncePerRequestFilter.java:116)
	at org.springframework.security.web.FilterChainProxy$VirtualFilterChain.doFilter(FilterChainProxy.java:374)
	at org.springframework.security.web.header.HeaderWriterFilter.doHeadersAfter(HeaderWriterFilter.java:90)
	at org.springframework.security.web.header.HeaderWriterFilter.doFilterInternal(HeaderWriterFilter.java:75)
	at org.springframework.web.filter.OncePerRequestFilter.doFilter(OncePerRequestFilter.java:116)
	at org.springframework.security.web.FilterChainProxy$VirtualFilterChain.doFilter(FilterChainProxy.java:374)
	at org.springframework.security.web.context.SecurityContextHolderFilter.doFilter(SecurityContextHolderFilter.java:82)
	at org.springframework.security.web.context.SecurityContextHolderFilter.doFilter(SecurityContextHolderFilter.java:69)
	at org.springframework.security.web.FilterChainProxy$VirtualFilterChain.doFilter(FilterChainProxy.java:374)
	at org.springframework.security.web.context.request.async.WebAsyncManagerIntegrationFilter.doFilterInternal(WebAsyncManagerIntegrationFilter.java:62)
	at org.springframework.web.filter.OncePerRequestFilter.doFilter(OncePerRequestFilter.java:116)
	at org.springframework.security.web.FilterChainProxy$VirtualFilterChain.doFilter(FilterChainProxy.java:374)
	at org.springframework.security.web.session.DisableEncodeUrlFilter.doFilterInternal(DisableEncodeUrlFilter.java:42)
	at org.springframework.web.filter.OncePerRequestFilter.doFilter(OncePerRequestFilter.java:116)
	at org.springframework.security.web.FilterChainProxy$VirtualFilterChain.doFilter(FilterChainProxy.java:374)
	at org.springframework.security.web.FilterChainProxy.doFilterInternal(FilterChainProxy.java:233)
	at org.springframework.security.web.FilterChainProxy.doFilter(FilterChainProxy.java:191)
	at org.springframework.web.filter.CompositeFilter$VirtualFilterChain.doFilter(CompositeFilter.java:113)
	at org.springframework.web.servlet.handler.HandlerMappingIntrospector.lambda$createCacheFilter$3(HandlerMappingIntrospector.java:195)
	at org.springframework.web.filter.CompositeFilter$VirtualFilterChain.doFilter(CompositeFilter.java:113)
	at org.springframework.web.filter.CompositeFilter.doFilter(CompositeFilter.java:74)
	at org.springframework.security.config.annotation.web.configuration.WebMvcSecurityConfiguration$CompositeFilterChainProxy.doFilter(WebMvcSecurityConfiguration.java:225)
	at org.springframework.web.filter.DelegatingFilterProxy.invokeDelegate(DelegatingFilterProxy.java:352)
	at org.springframework.web.filter.DelegatingFilterProxy.doFilter(DelegatingFilterProxy.java:268)
	at org.apache.catalina.core.ApplicationFilterChain.internalDoFilter(ApplicationFilterChain.java:174)
	at org.apache.catalina.core.ApplicationFilterChain.doFilter(ApplicationFilterChain.java:149)
	at org.springframework.web.filter.RequestContextFilter.doFilterInternal(RequestContextFilter.java:100)
	at org.springframework.web.filter.OncePerRequestFilter.doFilter(OncePerRequestFilter.java:116)
	at org.apache.catalina.core.ApplicationFilterChain.internalDoFilter(ApplicationFilterChain.java:174)
	at org.apache.catalina.core.ApplicationFilterChain.doFilter(ApplicationFilterChain.java:149)
	at org.springframework.web.filter.FormContentFilter.doFilterInternal(FormContentFilter.java:93)
	at org.springframework.web.filter.OncePerRequestFilter.doFilter(OncePerRequestFilter.java:116)
	at org.apache.catalina.core.ApplicationFilterChain.internalDoFilter(ApplicationFilterChain.java:174)
	at org.apache.catalina.core.ApplicationFilterChain.doFilter(ApplicationFilterChain.java:149)
	at org.springframework.web.filter.CharacterEncodingFilter.doFilterInternal(CharacterEncodingFilter.java:201)
	at org.springframework.web.filter.OncePerRequestFilter.doFilter(OncePerRequestFilter.java:116)
	at org.apache.catalina.core.ApplicationFilterChain.internalDoFilter(ApplicationFilterChain.java:174)
	at org.apache.catalina.core.ApplicationFilterChain.doFilter(ApplicationFilterChain.java:149)
	at org.apache.catalina.core.StandardWrapperValve.invoke(StandardWrapperValve.java:167)
	at org.apache.catalina.core.StandardContextValve.invoke(StandardContextValve.java:90)
	at org.apache.catalina.authenticator.AuthenticatorBase.invoke(AuthenticatorBase.java:482)
	at org.apache.catalina.core.StandardHostValve.invoke(StandardHostValve.java:115)
	at org.apache.catalina.valves.ErrorReportValve.invoke(ErrorReportValve.java:93)
	at org.apache.catalina.core.StandardEngineValve.invoke(StandardEngineValve.java:74)
	at org.apache.catalina.connector.CoyoteAdapter.service(CoyoteAdapter.java:340)
	at org.apache.coyote.http11.Http11Processor.service(Http11Processor.java:391)
	at org.apache.coyote.AbstractProcessorLight.process(AbstractProcessorLight.java:63)
	at org.apache.coyote.AbstractProtocol$ConnectionHandler.process(AbstractProtocol.java:896)
	at org.apache.tomcat.util.net.NioEndpoint$SocketProcessor.doRun(NioEndpoint.java:1744)
	at org.apache.tomcat.util.net.SocketProcessorBase.run(SocketProcessorBase.java:52)
	at org.apache.tomcat.util.threads.ThreadPoolExecutor.runWorker(ThreadPoolExecutor.java:1191)
	at org.apache.tomcat.util.threads.ThreadPoolExecutor$Worker.run(ThreadPoolExecutor.java:659)
	at org.apache.tomcat.util.threads.TaskThread$WrappingRunnable.run(TaskThread.java:61)
	at java.base/java.lang.Thread.run(Thread.java:1570)
Caused by: org.hibernate.exception.SQLGrammarException: JDBC exception executing SQL [select count(tb1_0.id) from thong_bao tb1_0 where tb1_0.tai_khoan_id=? and not(tb1_0.da_doc)] [Table 'qltv.thong_bao' doesn't exist] [n/a]
	at org.hibernate.exception.internal.SQLExceptionTypeDelegate.convert(SQLExceptionTypeDelegate.java:66)
	at org.hibernate.exception.internal.StandardSQLExceptionConverter.convert(StandardSQLExceptionConverter.java:58)
	at org.hibernate.engine.jdbc.spi.SqlExceptionHelper.convert(SqlExceptionHelper.java:108)
	at org.hibernate.engine.jdbc.spi.SqlExceptionHelper.convert(SqlExceptionHelper.java:94)
	at org.hibernate.sql.results.jdbc.internal.DeferredResultSetAccess.executeQuery(DeferredResultSetAccess.java:265)
	at org.hibernate.sql.results.jdbc.internal.DeferredResultSetAccess.getResultSet(DeferredResultSetAccess.java:167)
	at org.hibernate.sql.results.jdbc.internal.JdbcValuesResultSetImpl.advanceNext(JdbcValuesResultSetImpl.java:218)
	at org.hibernate.sql.results.jdbc.internal.JdbcValuesResultSetImpl.processNext(JdbcValuesResultSetImpl.java:98)
	at org.hibernate.sql.results.jdbc.internal.AbstractJdbcValues.next(AbstractJdbcValues.java:19)
	at org.hibernate.sql.results.internal.RowProcessingStateStandardImpl.next(RowProcessingStateStandardImpl.java:66)
	at org.hibernate.sql.results.spi.ListResultsConsumer.consume(ListResultsConsumer.java:203)
	at org.hibernate.sql.results.spi.ListResultsConsumer.consume(ListResultsConsumer.java:33)
	at org.hibernate.sql.exec.internal.JdbcSelectExecutorStandardImpl.doExecuteQuery(JdbcSelectExecutorStandardImpl.java:209)
	at org.hibernate.sql.exec.internal.JdbcSelectExecutorStandardImpl.executeQuery(JdbcSelectExecutorStandardImpl.java:83)
	at org.hibernate.sql.exec.spi.JdbcSelectExecutor.list(JdbcSelectExecutor.java:76)
	at org.hibernate.sql.exec.spi.JdbcSelectExecutor.list(JdbcSelectExecutor.java:65)
	at org.hibernate.query.sqm.internal.ConcreteSqmSelectQueryPlan.lambda$new$2(ConcreteSqmSelectQueryPlan.java:137)
	at org.hibernate.query.sqm.internal.ConcreteSqmSelectQueryPlan.withCacheableSqmInterpretation(ConcreteSqmSelectQueryPlan.java:359)
	at org.hibernate.query.sqm.internal.ConcreteSqmSelectQueryPlan.performList(ConcreteSqmSelectQueryPlan.java:300)
	at org.hibernate.query.sqm.internal.QuerySqmImpl.doList(QuerySqmImpl.java:509)
	at org.hibernate.query.spi.AbstractSelectionQuery.list(AbstractSelectionQuery.java:427)
	at org.hibernate.query.spi.AbstractSelectionQuery.getSingleResult(AbstractSelectionQuery.java:564)
	at org.springframework.data.jpa.repository.query.JpaQueryExecution$SingleEntityExecution.doExecute(JpaQueryExecution.java:223)
	at org.springframework.data.jpa.repository.query.JpaQueryExecution.execute(JpaQueryExecution.java:92)
	at org.springframework.data.jpa.repository.query.AbstractJpaQuery.doExecute(AbstractJpaQuery.java:149)
	at org.springframework.data.jpa.repository.query.AbstractJpaQuery.execute(AbstractJpaQuery.java:137)
	at org.springframework.data.repository.core.support.RepositoryMethodInvoker.doInvoke(RepositoryMethodInvoker.java:170)
	at org.springframework.data.repository.core.support.RepositoryMethodInvoker.invoke(RepositoryMethodInvoker.java:158)
	at org.springframework.data.repository.core.support.QueryExecutorMethodInterceptor.doInvoke(QueryExecutorMethodInterceptor.java:164)
	at org.springframework.data.repository.core.support.QueryExecutorMethodInterceptor.invoke(QueryExecutorMethodInterceptor.java:143)
	at org.springframework.aop.framework.ReflectiveMethodInvocation.proceed(ReflectiveMethodInvocation.java:184)
	at org.springframework.data.projection.DefaultMethodInvokingMethodInterceptor.invoke(DefaultMethodInvokingMethodInterceptor.java:70)
	at org.springframework.aop.framework.ReflectiveMethodInvocation.proceed(ReflectiveMethodInvocation.java:184)
	at org.springframework.transaction.interceptor.TransactionInterceptor$1.proceedWithInvocation(TransactionInterceptor.java:123)
	at org.springframework.transaction.interceptor.TransactionAspectSupport.invokeWithinTransaction(TransactionAspectSupport.java:385)
	at org.springframework.transaction.interceptor.TransactionInterceptor.invoke(TransactionInterceptor.java:119)
	at org.springframework.aop.framework.ReflectiveMethodInvocation.proceed(ReflectiveMethodInvocation.java:184)
	at org.springframework.dao.support.PersistenceExceptionTranslationInterceptor.invoke(PersistenceExceptionTranslationInterceptor.java:137)
	... 107 common frames omitted
Caused by: java.sql.SQLSyntaxErrorException: Table 'qltv.thong_bao' doesn't exist
	at com.mysql.cj.jdbc.exceptions.SQLError.createSQLException(SQLError.java:121)
	at com.mysql.cj.jdbc.exceptions.SQLExceptionsMapping.translateException(SQLExceptionsMapping.java:122)
	at com.mysql.cj.jdbc.ClientPreparedStatement.executeInternal(ClientPreparedStatement.java:912)
	at com.mysql.cj.jdbc.ClientPreparedStatement.executeQuery(ClientPreparedStatement.java:968)
	at com.zaxxer.hikari.pool.ProxyPreparedStatement.executeQuery(ProxyPreparedStatement.java:52)
	at com.zaxxer.hikari.pool.HikariProxyPreparedStatement.executeQuery(HikariProxyPreparedStatement.java)
	at org.hibernate.sql.results.jdbc.internal.DeferredResultSetAccess.executeQuery(DeferredResultSetAccess.java:246)
	... 140 common frames omitted
2026-04-20 21:47:43 [http-nio-8080-exec-7] WARN  o.s.w.s.m.m.a.ExceptionHandlerExceptionResolver - Resolved [org.springframework.dao.InvalidDataAccessResourceUsageException: JDBC exception executing SQL [select count(tb1_0.id) from thong_bao tb1_0 where tb1_0.tai_khoan_id=? and not(tb1_0.da_doc)] [Table 'qltv.thong_bao' doesn't exist] [n/a]; SQL [n/a]]
2026-04-20 21:47:43 [http-nio-8080-exec-7] DEBUG o.s.web.servlet.DispatcherServlet - Using resolved error view: ModelAndView [view="redirect:http://localhost:8080/login"; model={}]
2026-04-20 21:47:43 [http-nio-8080-exec-7] DEBUG o.s.web.servlet.view.RedirectView - View name 'redirect:', model {}
2026-04-20 21:47:43 [http-nio-8080-exec-7] DEBUG o.s.web.servlet.DispatcherServlet - Completed 302 FOUND
2026-04-20 21:47:43 [http-nio-8080-exec-5] DEBUG o.s.security.web.FilterChainProxy - Securing GET /login
2026-04-20 21:47:43 [http-nio-8080-exec-5] DEBUG o.s.security.web.FilterChainProxy - Secured GET /login
2026-04-20 21:47:43 [http-nio-8080-exec-5] DEBUG o.s.web.servlet.DispatcherServlet - GET "/login", parameters={}
2026-04-20 21:47:43 [http-nio-8080-exec-5] DEBUG o.s.w.s.m.m.a.RequestMappingHandlerMapping - Mapped to com.example.library.controller.AuthController#loginPage(String, String, String, String, Model)
2026-04-20 21:47:43 [http-nio-8080-exec-5] DEBUG o.s.s.w.c.HttpSessionSecurityContextRepository - Retrieved SecurityContextImpl [Authentication=UsernamePasswordAuthenticationToken [Principal=org.springframework.security.core.userdetails.User [Username=Tanphong, Password=[PROTECTED], Enabled=true, AccountNonExpired=true, CredentialsNonExpired=true, AccountNonLocked=true, Granted Authorities=[ROLE_KHACHHANG]], Credentials=[PROTECTED], Authenticated=true, Details=WebAuthenticationDetails [RemoteIpAddress=0:0:0:0:0:0:0:1, SessionId=null], Granted Authorities=[ROLE_KHACHHANG]]]
2026-04-20 21:47:43 [http-nio-8080-exec-5] DEBUG org.hibernate.SQL - 
    select
        tk1_0.matk,
        tk1_0.avatar,
        tk1_0.diachi,
        tk1_0.email,
        tk1_0.hoten,
        tk1_0.ngaytao,
        tk1_0.password,
        tk1_0.quyen,
        tk1_0.reset_token,
        tk1_0.sodienthoai,
        tk1_0.trangthai,
        tk1_0.username 
    from
        taikhoan tk1_0 
    where
        tk1_0.username=?
2026-04-20 21:47:43 [http-nio-8080-exec-5] DEBUG org.hibernate.SQL - 
    select
        count(tb1_0.id) 
    from
        thong_bao tb1_0 
    where
        tb1_0.tai_khoan_id=? 
        and not(tb1_0.da_doc)
2026-04-20 21:47:43 [http-nio-8080-exec-5] WARN  o.h.e.jdbc.spi.SqlExceptionHelper - SQL Error: 1146, SQLState: 42S02
2026-04-20 21:47:43 [http-nio-8080-exec-5] ERROR o.h.e.jdbc.spi.SqlExceptionHelper - Table 'qltv.thong_bao' doesn't exist
2026-04-20 21:47:43 [http-nio-8080-exec-5] DEBUG o.s.w.s.m.m.a.ExceptionHandlerExceptionResolver - Using @ExceptionHandler com.example.library.exception.GlobalExceptionHandler#handleGeneralException(Exception, HttpServletRequest, RedirectAttributes)
2026-04-20 21:47:43 [http-nio-8080-exec-5] ERROR c.e.l.e.GlobalExceptionHandler - Lỗi không lường trước xảy ra tại URL: http://localhost:8080/login. Chi tiết: 
org.springframework.dao.InvalidDataAccessResourceUsageException: JDBC exception executing SQL [select count(tb1_0.id) from thong_bao tb1_0 where tb1_0.tai_khoan_id=? and not(tb1_0.da_doc)] [Table 'qltv.thong_bao' doesn't exist] [n/a]; SQL [n/a]
	at org.springframework.orm.jpa.vendor.HibernateJpaDialect.convertHibernateAccessException(HibernateJpaDialect.java:277)
	at org.springframework.orm.jpa.vendor.HibernateJpaDialect.translateExceptionIfPossible(HibernateJpaDialect.java:241)
	at org.springframework.orm.jpa.AbstractEntityManagerFactoryBean.translateExceptionIfPossible(AbstractEntityManagerFactoryBean.java:550)
	at org.springframework.dao.support.ChainedPersistenceExceptionTranslator.translateExceptionIfPossible(ChainedPersistenceExceptionTranslator.java:61)
	at org.springframework.dao.support.DataAccessUtils.translateIfNecessary(DataAccessUtils.java:335)
	at org.springframework.dao.support.PersistenceExceptionTranslationInterceptor.invoke(PersistenceExceptionTranslationInterceptor.java:152)
	at org.springframework.aop.framework.ReflectiveMethodInvocation.proceed(ReflectiveMethodInvocation.java:184)
	at org.springframework.data.jpa.repository.support.CrudMethodMetadataPostProcessor$CrudMethodMetadataPopulatingMethodInterceptor.invoke(CrudMethodMetadataPostProcessor.java:135)
	at org.springframework.aop.framework.ReflectiveMethodInvocation.proceed(ReflectiveMethodInvocation.java:184)
	at org.springframework.aop.interceptor.ExposeInvocationInterceptor.invoke(ExposeInvocationInterceptor.java:97)
	at org.springframework.aop.framework.ReflectiveMethodInvocation.proceed(ReflectiveMethodInvocation.java:184)
	at org.springframework.aop.framework.JdkDynamicAopProxy.invoke(JdkDynamicAopProxy.java:220)
	at jdk.proxy4/jdk.proxy4.$Proxy138.countByTaiKhoanIdAndDaDocFalse(Unknown Source)
	at com.example.library.service.NotificationService.getUnreadCount(NotificationService.java:70)
	at com.example.library.controller.GlobalControllerAdvice.lambda$getUnreadCount$0(GlobalControllerAdvice.java:27)
	at java.base/java.util.Optional.map(Optional.java:260)
	at com.example.library.controller.GlobalControllerAdvice.getUnreadCount(GlobalControllerAdvice.java:27)
	at java.base/jdk.internal.reflect.DirectMethodHandleAccessor.invoke(DirectMethodHandleAccessor.java:103)
	at java.base/java.lang.reflect.Method.invoke(Method.java:580)
	at org.springframework.web.method.support.InvocableHandlerMethod.doInvoke(InvocableHandlerMethod.java:261)
	at org.springframework.web.method.support.InvocableHandlerMethod.invokeForRequest(InvocableHandlerMethod.java:189)
	at org.springframework.web.method.annotation.ModelFactory.invokeModelAttributeMethods(ModelFactory.java:143)
	at org.springframework.web.method.annotation.ModelFactory.initModel(ModelFactory.java:112)
	at org.springframework.web.servlet.mvc.method.annotation.RequestMappingHandlerAdapter.invokeHandlerMethod(RequestMappingHandlerAdapter.java:894)
	at org.springframework.web.servlet.mvc.method.annotation.RequestMappingHandlerAdapter.handleInternal(RequestMappingHandlerAdapter.java:829)
	at org.springframework.web.servlet.mvc.method.AbstractHandlerMethodAdapter.handle(AbstractHandlerMethodAdapter.java:87)
	at org.springframework.web.servlet.DispatcherServlet.doDispatch(DispatcherServlet.java:1089)
	at org.springframework.web.servlet.DispatcherServlet.doService(DispatcherServlet.java:979)
	at org.springframework.web.servlet.FrameworkServlet.processRequest(FrameworkServlet.java:1014)
	at org.springframework.web.servlet.FrameworkServlet.doGet(FrameworkServlet.java:903)
	at jakarta.servlet.http.HttpServlet.service(HttpServlet.java:564)
	at org.springframework.web.servlet.FrameworkServlet.service(FrameworkServlet.java:885)
	at jakarta.servlet.http.HttpServlet.service(HttpServlet.java:658)
	at org.apache.catalina.core.ApplicationFilterChain.internalDoFilter(ApplicationFilterChain.java:205)
	at org.apache.catalina.core.ApplicationFilterChain.doFilter(ApplicationFilterChain.java:149)
	at org.apache.tomcat.websocket.server.WsFilter.doFilter(WsFilter.java:51)
	at org.apache.catalina.core.ApplicationFilterChain.internalDoFilter(ApplicationFilterChain.java:174)
	at org.apache.catalina.core.ApplicationFilterChain.doFilter(ApplicationFilterChain.java:149)
	at org.springframework.web.filter.CompositeFilter$VirtualFilterChain.doFilter(CompositeFilter.java:108)
	at org.springframework.security.web.FilterChainProxy.lambda$doFilterInternal$3(FilterChainProxy.java:231)
	at org.springframework.security.web.FilterChainProxy$VirtualFilterChain.doFilter(FilterChainProxy.java:365)
	at org.springframework.security.web.access.intercept.AuthorizationFilter.doFilter(AuthorizationFilter.java:100)
	at org.springframework.security.web.FilterChainProxy$VirtualFilterChain.doFilter(FilterChainProxy.java:374)
	at org.springframework.security.web.access.ExceptionTranslationFilter.doFilter(ExceptionTranslationFilter.java:126)
	at org.springframework.security.web.access.ExceptionTranslationFilter.doFilter(ExceptionTranslationFilter.java:120)
	at org.springframework.security.web.FilterChainProxy$VirtualFilterChain.doFilter(FilterChainProxy.java:374)
	at org.springframework.security.web.authentication.AnonymousAuthenticationFilter.doFilter(AnonymousAuthenticationFilter.java:100)
	at org.springframework.security.web.FilterChainProxy$VirtualFilterChain.doFilter(FilterChainProxy.java:374)
	at org.springframework.security.web.servletapi.SecurityContextHolderAwareRequestFilter.doFilter(SecurityContextHolderAwareRequestFilter.java:179)
	at org.springframework.security.web.FilterChainProxy$VirtualFilterChain.doFilter(FilterChainProxy.java:374)
	at org.springframework.security.web.savedrequest.RequestCacheAwareFilter.doFilter(RequestCacheAwareFilter.java:63)
	at org.springframework.security.web.FilterChainProxy$VirtualFilterChain.doFilter(FilterChainProxy.java:374)
	at org.springframework.security.web.authentication.AbstractAuthenticationProcessingFilter.doFilter(AbstractAuthenticationProcessingFilter.java:227)
	at org.springframework.security.web.authentication.AbstractAuthenticationProcessingFilter.doFilter(AbstractAuthenticationProcessingFilter.java:221)
	at org.springframework.security.web.FilterChainProxy$VirtualFilterChain.doFilter(FilterChainProxy.java:374)
	at org.springframework.security.web.authentication.logout.LogoutFilter.doFilter(LogoutFilter.java:107)
	at org.springframework.security.web.authentication.logout.LogoutFilter.doFilter(LogoutFilter.java:93)
	at org.springframework.security.web.FilterChainProxy$VirtualFilterChain.doFilter(FilterChainProxy.java:374)
	at org.springframework.web.filter.CorsFilter.doFilterInternal(CorsFilter.java:91)
	at org.springframework.web.filter.OncePerRequestFilter.doFilter(OncePerRequestFilter.java:116)
	at org.springframework.security.web.FilterChainProxy$VirtualFilterChain.doFilter(FilterChainProxy.java:374)
	at org.springframework.security.web.header.HeaderWriterFilter.doHeadersAfter(HeaderWriterFilter.java:90)
	at org.springframework.security.web.header.HeaderWriterFilter.doFilterInternal(HeaderWriterFilter.java:75)
	at org.springframework.web.filter.OncePerRequestFilter.doFilter(OncePerRequestFilter.java:116)
	at org.springframework.security.web.FilterChainProxy$VirtualFilterChain.doFilter(FilterChainProxy.java:374)
	at org.springframework.security.web.context.SecurityContextHolderFilter.doFilter(SecurityContextHolderFilter.java:82)
	at org.springframework.security.web.context.SecurityContextHolderFilter.doFilter(SecurityContextHolderFilter.java:69)
	at org.springframework.security.web.FilterChainProxy$VirtualFilterChain.doFilter(FilterChainProxy.java:374)
	at org.springframework.security.web.context.request.async.WebAsyncManagerIntegrationFilter.doFilterInternal(WebAsyncManagerIntegrationFilter.java:62)
	at org.springframework.web.filter.OncePerRequestFilter.doFilter(OncePerRequestFilter.java:116)
	at org.springframework.security.web.FilterChainProxy$VirtualFilterChain.doFilter(FilterChainProxy.java:374)
	at org.springframework.security.web.session.DisableEncodeUrlFilter.doFilterInternal(DisableEncodeUrlFilter.java:42)
	at org.springframework.web.filter.OncePerRequestFilter.doFilter(OncePerRequestFilter.java:116)
	at org.springframework.security.web.FilterChainProxy$VirtualFilterChain.doFilter(FilterChainProxy.java:374)
	at org.springframework.security.web.FilterChainProxy.doFilterInternal(FilterChainProxy.java:233)
	at org.springframework.security.web.FilterChainProxy.doFilter(FilterChainProxy.java:191)
	at org.springframework.web.filter.CompositeFilter$VirtualFilterChain.doFilter(CompositeFilter.java:113)
	at org.springframework.web.servlet.handler.HandlerMappingIntrospector.lambda$createCacheFilter$3(HandlerMappingIntrospector.java:195)
	at org.springframework.web.filter.CompositeFilter$VirtualFilterChain.doFilter(CompositeFilter.java:113)
	at org.springframework.web.filter.CompositeFilter.doFilter(CompositeFilter.java:74)
	at org.springframework.security.config.annotation.web.configuration.WebMvcSecurityConfiguration$CompositeFilterChainProxy.doFilter(WebMvcSecurityConfiguration.java:225)
	at org.springframework.web.filter.DelegatingFilterProxy.invokeDelegate(DelegatingFilterProxy.java:352)
	at org.springframework.web.filter.DelegatingFilterProxy.doFilter(DelegatingFilterProxy.java:268)
	at org.apache.catalina.core.ApplicationFilterChain.internalDoFilter(ApplicationFilterChain.java:174)
	at org.apache.catalina.core.ApplicationFilterChain.doFilter(ApplicationFilterChain.java:149)
	at org.springframework.web.filter.RequestContextFilter.doFilterInternal(RequestContextFilter.java:100)
	at org.springframework.web.filter.OncePerRequestFilter.doFilter(OncePerRequestFilter.java:116)
	at org.apache.catalina.core.ApplicationFilterChain.internalDoFilter(ApplicationFilterChain.java:174)
	at org.apache.catalina.core.ApplicationFilterChain.doFilter(ApplicationFilterChain.java:149)
	at org.springframework.web.filter.FormContentFilter.doFilterInternal(FormContentFilter.java:93)
	at org.springframework.web.filter.OncePerRequestFilter.doFilter(OncePerRequestFilter.java:116)
	at org.apache.catalina.core.ApplicationFilterChain.internalDoFilter(ApplicationFilterChain.java:174)
	at org.apache.catalina.core.ApplicationFilterChain.doFilter(ApplicationFilterChain.java:149)
	at org.springframework.web.filter.CharacterEncodingFilter.doFilterInternal(CharacterEncodingFilter.java:201)
	at org.springframework.web.filter.OncePerRequestFilter.doFilter(OncePerRequestFilter.java:116)
	at org.apache.catalina.core.ApplicationFilterChain.internalDoFilter(ApplicationFilterChain.java:174)
	at org.apache.catalina.core.ApplicationFilterChain.doFilter(ApplicationFilterChain.java:149)
	at org.apache.catalina.core.StandardWrapperValve.invoke(StandardWrapperValve.java:167)
	at org.apache.catalina.core.StandardContextValve.invoke(StandardContextValve.java:90)
	at org.apache.catalina.authenticator.AuthenticatorBase.invoke(AuthenticatorBase.java:482)
	at org.apache.catalina.core.StandardHostValve.invoke(StandardHostValve.java:115)
	at org.apache.catalina.valves.ErrorReportValve.invoke(ErrorReportValve.java:93)
	at org.apache.catalina.core.StandardEngineValve.invoke(StandardEngineValve.java:74)
	at org.apache.catalina.connector.CoyoteAdapter.service(CoyoteAdapter.java:340)
	at org.apache.coyote.http11.Http11Processor.service(Http11Processor.java:391)
	at org.apache.coyote.AbstractProcessorLight.process(AbstractProcessorLight.java:63)
	at org.apache.coyote.AbstractProtocol$ConnectionHandler.process(AbstractProtocol.java:896)
	at org.apache.tomcat.util.net.NioEndpoint$SocketProcessor.doRun(NioEndpoint.java:1744)
	at org.apache.tomcat.util.net.SocketProcessorBase.run(SocketProcessorBase.java:52)
	at org.apache.tomcat.util.threads.ThreadPoolExecutor.runWorker(ThreadPoolExecutor.java:1191)
	at org.apache.tomcat.util.threads.ThreadPoolExecutor$Worker.run(ThreadPoolExecutor.java:659)
	at org.apache.tomcat.util.threads.TaskThread$WrappingRunnable.run(TaskThread.java:61)
	at java.base/java.lang.Thread.run(Thread.java:1570)
Caused by: org.hibernate.exception.SQLGrammarException: JDBC exception executing SQL [select count(tb1_0.id) from thong_bao tb1_0 where tb1_0.tai_khoan_id=? and not(tb1_0.da_doc)] [Table 'qltv.thong_bao' doesn't exist] [n/a]
	at org.hibernate.exception.internal.SQLExceptionTypeDelegate.convert(SQLExceptionTypeDelegate.java:66)
	at org.hibernate.exception.internal.StandardSQLExceptionConverter.convert(StandardSQLExceptionConverter.java:58)
	at org.hibernate.engine.jdbc.spi.SqlExceptionHelper.convert(SqlExceptionHelper.java:108)
	at org.hibernate.engine.jdbc.spi.SqlExceptionHelper.convert(SqlExceptionHelper.java:94)
	at org.hibernate.sql.results.jdbc.internal.DeferredResultSetAccess.executeQuery(DeferredResultSetAccess.java:265)
	at org.hibernate.sql.results.jdbc.internal.DeferredResultSetAccess.getResultSet(DeferredResultSetAccess.java:167)
	at org.hibernate.sql.results.jdbc.internal.JdbcValuesResultSetImpl.advanceNext(JdbcValuesResultSetImpl.java:218)
	at org.hibernate.sql.results.jdbc.internal.JdbcValuesResultSetImpl.processNext(JdbcValuesResultSetImpl.java:98)
	at org.hibernate.sql.results.jdbc.internal.AbstractJdbcValues.next(AbstractJdbcValues.java:19)
	at org.hibernate.sql.results.internal.RowProcessingStateStandardImpl.next(RowProcessingStateStandardImpl.java:66)
	at org.hibernate.sql.results.spi.ListResultsConsumer.consume(ListResultsConsumer.java:203)
	at org.hibernate.sql.results.spi.ListResultsConsumer.consume(ListResultsConsumer.java:33)
	at org.hibernate.sql.exec.internal.JdbcSelectExecutorStandardImpl.doExecuteQuery(JdbcSelectExecutorStandardImpl.java:209)
	at org.hibernate.sql.exec.internal.JdbcSelectExecutorStandardImpl.executeQuery(JdbcSelectExecutorStandardImpl.java:83)
	at org.hibernate.sql.exec.spi.JdbcSelectExecutor.list(JdbcSelectExecutor.java:76)
	at org.hibernate.sql.exec.spi.JdbcSelectExecutor.list(JdbcSelectExecutor.java:65)
	at org.hibernate.query.sqm.internal.ConcreteSqmSelectQueryPlan.lambda$new$2(ConcreteSqmSelectQueryPlan.java:137)
	at org.hibernate.query.sqm.internal.ConcreteSqmSelectQueryPlan.withCacheableSqmInterpretation(ConcreteSqmSelectQueryPlan.java:359)
	at org.hibernate.query.sqm.internal.ConcreteSqmSelectQueryPlan.performList(ConcreteSqmSelectQueryPlan.java:300)
	at org.hibernate.query.sqm.internal.QuerySqmImpl.doList(QuerySqmImpl.java:509)
	at org.hibernate.query.spi.AbstractSelectionQuery.list(AbstractSelectionQuery.java:427)
	at org.hibernate.query.spi.AbstractSelectionQuery.getSingleResult(AbstractSelectionQuery.java:564)
	at org.springframework.data.jpa.repository.query.JpaQueryExecution$SingleEntityExecution.doExecute(JpaQueryExecution.java:223)
	at org.springframework.data.jpa.repository.query.JpaQueryExecution.execute(JpaQueryExecution.java:92)
	at org.springframework.data.jpa.repository.query.AbstractJpaQuery.doExecute(AbstractJpaQuery.java:149)
	at org.springframework.data.jpa.repository.query.AbstractJpaQuery.execute(AbstractJpaQuery.java:137)
	at org.springframework.data.repository.core.support.RepositoryMethodInvoker.doInvoke(RepositoryMethodInvoker.java:170)
	at org.springframework.data.repository.core.support.RepositoryMethodInvoker.invoke(RepositoryMethodInvoker.java:158)
	at org.springframework.data.repository.core.support.QueryExecutorMethodInterceptor.doInvoke(QueryExecutorMethodInterceptor.java:164)
	at org.springframework.data.repository.core.support.QueryExecutorMethodInterceptor.invoke(QueryExecutorMethodInterceptor.java:143)
	at org.springframework.aop.framework.ReflectiveMethodInvocation.proceed(ReflectiveMethodInvocation.java:184)
	at org.springframework.data.projection.DefaultMethodInvokingMethodInterceptor.invoke(DefaultMethodInvokingMethodInterceptor.java:70)
	at org.springframework.aop.framework.ReflectiveMethodInvocation.proceed(ReflectiveMethodInvocation.java:184)
	at org.springframework.transaction.interceptor.TransactionInterceptor$1.proceedWithInvocation(TransactionInterceptor.java:123)
	at org.springframework.transaction.interceptor.TransactionAspectSupport.invokeWithinTransaction(TransactionAspectSupport.java:385)
	at org.springframework.transaction.interceptor.TransactionInterceptor.invoke(TransactionInterceptor.java:119)
	at org.springframework.aop.framework.ReflectiveMethodInvocation.proceed(ReflectiveMethodInvocation.java:184)
	at org.springframework.dao.support.PersistenceExceptionTranslationInterceptor.invoke(PersistenceExceptionTranslationInterceptor.java:137)
	... 107 common frames omitted
Caused by: java.sql.SQLSyntaxErrorException: Table 'qltv.thong_bao' doesn't exist
	at com.mysql.cj.jdbc.exceptions.SQLError.createSQLException(SQLError.java:121)
	at com.mysql.cj.jdbc.exceptions.SQLExceptionsMapping.translateException(SQLExceptionsMapping.java:122)
	at com.mysql.cj.jdbc.ClientPreparedStatement.executeInternal(ClientPreparedStatement.java:912)
	at com.mysql.cj.jdbc.ClientPreparedStatement.executeQuery(ClientPreparedStatement.java:968)
	at com.zaxxer.hikari.pool.ProxyPreparedStatement.executeQuery(ProxyPreparedStatement.java:52)
	at com.zaxxer.hikari.pool.HikariProxyPreparedStatement.executeQuery(HikariProxyPreparedStatement.java)
	at org.hibernate.sql.results.jdbc.internal.DeferredResultSetAccess.executeQuery(DeferredResultSetAccess.java:246)
	... 140 common frames omitted
2026-04-20 21:47:43 [http-nio-8080-exec-5] WARN  o.s.w.s.m.m.a.ExceptionHandlerExceptionResolver - Resolved [org.springframework.dao.InvalidDataAccessResourceUsageException: JDBC exception executing SQL [select count(tb1_0.id) from thong_bao tb1_0 where tb1_0.tai_khoan_id=? and not(tb1_0.da_doc)] [Table 'qltv.thong_bao' doesn't exist] [n/a]; SQL [n/a]]
2026-04-20 21:47:43 [http-nio-8080-exec-5] DEBUG o.s.web.servlet.DispatcherServlet - Using resolved error view: ModelAndView [view="redirect:http://localhost:8080/login"; model={}]
2026-04-20 21:47:43 [http-nio-8080-exec-5] DEBUG o.s.web.servlet.view.RedirectView - View name 'redirect:', model {}
2026-04-20 21:47:43 [http-nio-8080-exec-5] DEBUG o.s.web.servlet.DispatcherServlet - Completed 302 FOUND
2026-04-20 21:47:43 [http-nio-8080-exec-9] DEBUG o.s.security.web.FilterChainProxy - Securing GET /login
2026-04-20 21:47:43 [http-nio-8080-exec-9] DEBUG o.s.security.web.FilterChainProxy - Secured GET /login
2026-04-20 21:47:43 [http-nio-8080-exec-9] DEBUG o.s.web.servlet.DispatcherServlet - GET "/login", parameters={}
2026-04-20 21:47:43 [http-nio-8080-exec-9] DEBUG o.s.w.s.m.m.a.RequestMappingHandlerMapping - Mapped to com.example.library.controller.AuthController#loginPage(String, String, String, String, Model)
2026-04-20 21:47:43 [http-nio-8080-exec-9] DEBUG o.s.s.w.c.HttpSessionSecurityContextRepository - Retrieved SecurityContextImpl [Authentication=UsernamePasswordAuthenticationToken [Principal=org.springframework.security.core.userdetails.User [Username=Tanphong, Password=[PROTECTED], Enabled=true, AccountNonExpired=true, CredentialsNonExpired=true, AccountNonLocked=true, Granted Authorities=[ROLE_KHACHHANG]], Credentials=[PROTECTED], Authenticated=true, Details=WebAuthenticationDetails [RemoteIpAddress=0:0:0:0:0:0:0:1, SessionId=null], Granted Authorities=[ROLE_KHACHHANG]]]
2026-04-20 21:47:43 [http-nio-8080-exec-9] DEBUG org.hibernate.SQL - 
    select
        tk1_0.matk,
        tk1_0.avatar,
        tk1_0.diachi,
        tk1_0.email,
        tk1_0.hoten,
        tk1_0.ngaytao,
        tk1_0.password,
        tk1_0.quyen,
        tk1_0.reset_token,
        tk1_0.sodienthoai,
        tk1_0.trangthai,
        tk1_0.username 
    from
        taikhoan tk1_0 
    where
        tk1_0.username=?
2026-04-20 21:47:43 [http-nio-8080-exec-9] DEBUG org.hibernate.SQL - 
    select
        count(tb1_0.id) 
    from
        thong_bao tb1_0 
    where
        tb1_0.tai_khoan_id=? 
        and not(tb1_0.da_doc)
2026-04-20 21:47:43 [http-nio-8080-exec-9] WARN  o.h.e.jdbc.spi.SqlExceptionHelper - SQL Error: 1146, SQLState: 42S02
2026-04-20 21:47:43 [http-nio-8080-exec-9] ERROR o.h.e.jdbc.spi.SqlExceptionHelper - Table 'qltv.thong_bao' doesn't exist
2026-04-20 21:47:43 [http-nio-8080-exec-9] DEBUG o.s.w.s.m.m.a.ExceptionHandlerExceptionResolver - Using @ExceptionHandler com.example.library.exception.GlobalExceptionHandler#handleGeneralException(Exception, HttpServletRequest, RedirectAttributes)
2026-04-20 21:47:43 [http-nio-8080-exec-9] ERROR c.e.l.e.GlobalExceptionHandler - Lỗi không lường trước xảy ra tại URL: http://localhost:8080/login. Chi tiết: 
org.springframework.dao.InvalidDataAccessResourceUsageException: JDBC exception executing SQL [select count(tb1_0.id) from thong_bao tb1_0 where tb1_0.tai_khoan_id=? and not(tb1_0.da_doc)] [Table 'qltv.thong_bao' doesn't exist] [n/a]; SQL [n/a]
	at org.springframework.orm.jpa.vendor.HibernateJpaDialect.convertHibernateAccessException(HibernateJpaDialect.java:277)
	at org.springframework.orm.jpa.vendor.HibernateJpaDialect.translateExceptionIfPossible(HibernateJpaDialect.java:241)
	at org.springframework.orm.jpa.AbstractEntityManagerFactoryBean.translateExceptionIfPossible(AbstractEntityManagerFactoryBean.java:550)
	at org.springframework.dao.support.ChainedPersistenceExceptionTranslator.translateExceptionIfPossible(ChainedPersistenceExceptionTranslator.java:61)
	at org.springframework.dao.support.DataAccessUtils.translateIfNecessary(DataAccessUtils.java:335)
	at org.springframework.dao.support.PersistenceExceptionTranslationInterceptor.invoke(PersistenceExceptionTranslationInterceptor.java:152)
	at org.springframework.aop.framework.ReflectiveMethodInvocation.proceed(ReflectiveMethodInvocation.java:184)
	at org.springframework.data.jpa.repository.support.CrudMethodMetadataPostProcessor$CrudMethodMetadataPopulatingMethodInterceptor.invoke(CrudMethodMetadataPostProcessor.java:135)
	at org.springframework.aop.framework.ReflectiveMethodInvocation.proceed(ReflectiveMethodInvocation.java:184)
	at org.springframework.aop.interceptor.ExposeInvocationInterceptor.invoke(ExposeInvocationInterceptor.java:97)
	at org.springframework.aop.framework.ReflectiveMethodInvocation.proceed(ReflectiveMethodInvocation.java:184)
	at org.springframework.aop.framework.JdkDynamicAopProxy.invoke(JdkDynamicAopProxy.java:220)
	at jdk.proxy4/jdk.proxy4.$Proxy138.countByTaiKhoanIdAndDaDocFalse(Unknown Source)
	at com.example.library.service.NotificationService.getUnreadCount(NotificationService.java:70)
	at com.example.library.controller.GlobalControllerAdvice.lambda$getUnreadCount$0(GlobalControllerAdvice.java:27)
	at java.base/java.util.Optional.map(Optional.java:260)
	at com.example.library.controller.GlobalControllerAdvice.getUnreadCount(GlobalControllerAdvice.java:27)
	at java.base/jdk.internal.reflect.DirectMethodHandleAccessor.invoke(DirectMethodHandleAccessor.java:103)
	at java.base/java.lang.reflect.Method.invoke(Method.java:580)
	at org.springframework.web.method.support.InvocableHandlerMethod.doInvoke(InvocableHandlerMethod.java:261)
	at org.springframework.web.method.support.InvocableHandlerMethod.invokeForRequest(InvocableHandlerMethod.java:189)
	at org.springframework.web.method.annotation.ModelFactory.invokeModelAttributeMethods(ModelFactory.java:143)
	at org.springframework.web.method.annotation.ModelFactory.initModel(ModelFactory.java:112)
	at org.springframework.web.servlet.mvc.method.annotation.RequestMappingHandlerAdapter.invokeHandlerMethod(RequestMappingHandlerAdapter.java:894)
	at org.springframework.web.servlet.mvc.method.annotation.RequestMappingHandlerAdapter.handleInternal(RequestMappingHandlerAdapter.java:829)
	at org.springframework.web.servlet.mvc.method.AbstractHandlerMethodAdapter.handle(AbstractHandlerMethodAdapter.java:87)
	at org.springframework.web.servlet.DispatcherServlet.doDispatch(DispatcherServlet.java:1089)
	at org.springframework.web.servlet.DispatcherServlet.doService(DispatcherServlet.java:979)
	at org.springframework.web.servlet.FrameworkServlet.processRequest(FrameworkServlet.java:1014)
	at org.springframework.web.servlet.FrameworkServlet.doGet(FrameworkServlet.java:903)
	at jakarta.servlet.http.HttpServlet.service(HttpServlet.java:564)
	at org.springframework.web.servlet.FrameworkServlet.service(FrameworkServlet.java:885)
	at jakarta.servlet.http.HttpServlet.service(HttpServlet.java:658)
	at org.apache.catalina.core.ApplicationFilterChain.internalDoFilter(ApplicationFilterChain.java:205)
	at org.apache.catalina.core.ApplicationFilterChain.doFilter(ApplicationFilterChain.java:149)
	at org.apache.tomcat.websocket.server.WsFilter.doFilter(WsFilter.java:51)
	at org.apache.catalina.core.ApplicationFilterChain.internalDoFilter(ApplicationFilterChain.java:174)
	at org.apache.catalina.core.ApplicationFilterChain.doFilter(ApplicationFilterChain.java:149)
	at org.springframework.web.filter.CompositeFilter$VirtualFilterChain.doFilter(CompositeFilter.java:108)
	at org.springframework.security.web.FilterChainProxy.lambda$doFilterInternal$3(FilterChainProxy.java:231)
	at org.springframework.security.web.FilterChainProxy$VirtualFilterChain.doFilter(FilterChainProxy.java:365)
	at org.springframework.security.web.access.intercept.AuthorizationFilter.doFilter(AuthorizationFilter.java:100)
	at org.springframework.security.web.FilterChainProxy$VirtualFilterChain.doFilter(FilterChainProxy.java:374)
	at org.springframework.security.web.access.ExceptionTranslationFilter.doFilter(ExceptionTranslationFilter.java:126)
	at org.springframework.security.web.access.ExceptionTranslationFilter.doFilter(ExceptionTranslationFilter.java:120)
	at org.springframework.security.web.FilterChainProxy$VirtualFilterChain.doFilter(FilterChainProxy.java:374)
	at org.springframework.security.web.authentication.AnonymousAuthenticationFilter.doFilter(AnonymousAuthenticationFilter.java:100)
	at org.springframework.security.web.FilterChainProxy$VirtualFilterChain.doFilter(FilterChainProxy.java:374)
	at org.springframework.security.web.servletapi.SecurityContextHolderAwareRequestFilter.doFilter(SecurityContextHolderAwareRequestFilter.java:179)
	at org.springframework.security.web.FilterChainProxy$VirtualFilterChain.doFilter(FilterChainProxy.java:374)
	at org.springframework.security.web.savedrequest.RequestCacheAwareFilter.doFilter(RequestCacheAwareFilter.java:63)
	at org.springframework.security.web.FilterChainProxy$VirtualFilterChain.doFilter(FilterChainProxy.java:374)
	at org.springframework.security.web.authentication.AbstractAuthenticationProcessingFilter.doFilter(AbstractAuthenticationProcessingFilter.java:227)
	at org.springframework.security.web.authentication.AbstractAuthenticationProcessingFilter.doFilter(AbstractAuthenticationProcessingFilter.java:221)
	at org.springframework.security.web.FilterChainProxy$VirtualFilterChain.doFilter(FilterChainProxy.java:374)
	at org.springframework.security.web.authentication.logout.LogoutFilter.doFilter(LogoutFilter.java:107)
	at org.springframework.security.web.authentication.logout.LogoutFilter.doFilter(LogoutFilter.java:93)
	at org.springframework.security.web.FilterChainProxy$VirtualFilterChain.doFilter(FilterChainProxy.java:374)
	at org.springframework.web.filter.CorsFilter.doFilterInternal(CorsFilter.java:91)
	at org.springframework.web.filter.OncePerRequestFilter.doFilter(OncePerRequestFilter.java:116)
	at org.springframework.security.web.FilterChainProxy$VirtualFilterChain.doFilter(FilterChainProxy.java:374)
	at org.springframework.security.web.header.HeaderWriterFilter.doHeadersAfter(HeaderWriterFilter.java:90)
	at org.springframework.security.web.header.HeaderWriterFilter.doFilterInternal(HeaderWriterFilter.java:75)
	at org.springframework.web.filter.OncePerRequestFilter.doFilter(OncePerRequestFilter.java:116)
	at org.springframework.security.web.FilterChainProxy$VirtualFilterChain.doFilter(FilterChainProxy.java:374)
	at org.springframework.security.web.context.SecurityContextHolderFilter.doFilter(SecurityContextHolderFilter.java:82)
	at org.springframework.security.web.context.SecurityContextHolderFilter.doFilter(SecurityContextHolderFilter.java:69)
	at org.springframework.security.web.FilterChainProxy$VirtualFilterChain.doFilter(FilterChainProxy.java:374)
	at org.springframework.security.web.context.request.async.WebAsyncManagerIntegrationFilter.doFilterInternal(WebAsyncManagerIntegrationFilter.java:62)
	at org.springframework.web.filter.OncePerRequestFilter.doFilter(OncePerRequestFilter.java:116)
	at org.springframework.security.web.FilterChainProxy$VirtualFilterChain.doFilter(FilterChainProxy.java:374)
	at org.springframework.security.web.session.DisableEncodeUrlFilter.doFilterInternal(DisableEncodeUrlFilter.java:42)
	at org.springframework.web.filter.OncePerRequestFilter.doFilter(OncePerRequestFilter.java:116)
	at org.springframework.security.web.FilterChainProxy$VirtualFilterChain.doFilter(FilterChainProxy.java:374)
	at org.springframework.security.web.FilterChainProxy.doFilterInternal(FilterChainProxy.java:233)
	at org.springframework.security.web.FilterChainProxy.doFilter(FilterChainProxy.java:191)
	at org.springframework.web.filter.CompositeFilter$VirtualFilterChain.doFilter(CompositeFilter.java:113)
	at org.springframework.web.servlet.handler.HandlerMappingIntrospector.lambda$createCacheFilter$3(HandlerMappingIntrospector.java:195)
	at org.springframework.web.filter.CompositeFilter$VirtualFilterChain.doFilter(CompositeFilter.java:113)
	at org.springframework.web.filter.CompositeFilter.doFilter(CompositeFilter.java:74)
	at org.springframework.security.config.annotation.web.configuration.WebMvcSecurityConfiguration$CompositeFilterChainProxy.doFilter(WebMvcSecurityConfiguration.java:225)
	at org.springframework.web.filter.DelegatingFilterProxy.invokeDelegate(DelegatingFilterProxy.java:352)
	at org.springframework.web.filter.DelegatingFilterProxy.doFilter(DelegatingFilterProxy.java:268)
	at org.apache.catalina.core.ApplicationFilterChain.internalDoFilter(ApplicationFilterChain.java:174)
	at org.apache.catalina.core.ApplicationFilterChain.doFilter(ApplicationFilterChain.java:149)
	at org.springframework.web.filter.RequestContextFilter.doFilterInternal(RequestContextFilter.java:100)
	at org.springframework.web.filter.OncePerRequestFilter.doFilter(OncePerRequestFilter.java:116)
	at org.apache.catalina.core.ApplicationFilterChain.internalDoFilter(ApplicationFilterChain.java:174)
	at org.apache.catalina.core.ApplicationFilterChain.doFilter(ApplicationFilterChain.java:149)
	at org.springframework.web.filter.FormContentFilter.doFilterInternal(FormContentFilter.java:93)
	at org.springframework.web.filter.OncePerRequestFilter.doFilter(OncePerRequestFilter.java:116)
	at org.apache.catalina.core.ApplicationFilterChain.internalDoFilter(ApplicationFilterChain.java:174)
	at org.apache.catalina.core.ApplicationFilterChain.doFilter(ApplicationFilterChain.java:149)
	at org.springframework.web.filter.CharacterEncodingFilter.doFilterInternal(CharacterEncodingFilter.java:201)
	at org.springframework.web.filter.OncePerRequestFilter.doFilter(OncePerRequestFilter.java:116)
	at org.apache.catalina.core.ApplicationFilterChain.internalDoFilter(ApplicationFilterChain.java:174)
	at org.apache.catalina.core.ApplicationFilterChain.doFilter(ApplicationFilterChain.java:149)
	at org.apache.catalina.core.StandardWrapperValve.invoke(StandardWrapperValve.java:167)
	at org.apache.catalina.core.StandardContextValve.invoke(StandardContextValve.java:90)
	at org.apache.catalina.authenticator.AuthenticatorBase.invoke(AuthenticatorBase.java:482)
	at org.apache.catalina.core.StandardHostValve.invoke(StandardHostValve.java:115)
	at org.apache.catalina.valves.ErrorReportValve.invoke(ErrorReportValve.java:93)
	at org.apache.catalina.core.StandardEngineValve.invoke(StandardEngineValve.java:74)
	at org.apache.catalina.connector.CoyoteAdapter.service(CoyoteAdapter.java:340)
	at org.apache.coyote.http11.Http11Processor.service(Http11Processor.java:391)
	at org.apache.coyote.AbstractProcessorLight.process(AbstractProcessorLight.java:63)
	at org.apache.coyote.AbstractProtocol$ConnectionHandler.process(AbstractProtocol.java:896)
	at org.apache.tomcat.util.net.NioEndpoint$SocketProcessor.doRun(NioEndpoint.java:1744)
	at org.apache.tomcat.util.net.SocketProcessorBase.run(SocketProcessorBase.java:52)
	at org.apache.tomcat.util.threads.ThreadPoolExecutor.runWorker(ThreadPoolExecutor.java:1191)
	at org.apache.tomcat.util.threads.ThreadPoolExecutor$Worker.run(ThreadPoolExecutor.java:659)
	at org.apache.tomcat.util.threads.TaskThread$WrappingRunnable.run(TaskThread.java:61)
	at java.base/java.lang.Thread.run(Thread.java:1570)
Caused by: org.hibernate.exception.SQLGrammarException: JDBC exception executing SQL [select count(tb1_0.id) from thong_bao tb1_0 where tb1_0.tai_khoan_id=? and not(tb1_0.da_doc)] [Table 'qltv.thong_bao' doesn't exist] [n/a]
	at org.hibernate.exception.internal.SQLExceptionTypeDelegate.convert(SQLExceptionTypeDelegate.java:66)
	at org.hibernate.exception.internal.StandardSQLExceptionConverter.convert(StandardSQLExceptionConverter.java:58)
	at org.hibernate.engine.jdbc.spi.SqlExceptionHelper.convert(SqlExceptionHelper.java:108)
	at org.hibernate.engine.jdbc.spi.SqlExceptionHelper.convert(SqlExceptionHelper.java:94)
	at org.hibernate.sql.results.jdbc.internal.DeferredResultSetAccess.executeQuery(DeferredResultSetAccess.java:265)
	at org.hibernate.sql.results.jdbc.internal.DeferredResultSetAccess.getResultSet(DeferredResultSetAccess.java:167)
	at org.hibernate.sql.results.jdbc.internal.JdbcValuesResultSetImpl.advanceNext(JdbcValuesResultSetImpl.java:218)
	at org.hibernate.sql.results.jdbc.internal.JdbcValuesResultSetImpl.processNext(JdbcValuesResultSetImpl.java:98)
	at org.hibernate.sql.results.jdbc.internal.AbstractJdbcValues.next(AbstractJdbcValues.java:19)
	at org.hibernate.sql.results.internal.RowProcessingStateStandardImpl.next(RowProcessingStateStandardImpl.java:66)
	at org.hibernate.sql.results.spi.ListResultsConsumer.consume(ListResultsConsumer.java:203)
	at org.hibernate.sql.results.spi.ListResultsConsumer.consume(ListResultsConsumer.java:33)
	at org.hibernate.sql.exec.internal.JdbcSelectExecutorStandardImpl.doExecuteQuery(JdbcSelectExecutorStandardImpl.java:209)
	at org.hibernate.sql.exec.internal.JdbcSelectExecutorStandardImpl.executeQuery(JdbcSelectExecutorStandardImpl.java:83)
	at org.hibernate.sql.exec.spi.JdbcSelectExecutor.list(JdbcSelectExecutor.java:76)
	at org.hibernate.sql.exec.spi.JdbcSelectExecutor.list(JdbcSelectExecutor.java:65)
	at org.hibernate.query.sqm.internal.ConcreteSqmSelectQueryPlan.lambda$new$2(ConcreteSqmSelectQueryPlan.java:137)
	at org.hibernate.query.sqm.internal.ConcreteSqmSelectQueryPlan.withCacheableSqmInterpretation(ConcreteSqmSelectQueryPlan.java:359)
	at org.hibernate.query.sqm.internal.ConcreteSqmSelectQueryPlan.performList(ConcreteSqmSelectQueryPlan.java:300)
	at org.hibernate.query.sqm.internal.QuerySqmImpl.doList(QuerySqmImpl.java:509)
	at org.hibernate.query.spi.AbstractSelectionQuery.list(AbstractSelectionQuery.java:427)
	at org.hibernate.query.spi.AbstractSelectionQuery.getSingleResult(AbstractSelectionQuery.java:564)
	at org.springframework.data.jpa.repository.query.JpaQueryExecution$SingleEntityExecution.doExecute(JpaQueryExecution.java:223)
	at org.springframework.data.jpa.repository.query.JpaQueryExecution.execute(JpaQueryExecution.java:92)
	at org.springframework.data.jpa.repository.query.AbstractJpaQuery.doExecute(AbstractJpaQuery.java:149)
	at org.springframework.data.jpa.repository.query.AbstractJpaQuery.execute(AbstractJpaQuery.java:137)
	at org.springframework.data.repository.core.support.RepositoryMethodInvoker.doInvoke(RepositoryMethodInvoker.java:170)
	at org.springframework.data.repository.core.support.RepositoryMethodInvoker.invoke(RepositoryMethodInvoker.java:158)
	at org.springframework.data.repository.core.support.QueryExecutorMethodInterceptor.doInvoke(QueryExecutorMethodInterceptor.java:164)
	at org.springframework.data.repository.core.support.QueryExecutorMethodInterceptor.invoke(QueryExecutorMethodInterceptor.java:143)
	at org.springframework.aop.framework.ReflectiveMethodInvocation.proceed(ReflectiveMethodInvocation.java:184)
	at org.springframework.data.projection.DefaultMethodInvokingMethodInterceptor.invoke(DefaultMethodInvokingMethodInterceptor.java:70)
	at org.springframework.aop.framework.ReflectiveMethodInvocation.proceed(ReflectiveMethodInvocation.java:184)
	at org.springframework.transaction.interceptor.TransactionInterceptor$1.proceedWithInvocation(TransactionInterceptor.java:123)
	at org.springframework.transaction.interceptor.TransactionAspectSupport.invokeWithinTransaction(TransactionAspectSupport.java:385)
	at org.springframework.transaction.interceptor.TransactionInterceptor.invoke(TransactionInterceptor.java:119)
	at org.springframework.aop.framework.ReflectiveMethodInvocation.proceed(ReflectiveMethodInvocation.java:184)
	at org.springframework.dao.support.PersistenceExceptionTranslationInterceptor.invoke(PersistenceExceptionTranslationInterceptor.java:137)
	... 107 common frames omitted
Caused by: java.sql.SQLSyntaxErrorException: Table 'qltv.thong_bao' doesn't exist
	at com.mysql.cj.jdbc.exceptions.SQLError.createSQLException(SQLError.java:121)
	at com.mysql.cj.jdbc.exceptions.SQLExceptionsMapping.translateException(SQLExceptionsMapping.java:122)
	at com.mysql.cj.jdbc.ClientPreparedStatement.executeInternal(ClientPreparedStatement.java:912)
	at com.mysql.cj.jdbc.ClientPreparedStatement.executeQuery(ClientPreparedStatement.java:968)
	at com.zaxxer.hikari.pool.ProxyPreparedStatement.executeQuery(ProxyPreparedStatement.java:52)
	at com.zaxxer.hikari.pool.HikariProxyPreparedStatement.executeQuery(HikariProxyPreparedStatement.java)
	at org.hibernate.sql.results.jdbc.internal.DeferredResultSetAccess.executeQuery(DeferredResultSetAccess.java:246)
	... 140 common frames omitted
2026-04-20 21:47:43 [http-nio-8080-exec-9] WARN  o.s.w.s.m.m.a.ExceptionHandlerExceptionResolver - Resolved [org.springframework.dao.InvalidDataAccessResourceUsageException: JDBC exception executing SQL [select count(tb1_0.id) from thong_bao tb1_0 where tb1_0.tai_khoan_id=? and not(tb1_0.da_doc)] [Table 'qltv.thong_bao' doesn't exist] [n/a]; SQL [n/a]]
2026-04-20 21:47:43 [http-nio-8080-exec-9] DEBUG o.s.web.servlet.DispatcherServlet - Using resolved error view: ModelAndView [view="redirect:http://localhost:8080/login"; model={}]
2026-04-20 21:47:43 [http-nio-8080-exec-9] DEBUG o.s.web.servlet.view.RedirectView - View name 'redirect:', model {}
2026-04-20 21:47:43 [http-nio-8080-exec-9] DEBUG o.s.web.servlet.DispatcherServlet - Completed 302 FOUND
2026-04-20 21:47:43 [http-nio-8080-exec-8] DEBUG o.s.security.web.FilterChainProxy - Securing GET /login
2026-04-20 21:47:43 [http-nio-8080-exec-8] DEBUG o.s.security.web.FilterChainProxy - Secured GET /login
2026-04-20 21:47:43 [http-nio-8080-exec-8] DEBUG o.s.web.servlet.DispatcherServlet - GET "/login", parameters={}
2026-04-20 21:47:43 [http-nio-8080-exec-8] DEBUG o.s.w.s.m.m.a.RequestMappingHandlerMapping - Mapped to com.example.library.controller.AuthController#loginPage(String, String, String, String, Model)
2026-04-20 21:47:43 [http-nio-8080-exec-8] DEBUG o.s.s.w.c.HttpSessionSecurityContextRepository - Retrieved SecurityContextImpl [Authentication=UsernamePasswordAuthenticationToken [Principal=org.springframework.security.core.userdetails.User [Username=Tanphong, Password=[PROTECTED], Enabled=true, AccountNonExpired=true, CredentialsNonExpired=true, AccountNonLocked=true, Granted Authorities=[ROLE_KHACHHANG]], Credentials=[PROTECTED], Authenticated=true, Details=WebAuthenticationDetails [RemoteIpAddress=0:0:0:0:0:0:0:1, SessionId=null], Granted Authorities=[ROLE_KHACHHANG]]]
2026-04-20 21:47:43 [http-nio-8080-exec-8] DEBUG org.hibernate.SQL - 
    select
        tk1_0.matk,
        tk1_0.avatar,
        tk1_0.diachi,
        tk1_0.email,
        tk1_0.hoten,
        tk1_0.ngaytao,
        tk1_0.password,
        tk1_0.quyen,
        tk1_0.reset_token,
        tk1_0.sodienthoai,
        tk1_0.trangthai,
        tk1_0.username 
    from
        taikhoan tk1_0 
    where
        tk1_0.username=?
2026-04-20 21:47:43 [http-nio-8080-exec-8] DEBUG org.hibernate.SQL - 
    select
        count(tb1_0.id) 
    from
        thong_bao tb1_0 
    where
        tb1_0.tai_khoan_id=? 
        and not(tb1_0.da_doc)
2026-04-20 21:47:43 [http-nio-8080-exec-8] WARN  o.h.e.jdbc.spi.SqlExceptionHelper - SQL Error: 1146, SQLState: 42S02
2026-04-20 21:47:43 [http-nio-8080-exec-8] ERROR o.h.e.jdbc.spi.SqlExceptionHelper - Table 'qltv.thong_bao' doesn't exist
2026-04-20 21:47:43 [http-nio-8080-exec-8] DEBUG o.s.w.s.m.m.a.ExceptionHandlerExceptionResolver - Using @ExceptionHandler com.example.library.exception.GlobalExceptionHandler#handleGeneralException(Exception, HttpServletRequest, RedirectAttributes)
2026-04-20 21:47:43 [http-nio-8080-exec-8] ERROR c.e.l.e.GlobalExceptionHandler - Lỗi không lường trước xảy ra tại URL: http://localhost:8080/login. Chi tiết: 
org.springframework.dao.InvalidDataAccessResourceUsageException: JDBC exception executing SQL [select count(tb1_0.id) from thong_bao tb1_0 where tb1_0.tai_khoan_id=? and not(tb1_0.da_doc)] [Table 'qltv.thong_bao' doesn't exist] [n/a]; SQL [n/a]
	at org.springframework.orm.jpa.vendor.HibernateJpaDialect.convertHibernateAccessException(HibernateJpaDialect.java:277)
	at org.springframework.orm.jpa.vendor.HibernateJpaDialect.translateExceptionIfPossible(HibernateJpaDialect.java:241)
	at org.springframework.orm.jpa.AbstractEntityManagerFactoryBean.translateExceptionIfPossible(AbstractEntityManagerFactoryBean.java:550)
	at org.springframework.dao.support.ChainedPersistenceExceptionTranslator.translateExceptionIfPossible(ChainedPersistenceExceptionTranslator.java:61)
	at org.springframework.dao.support.DataAccessUtils.translateIfNecessary(DataAccessUtils.java:335)
	at org.springframework.dao.support.PersistenceExceptionTranslationInterceptor.invoke(PersistenceExceptionTranslationInterceptor.java:152)
	at org.springframework.aop.framework.ReflectiveMethodInvocation.proceed(ReflectiveMethodInvocation.java:184)
	at org.springframework.data.jpa.repository.support.CrudMethodMetadataPostProcessor$CrudMethodMetadataPopulatingMethodInterceptor.invoke(CrudMethodMetadataPostProcessor.java:135)
	at org.springframework.aop.framework.ReflectiveMethodInvocation.proceed(ReflectiveMethodInvocation.java:184)
	at org.springframework.aop.interceptor.ExposeInvocationInterceptor.invoke(ExposeInvocationInterceptor.java:97)
	at org.springframework.aop.framework.ReflectiveMethodInvocation.proceed(ReflectiveMethodInvocation.java:184)
	at org.springframework.aop.framework.JdkDynamicAopProxy.invoke(JdkDynamicAopProxy.java:220)
	at jdk.proxy4/jdk.proxy4.$Proxy138.countByTaiKhoanIdAndDaDocFalse(Unknown Source)
	at com.example.library.service.NotificationService.getUnreadCount(NotificationService.java:70)
	at com.example.library.controller.GlobalControllerAdvice.lambda$getUnreadCount$0(GlobalControllerAdvice.java:27)
	at java.base/java.util.Optional.map(Optional.java:260)
	at com.example.library.controller.GlobalControllerAdvice.getUnreadCount(GlobalControllerAdvice.java:27)
	at java.base/jdk.internal.reflect.DirectMethodHandleAccessor.invoke(DirectMethodHandleAccessor.java:103)
	at java.base/java.lang.reflect.Method.invoke(Method.java:580)
	at org.springframework.web.method.support.InvocableHandlerMethod.doInvoke(InvocableHandlerMethod.java:261)
	at org.springframework.web.method.support.InvocableHandlerMethod.invokeForRequest(InvocableHandlerMethod.java:189)
	at org.springframework.web.method.annotation.ModelFactory.invokeModelAttributeMethods(ModelFactory.java:143)
	at org.springframework.web.method.annotation.ModelFactory.initModel(ModelFactory.java:112)
	at org.springframework.web.servlet.mvc.method.annotation.RequestMappingHandlerAdapter.invokeHandlerMethod(RequestMappingHandlerAdapter.java:894)
	at org.springframework.web.servlet.mvc.method.annotation.RequestMappingHandlerAdapter.handleInternal(RequestMappingHandlerAdapter.java:829)
	at org.springframework.web.servlet.mvc.method.AbstractHandlerMethodAdapter.handle(AbstractHandlerMethodAdapter.java:87)
	at org.springframework.web.servlet.DispatcherServlet.doDispatch(DispatcherServlet.java:1089)
	at org.springframework.web.servlet.DispatcherServlet.doService(DispatcherServlet.java:979)
	at org.springframework.web.servlet.FrameworkServlet.processRequest(FrameworkServlet.java:1014)
	at org.springframework.web.servlet.FrameworkServlet.doGet(FrameworkServlet.java:903)
	at jakarta.servlet.http.HttpServlet.service(HttpServlet.java:564)
	at org.springframework.web.servlet.FrameworkServlet.service(FrameworkServlet.java:885)
	at jakarta.servlet.http.HttpServlet.service(HttpServlet.java:658)
	at org.apache.catalina.core.ApplicationFilterChain.internalDoFilter(ApplicationFilterChain.java:205)
	at org.apache.catalina.core.ApplicationFilterChain.doFilter(ApplicationFilterChain.java:149)
	at org.apache.tomcat.websocket.server.WsFilter.doFilter(WsFilter.java:51)
	at org.apache.catalina.core.ApplicationFilterChain.internalDoFilter(ApplicationFilterChain.java:174)
	at org.apache.catalina.core.ApplicationFilterChain.doFilter(ApplicationFilterChain.java:149)
	at org.springframework.web.filter.CompositeFilter$VirtualFilterChain.doFilter(CompositeFilter.java:108)
	at org.springframework.security.web.FilterChainProxy.lambda$doFilterInternal$3(FilterChainProxy.java:231)
	at org.springframework.security.web.FilterChainProxy$VirtualFilterChain.doFilter(FilterChainProxy.java:365)
	at org.springframework.security.web.access.intercept.AuthorizationFilter.doFilter(AuthorizationFilter.java:100)
	at org.springframework.security.web.FilterChainProxy$VirtualFilterChain.doFilter(FilterChainProxy.java:374)
	at org.springframework.security.web.access.ExceptionTranslationFilter.doFilter(ExceptionTranslationFilter.java:126)
	at org.springframework.security.web.access.ExceptionTranslationFilter.doFilter(ExceptionTranslationFilter.java:120)
	at org.springframework.security.web.FilterChainProxy$VirtualFilterChain.doFilter(FilterChainProxy.java:374)
	at org.springframework.security.web.authentication.AnonymousAuthenticationFilter.doFilter(AnonymousAuthenticationFilter.java:100)
	at org.springframework.security.web.FilterChainProxy$VirtualFilterChain.doFilter(FilterChainProxy.java:374)
	at org.springframework.security.web.servletapi.SecurityContextHolderAwareRequestFilter.doFilter(SecurityContextHolderAwareRequestFilter.java:179)
	at org.springframework.security.web.FilterChainProxy$VirtualFilterChain.doFilter(FilterChainProxy.java:374)
	at org.springframework.security.web.savedrequest.RequestCacheAwareFilter.doFilter(RequestCacheAwareFilter.java:63)
	at org.springframework.security.web.FilterChainProxy$VirtualFilterChain.doFilter(FilterChainProxy.java:374)
	at org.springframework.security.web.authentication.AbstractAuthenticationProcessingFilter.doFilter(AbstractAuthenticationProcessingFilter.java:227)
	at org.springframework.security.web.authentication.AbstractAuthenticationProcessingFilter.doFilter(AbstractAuthenticationProcessingFilter.java:221)
	at org.springframework.security.web.FilterChainProxy$VirtualFilterChain.doFilter(FilterChainProxy.java:374)
	at org.springframework.security.web.authentication.logout.LogoutFilter.doFilter(LogoutFilter.java:107)
	at org.springframework.security.web.authentication.logout.LogoutFilter.doFilter(LogoutFilter.java:93)
	at org.springframework.security.web.FilterChainProxy$VirtualFilterChain.doFilter(FilterChainProxy.java:374)
	at org.springframework.web.filter.CorsFilter.doFilterInternal(CorsFilter.java:91)
	at org.springframework.web.filter.OncePerRequestFilter.doFilter(OncePerRequestFilter.java:116)
	at org.springframework.security.web.FilterChainProxy$VirtualFilterChain.doFilter(FilterChainProxy.java:374)
	at org.springframework.security.web.header.HeaderWriterFilter.doHeadersAfter(HeaderWriterFilter.java:90)
	at org.springframework.security.web.header.HeaderWriterFilter.doFilterInternal(HeaderWriterFilter.java:75)
	at org.springframework.web.filter.OncePerRequestFilter.doFilter(OncePerRequestFilter.java:116)
	at org.springframework.security.web.FilterChainProxy$VirtualFilterChain.doFilter(FilterChainProxy.java:374)
	at org.springframework.security.web.context.SecurityContextHolderFilter.doFilter(SecurityContextHolderFilter.java:82)
	at org.springframework.security.web.context.SecurityContextHolderFilter.doFilter(SecurityContextHolderFilter.java:69)
	at org.springframework.security.web.FilterChainProxy$VirtualFilterChain.doFilter(FilterChainProxy.java:374)
	at org.springframework.security.web.context.request.async.WebAsyncManagerIntegrationFilter.doFilterInternal(WebAsyncManagerIntegrationFilter.java:62)
	at org.springframework.web.filter.OncePerRequestFilter.doFilter(OncePerRequestFilter.java:116)
	at org.springframework.security.web.FilterChainProxy$VirtualFilterChain.doFilter(FilterChainProxy.java:374)
	at org.springframework.security.web.session.DisableEncodeUrlFilter.doFilterInternal(DisableEncodeUrlFilter.java:42)
	at org.springframework.web.filter.OncePerRequestFilter.doFilter(OncePerRequestFilter.java:116)
	at org.springframework.security.web.FilterChainProxy$VirtualFilterChain.doFilter(FilterChainProxy.java:374)
	at org.springframework.security.web.FilterChainProxy.doFilterInternal(FilterChainProxy.java:233)
	at org.springframework.security.web.FilterChainProxy.doFilter(FilterChainProxy.java:191)
	at org.springframework.web.filter.CompositeFilter$VirtualFilterChain.doFilter(CompositeFilter.java:113)
	at org.springframework.web.servlet.handler.HandlerMappingIntrospector.lambda$createCacheFilter$3(HandlerMappingIntrospector.java:195)
	at org.springframework.web.filter.CompositeFilter$VirtualFilterChain.doFilter(CompositeFilter.java:113)
	at org.springframework.web.filter.CompositeFilter.doFilter(CompositeFilter.java:74)
	at org.springframework.security.config.annotation.web.configuration.WebMvcSecurityConfiguration$CompositeFilterChainProxy.doFilter(WebMvcSecurityConfiguration.java:225)
	at org.springframework.web.filter.DelegatingFilterProxy.invokeDelegate(DelegatingFilterProxy.java:352)
	at org.springframework.web.filter.DelegatingFilterProxy.doFilter(DelegatingFilterProxy.java:268)
	at org.apache.catalina.core.ApplicationFilterChain.internalDoFilter(ApplicationFilterChain.java:174)
	at org.apache.catalina.core.ApplicationFilterChain.doFilter(ApplicationFilterChain.java:149)
	at org.springframework.web.filter.RequestContextFilter.doFilterInternal(RequestContextFilter.java:100)
	at org.springframework.web.filter.OncePerRequestFilter.doFilter(OncePerRequestFilter.java:116)
	at org.apache.catalina.core.ApplicationFilterChain.internalDoFilter(ApplicationFilterChain.java:174)
	at org.apache.catalina.core.ApplicationFilterChain.doFilter(ApplicationFilterChain.java:149)
	at org.springframework.web.filter.FormContentFilter.doFilterInternal(FormContentFilter.java:93)
	at org.springframework.web.filter.OncePerRequestFilter.doFilter(OncePerRequestFilter.java:116)
	at org.apache.catalina.core.ApplicationFilterChain.internalDoFilter(ApplicationFilterChain.java:174)
	at org.apache.catalina.core.ApplicationFilterChain.doFilter(ApplicationFilterChain.java:149)
	at org.springframework.web.filter.CharacterEncodingFilter.doFilterInternal(CharacterEncodingFilter.java:201)
	at org.springframework.web.filter.OncePerRequestFilter.doFilter(OncePerRequestFilter.java:116)
	at org.apache.catalina.core.ApplicationFilterChain.internalDoFilter(ApplicationFilterChain.java:174)
	at org.apache.catalina.core.ApplicationFilterChain.doFilter(ApplicationFilterChain.java:149)
	at org.apache.catalina.core.StandardWrapperValve.invoke(StandardWrapperValve.java:167)
	at org.apache.catalina.core.StandardContextValve.invoke(StandardContextValve.java:90)
	at org.apache.catalina.authenticator.AuthenticatorBase.invoke(AuthenticatorBase.java:482)
	at org.apache.catalina.core.StandardHostValve.invoke(StandardHostValve.java:115)
	at org.apache.catalina.valves.ErrorReportValve.invoke(ErrorReportValve.java:93)
	at org.apache.catalina.core.StandardEngineValve.invoke(StandardEngineValve.java:74)
	at org.apache.catalina.connector.CoyoteAdapter.service(CoyoteAdapter.java:340)
	at org.apache.coyote.http11.Http11Processor.service(Http11Processor.java:391)
	at org.apache.coyote.AbstractProcessorLight.process(AbstractProcessorLight.java:63)
	at org.apache.coyote.AbstractProtocol$ConnectionHandler.process(AbstractProtocol.java:896)
	at org.apache.tomcat.util.net.NioEndpoint$SocketProcessor.doRun(NioEndpoint.java:1744)
	at org.apache.tomcat.util.net.SocketProcessorBase.run(SocketProcessorBase.java:52)
	at org.apache.tomcat.util.threads.ThreadPoolExecutor.runWorker(ThreadPoolExecutor.java:1191)
	at org.apache.tomcat.util.threads.ThreadPoolExecutor$Worker.run(ThreadPoolExecutor.java:659)
	at org.apache.tomcat.util.threads.TaskThread$WrappingRunnable.run(TaskThread.java:61)
	at java.base/java.lang.Thread.run(Thread.java:1570)
Caused by: org.hibernate.exception.SQLGrammarException: JDBC exception executing SQL [select count(tb1_0.id) from thong_bao tb1_0 where tb1_0.tai_khoan_id=? and not(tb1_0.da_doc)] [Table 'qltv.thong_bao' doesn't exist] [n/a]
	at org.hibernate.exception.internal.SQLExceptionTypeDelegate.convert(SQLExceptionTypeDelegate.java:66)
	at org.hibernate.exception.internal.StandardSQLExceptionConverter.convert(StandardSQLExceptionConverter.java:58)
	at org.hibernate.engine.jdbc.spi.SqlExceptionHelper.convert(SqlExceptionHelper.java:108)
	at org.hibernate.engine.jdbc.spi.SqlExceptionHelper.convert(SqlExceptionHelper.java:94)
	at org.hibernate.sql.results.jdbc.internal.DeferredResultSetAccess.executeQuery(DeferredResultSetAccess.java:265)
	at org.hibernate.sql.results.jdbc.internal.DeferredResultSetAccess.getResultSet(DeferredResultSetAccess.java:167)
	at org.hibernate.sql.results.jdbc.internal.JdbcValuesResultSetImpl.advanceNext(JdbcValuesResultSetImpl.java:218)
	at org.hibernate.sql.results.jdbc.internal.JdbcValuesResultSetImpl.processNext(JdbcValuesResultSetImpl.java:98)
	at org.hibernate.sql.results.jdbc.internal.AbstractJdbcValues.next(AbstractJdbcValues.java:19)
	at org.hibernate.sql.results.internal.RowProcessingStateStandardImpl.next(RowProcessingStateStandardImpl.java:66)
	at org.hibernate.sql.results.spi.ListResultsConsumer.consume(ListResultsConsumer.java:203)
	at org.hibernate.sql.results.spi.ListResultsConsumer.consume(ListResultsConsumer.java:33)
	at org.hibernate.sql.exec.internal.JdbcSelectExecutorStandardImpl.doExecuteQuery(JdbcSelectExecutorStandardImpl.java:209)
	at org.hibernate.sql.exec.internal.JdbcSelectExecutorStandardImpl.executeQuery(JdbcSelectExecutorStandardImpl.java:83)
	at org.hibernate.sql.exec.spi.JdbcSelectExecutor.list(JdbcSelectExecutor.java:76)
	at org.hibernate.sql.exec.spi.JdbcSelectExecutor.list(JdbcSelectExecutor.java:65)
	at org.hibernate.query.sqm.internal.ConcreteSqmSelectQueryPlan.lambda$new$2(ConcreteSqmSelectQueryPlan.java:137)
	at org.hibernate.query.sqm.internal.ConcreteSqmSelectQueryPlan.withCacheableSqmInterpretation(ConcreteSqmSelectQueryPlan.java:359)
	at org.hibernate.query.sqm.internal.ConcreteSqmSelectQueryPlan.performList(ConcreteSqmSelectQueryPlan.java:300)
	at org.hibernate.query.sqm.internal.QuerySqmImpl.doList(QuerySqmImpl.java:509)
	at org.hibernate.query.spi.AbstractSelectionQuery.list(AbstractSelectionQuery.java:427)
	at org.hibernate.query.spi.AbstractSelectionQuery.getSingleResult(AbstractSelectionQuery.java:564)
	at org.springframework.data.jpa.repository.query.JpaQueryExecution$SingleEntityExecution.doExecute(JpaQueryExecution.java:223)
	at org.springframework.data.jpa.repository.query.JpaQueryExecution.execute(JpaQueryExecution.java:92)
	at org.springframework.data.jpa.repository.query.AbstractJpaQuery.doExecute(AbstractJpaQuery.java:149)
	at org.springframework.data.jpa.repository.query.AbstractJpaQuery.execute(AbstractJpaQuery.java:137)
	at org.springframework.data.repository.core.support.RepositoryMethodInvoker.doInvoke(RepositoryMethodInvoker.java:170)
	at org.springframework.data.repository.core.support.RepositoryMethodInvoker.invoke(RepositoryMethodInvoker.java:158)
	at org.springframework.data.repository.core.support.QueryExecutorMethodInterceptor.doInvoke(QueryExecutorMethodInterceptor.java:164)
	at org.springframework.data.repository.core.support.QueryExecutorMethodInterceptor.invoke(QueryExecutorMethodInterceptor.java:143)
	at org.springframework.aop.framework.ReflectiveMethodInvocation.proceed(ReflectiveMethodInvocation.java:184)
	at org.springframework.data.projection.DefaultMethodInvokingMethodInterceptor.invoke(DefaultMethodInvokingMethodInterceptor.java:70)
	at org.springframework.aop.framework.ReflectiveMethodInvocation.proceed(ReflectiveMethodInvocation.java:184)
	at org.springframework.transaction.interceptor.TransactionInterceptor$1.proceedWithInvocation(TransactionInterceptor.java:123)
	at org.springframework.transaction.interceptor.TransactionAspectSupport.invokeWithinTransaction(TransactionAspectSupport.java:385)
	at org.springframework.transaction.interceptor.TransactionInterceptor.invoke(TransactionInterceptor.java:119)
	at org.springframework.aop.framework.ReflectiveMethodInvocation.proceed(ReflectiveMethodInvocation.java:184)
	at org.springframework.dao.support.PersistenceExceptionTranslationInterceptor.invoke(PersistenceExceptionTranslationInterceptor.java:137)
	... 107 common frames omitted
Caused by: java.sql.SQLSyntaxErrorException: Table 'qltv.thong_bao' doesn't exist
	at com.mysql.cj.jdbc.exceptions.SQLError.createSQLException(SQLError.java:121)
	at com.mysql.cj.jdbc.exceptions.SQLExceptionsMapping.translateException(SQLExceptionsMapping.java:122)
	at com.mysql.cj.jdbc.ClientPreparedStatement.executeInternal(ClientPreparedStatement.java:912)
	at com.mysql.cj.jdbc.ClientPreparedStatement.executeQuery(ClientPreparedStatement.java:968)
	at com.zaxxer.hikari.pool.ProxyPreparedStatement.executeQuery(ProxyPreparedStatement.java:52)
	at com.zaxxer.hikari.pool.HikariProxyPreparedStatement.executeQuery(HikariProxyPreparedStatement.java)
	at org.hibernate.sql.results.jdbc.internal.DeferredResultSetAccess.executeQuery(DeferredResultSetAccess.java:246)
	... 140 common frames omitted
2026-04-20 21:47:43 [http-nio-8080-exec-8] WARN  o.s.w.s.m.m.a.ExceptionHandlerExceptionResolver - Resolved [org.springframework.dao.InvalidDataAccessResourceUsageException: JDBC exception executing SQL [select count(tb1_0.id) from thong_bao tb1_0 where tb1_0.tai_khoan_id=? and not(tb1_0.da_doc)] [Table 'qltv.thong_bao' doesn't exist] [n/a]; SQL [n/a]]
2026-04-20 21:47:43 [http-nio-8080-exec-8] DEBUG o.s.web.servlet.DispatcherServlet - Using resolved error view: ModelAndView [view="redirect:http://localhost:8080/login"; model={}]
2026-04-20 21:47:43 [http-nio-8080-exec-8] DEBUG o.s.web.servlet.view.RedirectView - View name 'redirect:', model {}
2026-04-20 21:47:43 [http-nio-8080-exec-8] DEBUG o.s.web.servlet.DispatcherServlet - Completed 302 FOUND
2026-04-20 21:47:43 [http-nio-8080-exec-6] DEBUG o.s.security.web.FilterChainProxy - Securing GET /login
2026-04-20 21:47:43 [http-nio-8080-exec-6] DEBUG o.s.security.web.FilterChainProxy - Secured GET /login
2026-04-20 21:47:43 [http-nio-8080-exec-6] DEBUG o.s.web.servlet.DispatcherServlet - GET "/login", parameters={}
2026-04-20 21:47:43 [http-nio-8080-exec-6] DEBUG o.s.w.s.m.m.a.RequestMappingHandlerMapping - Mapped to com.example.library.controller.AuthController#loginPage(String, String, String, String, Model)
2026-04-20 21:47:43 [http-nio-8080-exec-6] DEBUG o.s.s.w.c.HttpSessionSecurityContextRepository - Retrieved SecurityContextImpl [Authentication=UsernamePasswordAuthenticationToken [Principal=org.springframework.security.core.userdetails.User [Username=Tanphong, Password=[PROTECTED], Enabled=true, AccountNonExpired=true, CredentialsNonExpired=true, AccountNonLocked=true, Granted Authorities=[ROLE_KHACHHANG]], Credentials=[PROTECTED], Authenticated=true, Details=WebAuthenticationDetails [RemoteIpAddress=0:0:0:0:0:0:0:1, SessionId=null], Granted Authorities=[ROLE_KHACHHANG]]]
2026-04-20 21:47:43 [http-nio-8080-exec-6] DEBUG org.hibernate.SQL - 
    select
        tk1_0.matk,
        tk1_0.avatar,
        tk1_0.diachi,
        tk1_0.email,
        tk1_0.hoten,
        tk1_0.ngaytao,
        tk1_0.password,
        tk1_0.quyen,
        tk1_0.reset_token,
        tk1_0.sodienthoai,
        tk1_0.trangthai,
        tk1_0.username 
    from
        taikhoan tk1_0 
    where
        tk1_0.username=?
2026-04-20 21:47:43 [http-nio-8080-exec-6] DEBUG org.hibernate.SQL - 
    select
        count(tb1_0.id) 
    from
        thong_bao tb1_0 
    where
        tb1_0.tai_khoan_id=? 
        and not(tb1_0.da_doc)
2026-04-20 21:47:43 [http-nio-8080-exec-6] WARN  o.h.e.jdbc.spi.SqlExceptionHelper - SQL Error: 1146, SQLState: 42S02
2026-04-20 21:47:43 [http-nio-8080-exec-6] ERROR o.h.e.jdbc.spi.SqlExceptionHelper - Table 'qltv.thong_bao' doesn't exist
2026-04-20 21:47:43 [http-nio-8080-exec-6] DEBUG o.s.w.s.m.m.a.ExceptionHandlerExceptionResolver - Using @ExceptionHandler com.example.library.exception.GlobalExceptionHandler#handleGeneralException(Exception, HttpServletRequest, RedirectAttributes)
2026-04-20 21:47:43 [http-nio-8080-exec-6] ERROR c.e.l.e.GlobalExceptionHandler - Lỗi không lường trước xảy ra tại URL: http://localhost:8080/login. Chi tiết: 
org.springframework.dao.InvalidDataAccessResourceUsageException: JDBC exception executing SQL [select count(tb1_0.id) from thong_bao tb1_0 where tb1_0.tai_khoan_id=? and not(tb1_0.da_doc)] [Table 'qltv.thong_bao' doesn't exist] [n/a]; SQL [n/a]
	at org.springframework.orm.jpa.vendor.HibernateJpaDialect.convertHibernateAccessException(HibernateJpaDialect.java:277)
	at org.springframework.orm.jpa.vendor.HibernateJpaDialect.translateExceptionIfPossible(HibernateJpaDialect.java:241)
	at org.springframework.orm.jpa.AbstractEntityManagerFactoryBean.translateExceptionIfPossible(AbstractEntityManagerFactoryBean.java:550)
	at org.springframework.dao.support.ChainedPersistenceExceptionTranslator.translateExceptionIfPossible(ChainedPersistenceExceptionTranslator.java:61)
	at org.springframework.dao.support.DataAccessUtils.translateIfNecessary(DataAccessUtils.java:335)
	at org.springframework.dao.support.PersistenceExceptionTranslationInterceptor.invoke(PersistenceExceptionTranslationInterceptor.java:152)
	at org.springframework.aop.framework.ReflectiveMethodInvocation.proceed(ReflectiveMethodInvocation.java:184)
	at org.springframework.data.jpa.repository.support.CrudMethodMetadataPostProcessor$CrudMethodMetadataPopulatingMethodInterceptor.invoke(CrudMethodMetadataPostProcessor.java:135)
	at org.springframework.aop.framework.ReflectiveMethodInvocation.proceed(ReflectiveMethodInvocation.java:184)
	at org.springframework.aop.interceptor.ExposeInvocationInterceptor.invoke(ExposeInvocationInterceptor.java:97)
	at org.springframework.aop.framework.ReflectiveMethodInvocation.proceed(ReflectiveMethodInvocation.java:184)
	at org.springframework.aop.framework.JdkDynamicAopProxy.invoke(JdkDynamicAopProxy.java:220)
	at jdk.proxy4/jdk.proxy4.$Proxy138.countByTaiKhoanIdAndDaDocFalse(Unknown Source)
	at com.example.library.service.NotificationService.getUnreadCount(NotificationService.java:70)
	at com.example.library.controller.GlobalControllerAdvice.lambda$getUnreadCount$0(GlobalControllerAdvice.java:27)
	at java.base/java.util.Optional.map(Optional.java:260)
	at com.example.library.controller.GlobalControllerAdvice.getUnreadCount(GlobalControllerAdvice.java:27)
	at java.base/jdk.internal.reflect.DirectMethodHandleAccessor.invoke(DirectMethodHandleAccessor.java:103)
	at java.base/java.lang.reflect.Method.invoke(Method.java:580)
	at org.springframework.web.method.support.InvocableHandlerMethod.doInvoke(InvocableHandlerMethod.java:261)
	at org.springframework.web.method.support.InvocableHandlerMethod.invokeForRequest(InvocableHandlerMethod.java:189)
	at org.springframework.web.method.annotation.ModelFactory.invokeModelAttributeMethods(ModelFactory.java:143)
	at org.springframework.web.method.annotation.ModelFactory.initModel(ModelFactory.java:112)
	at org.springframework.web.servlet.mvc.method.annotation.RequestMappingHandlerAdapter.invokeHandlerMethod(RequestMappingHandlerAdapter.java:894)
	at org.springframework.web.servlet.mvc.method.annotation.RequestMappingHandlerAdapter.handleInternal(RequestMappingHandlerAdapter.java:829)
	at org.springframework.web.servlet.mvc.method.AbstractHandlerMethodAdapter.handle(AbstractHandlerMethodAdapter.java:87)
	at org.springframework.web.servlet.DispatcherServlet.doDispatch(DispatcherServlet.java:1089)
	at org.springframework.web.servlet.DispatcherServlet.doService(DispatcherServlet.java:979)
	at org.springframework.web.servlet.FrameworkServlet.processRequest(FrameworkServlet.java:1014)
	at org.springframework.web.servlet.FrameworkServlet.doGet(FrameworkServlet.java:903)
	at jakarta.servlet.http.HttpServlet.service(HttpServlet.java:564)
	at org.springframework.web.servlet.FrameworkServlet.service(FrameworkServlet.java:885)
	at jakarta.servlet.http.HttpServlet.service(HttpServlet.java:658)
	at org.apache.catalina.core.ApplicationFilterChain.internalDoFilter(ApplicationFilterChain.java:205)
	at org.apache.catalina.core.ApplicationFilterChain.doFilter(ApplicationFilterChain.java:149)
	at org.apache.tomcat.websocket.server.WsFilter.doFilter(WsFilter.java:51)
	at org.apache.catalina.core.ApplicationFilterChain.internalDoFilter(ApplicationFilterChain.java:174)
	at org.apache.catalina.core.ApplicationFilterChain.doFilter(ApplicationFilterChain.java:149)
	at org.springframework.web.filter.CompositeFilter$VirtualFilterChain.doFilter(CompositeFilter.java:108)
	at org.springframework.security.web.FilterChainProxy.lambda$doFilterInternal$3(FilterChainProxy.java:231)
	at org.springframework.security.web.FilterChainProxy$VirtualFilterChain.doFilter(FilterChainProxy.java:365)
	at org.springframework.security.web.access.intercept.AuthorizationFilter.doFilter(AuthorizationFilter.java:100)
	at org.springframework.security.web.FilterChainProxy$VirtualFilterChain.doFilter(FilterChainProxy.java:374)
	at org.springframework.security.web.access.ExceptionTranslationFilter.doFilter(ExceptionTranslationFilter.java:126)
	at org.springframework.security.web.access.ExceptionTranslationFilter.doFilter(ExceptionTranslationFilter.java:120)
	at org.springframework.security.web.FilterChainProxy$VirtualFilterChain.doFilter(FilterChainProxy.java:374)
	at org.springframework.security.web.authentication.AnonymousAuthenticationFilter.doFilter(AnonymousAuthenticationFilter.java:100)
	at org.springframework.security.web.FilterChainProxy$VirtualFilterChain.doFilter(FilterChainProxy.java:374)
	at org.springframework.security.web.servletapi.SecurityContextHolderAwareRequestFilter.doFilter(SecurityContextHolderAwareRequestFilter.java:179)
	at org.springframework.security.web.FilterChainProxy$VirtualFilterChain.doFilter(FilterChainProxy.java:374)
	at org.springframework.security.web.savedrequest.RequestCacheAwareFilter.doFilter(RequestCacheAwareFilter.java:63)
	at org.springframework.security.web.FilterChainProxy$VirtualFilterChain.doFilter(FilterChainProxy.java:374)
	at org.springframework.security.web.authentication.AbstractAuthenticationProcessingFilter.doFilter(AbstractAuthenticationProcessingFilter.java:227)
	at org.springframework.security.web.authentication.AbstractAuthenticationProcessingFilter.doFilter(AbstractAuthenticationProcessingFilter.java:221)
	at org.springframework.security.web.FilterChainProxy$VirtualFilterChain.doFilter(FilterChainProxy.java:374)
	at org.springframework.security.web.authentication.logout.LogoutFilter.doFilter(LogoutFilter.java:107)
	at org.springframework.security.web.authentication.logout.LogoutFilter.doFilter(LogoutFilter.java:93)
	at org.springframework.security.web.FilterChainProxy$VirtualFilterChain.doFilter(FilterChainProxy.java:374)
	at org.springframework.web.filter.CorsFilter.doFilterInternal(CorsFilter.java:91)
	at org.springframework.web.filter.OncePerRequestFilter.doFilter(OncePerRequestFilter.java:116)
	at org.springframework.security.web.FilterChainProxy$VirtualFilterChain.doFilter(FilterChainProxy.java:374)
	at org.springframework.security.web.header.HeaderWriterFilter.doHeadersAfter(HeaderWriterFilter.java:90)
	at org.springframework.security.web.header.HeaderWriterFilter.doFilterInternal(HeaderWriterFilter.java:75)
	at org.springframework.web.filter.OncePerRequestFilter.doFilter(OncePerRequestFilter.java:116)
	at org.springframework.security.web.FilterChainProxy$VirtualFilterChain.doFilter(FilterChainProxy.java:374)
	at org.springframework.security.web.context.SecurityContextHolderFilter.doFilter(SecurityContextHolderFilter.java:82)
	at org.springframework.security.web.context.SecurityContextHolderFilter.doFilter(SecurityContextHolderFilter.java:69)
	at org.springframework.security.web.FilterChainProxy$VirtualFilterChain.doFilter(FilterChainProxy.java:374)
	at org.springframework.security.web.context.request.async.WebAsyncManagerIntegrationFilter.doFilterInternal(WebAsyncManagerIntegrationFilter.java:62)
	at org.springframework.web.filter.OncePerRequestFilter.doFilter(OncePerRequestFilter.java:116)
	at org.springframework.security.web.FilterChainProxy$VirtualFilterChain.doFilter(FilterChainProxy.java:374)
	at org.springframework.security.web.session.DisableEncodeUrlFilter.doFilterInternal(DisableEncodeUrlFilter.java:42)
	at org.springframework.web.filter.OncePerRequestFilter.doFilter(OncePerRequestFilter.java:116)
	at org.springframework.security.web.FilterChainProxy$VirtualFilterChain.doFilter(FilterChainProxy.java:374)
	at org.springframework.security.web.FilterChainProxy.doFilterInternal(FilterChainProxy.java:233)
	at org.springframework.security.web.FilterChainProxy.doFilter(FilterChainProxy.java:191)
	at org.springframework.web.filter.CompositeFilter$VirtualFilterChain.doFilter(CompositeFilter.java:113)
	at org.springframework.web.servlet.handler.HandlerMappingIntrospector.lambda$createCacheFilter$3(HandlerMappingIntrospector.java:195)
	at org.springframework.web.filter.CompositeFilter$VirtualFilterChain.doFilter(CompositeFilter.java:113)
	at org.springframework.web.filter.CompositeFilter.doFilter(CompositeFilter.java:74)
	at org.springframework.security.config.annotation.web.configuration.WebMvcSecurityConfiguration$CompositeFilterChainProxy.doFilter(WebMvcSecurityConfiguration.java:225)
	at org.springframework.web.filter.DelegatingFilterProxy.invokeDelegate(DelegatingFilterProxy.java:352)
	at org.springframework.web.filter.DelegatingFilterProxy.doFilter(DelegatingFilterProxy.java:268)
	at org.apache.catalina.core.ApplicationFilterChain.internalDoFilter(ApplicationFilterChain.java:174)
	at org.apache.catalina.core.ApplicationFilterChain.doFilter(ApplicationFilterChain.java:149)
	at org.springframework.web.filter.RequestContextFilter.doFilterInternal(RequestContextFilter.java:100)
	at org.springframework.web.filter.OncePerRequestFilter.doFilter(OncePerRequestFilter.java:116)
	at org.apache.catalina.core.ApplicationFilterChain.internalDoFilter(ApplicationFilterChain.java:174)
	at org.apache.catalina.core.ApplicationFilterChain.doFilter(ApplicationFilterChain.java:149)
	at org.springframework.web.filter.FormContentFilter.doFilterInternal(FormContentFilter.java:93)
	at org.springframework.web.filter.OncePerRequestFilter.doFilter(OncePerRequestFilter.java:116)
	at org.apache.catalina.core.ApplicationFilterChain.internalDoFilter(ApplicationFilterChain.java:174)
	at org.apache.catalina.core.ApplicationFilterChain.doFilter(ApplicationFilterChain.java:149)
	at org.springframework.web.filter.CharacterEncodingFilter.doFilterInternal(CharacterEncodingFilter.java:201)
	at org.springframework.web.filter.OncePerRequestFilter.doFilter(OncePerRequestFilter.java:116)
	at org.apache.catalina.core.ApplicationFilterChain.internalDoFilter(ApplicationFilterChain.java:174)
	at org.apache.catalina.core.ApplicationFilterChain.doFilter(ApplicationFilterChain.java:149)
	at org.apache.catalina.core.StandardWrapperValve.invoke(StandardWrapperValve.java:167)
	at org.apache.catalina.core.StandardContextValve.invoke(StandardContextValve.java:90)
	at org.apache.catalina.authenticator.AuthenticatorBase.invoke(AuthenticatorBase.java:482)
	at org.apache.catalina.core.StandardHostValve.invoke(StandardHostValve.java:115)
	at org.apache.catalina.valves.ErrorReportValve.invoke(ErrorReportValve.java:93)
	at org.apache.catalina.core.StandardEngineValve.invoke(StandardEngineValve.java:74)
	at org.apache.catalina.connector.CoyoteAdapter.service(CoyoteAdapter.java:340)
	at org.apache.coyote.http11.Http11Processor.service(Http11Processor.java:391)
	at org.apache.coyote.AbstractProcessorLight.process(AbstractProcessorLight.java:63)
	at org.apache.coyote.AbstractProtocol$ConnectionHandler.process(AbstractProtocol.java:896)
	at org.apache.tomcat.util.net.NioEndpoint$SocketProcessor.doRun(NioEndpoint.java:1744)
	at org.apache.tomcat.util.net.SocketProcessorBase.run(SocketProcessorBase.java:52)
	at org.apache.tomcat.util.threads.ThreadPoolExecutor.runWorker(ThreadPoolExecutor.java:1191)
	at org.apache.tomcat.util.threads.ThreadPoolExecutor$Worker.run(ThreadPoolExecutor.java:659)
	at org.apache.tomcat.util.threads.TaskThread$WrappingRunnable.run(TaskThread.java:61)
	at java.base/java.lang.Thread.run(Thread.java:1570)
Caused by: org.hibernate.exception.SQLGrammarException: JDBC exception executing SQL [select count(tb1_0.id) from thong_bao tb1_0 where tb1_0.tai_khoan_id=? and not(tb1_0.da_doc)] [Table 'qltv.thong_bao' doesn't exist] [n/a]
	at org.hibernate.exception.internal.SQLExceptionTypeDelegate.convert(SQLExceptionTypeDelegate.java:66)
	at org.hibernate.exception.internal.StandardSQLExceptionConverter.convert(StandardSQLExceptionConverter.java:58)
	at org.hibernate.engine.jdbc.spi.SqlExceptionHelper.convert(SqlExceptionHelper.java:108)
	at org.hibernate.engine.jdbc.spi.SqlExceptionHelper.convert(SqlExceptionHelper.java:94)
	at org.hibernate.sql.results.jdbc.internal.DeferredResultSetAccess.executeQuery(DeferredResultSetAccess.java:265)
	at org.hibernate.sql.results.jdbc.internal.DeferredResultSetAccess.getResultSet(DeferredResultSetAccess.java:167)
	at org.hibernate.sql.results.jdbc.internal.JdbcValuesResultSetImpl.advanceNext(JdbcValuesResultSetImpl.java:218)
	at org.hibernate.sql.results.jdbc.internal.JdbcValuesResultSetImpl.processNext(JdbcValuesResultSetImpl.java:98)
	at org.hibernate.sql.results.jdbc.internal.AbstractJdbcValues.next(AbstractJdbcValues.java:19)
	at org.hibernate.sql.results.internal.RowProcessingStateStandardImpl.next(RowProcessingStateStandardImpl.java:66)
	at org.hibernate.sql.results.spi.ListResultsConsumer.consume(ListResultsConsumer.java:203)
	at org.hibernate.sql.results.spi.ListResultsConsumer.consume(ListResultsConsumer.java:33)
	at org.hibernate.sql.exec.internal.JdbcSelectExecutorStandardImpl.doExecuteQuery(JdbcSelectExecutorStandardImpl.java:209)
	at org.hibernate.sql.exec.internal.JdbcSelectExecutorStandardImpl.executeQuery(JdbcSelectExecutorStandardImpl.java:83)
	at org.hibernate.sql.exec.spi.JdbcSelectExecutor.list(JdbcSelectExecutor.java:76)
	at org.hibernate.sql.exec.spi.JdbcSelectExecutor.list(JdbcSelectExecutor.java:65)
	at org.hibernate.query.sqm.internal.ConcreteSqmSelectQueryPlan.lambda$new$2(ConcreteSqmSelectQueryPlan.java:137)
	at org.hibernate.query.sqm.internal.ConcreteSqmSelectQueryPlan.withCacheableSqmInterpretation(ConcreteSqmSelectQueryPlan.java:359)
	at org.hibernate.query.sqm.internal.ConcreteSqmSelectQueryPlan.performList(ConcreteSqmSelectQueryPlan.java:300)
	at org.hibernate.query.sqm.internal.QuerySqmImpl.doList(QuerySqmImpl.java:509)
	at org.hibernate.query.spi.AbstractSelectionQuery.list(AbstractSelectionQuery.java:427)
	at org.hibernate.query.spi.AbstractSelectionQuery.getSingleResult(AbstractSelectionQuery.java:564)
	at org.springframework.data.jpa.repository.query.JpaQueryExecution$SingleEntityExecution.doExecute(JpaQueryExecution.java:223)
	at org.springframework.data.jpa.repository.query.JpaQueryExecution.execute(JpaQueryExecution.java:92)
	at org.springframework.data.jpa.repository.query.AbstractJpaQuery.doExecute(AbstractJpaQuery.java:149)
	at org.springframework.data.jpa.repository.query.AbstractJpaQuery.execute(AbstractJpaQuery.java:137)
	at org.springframework.data.repository.core.support.RepositoryMethodInvoker.doInvoke(RepositoryMethodInvoker.java:170)
	at org.springframework.data.repository.core.support.RepositoryMethodInvoker.invoke(RepositoryMethodInvoker.java:158)
	at org.springframework.data.repository.core.support.QueryExecutorMethodInterceptor.doInvoke(QueryExecutorMethodInterceptor.java:164)
	at org.springframework.data.repository.core.support.QueryExecutorMethodInterceptor.invoke(QueryExecutorMethodInterceptor.java:143)
	at org.springframework.aop.framework.ReflectiveMethodInvocation.proceed(ReflectiveMethodInvocation.java:184)
	at org.springframework.data.projection.DefaultMethodInvokingMethodInterceptor.invoke(DefaultMethodInvokingMethodInterceptor.java:70)
	at org.springframework.aop.framework.ReflectiveMethodInvocation.proceed(ReflectiveMethodInvocation.java:184)
	at org.springframework.transaction.interceptor.TransactionInterceptor$1.proceedWithInvocation(TransactionInterceptor.java:123)
	at org.springframework.transaction.interceptor.TransactionAspectSupport.invokeWithinTransaction(TransactionAspectSupport.java:385)
	at org.springframework.transaction.interceptor.TransactionInterceptor.invoke(TransactionInterceptor.java:119)
	at org.springframework.aop.framework.ReflectiveMethodInvocation.proceed(ReflectiveMethodInvocation.java:184)
	at org.springframework.dao.support.PersistenceExceptionTranslationInterceptor.invoke(PersistenceExceptionTranslationInterceptor.java:137)
	... 107 common frames omitted
Caused by: java.sql.SQLSyntaxErrorException: Table 'qltv.thong_bao' doesn't exist
	at com.mysql.cj.jdbc.exceptions.SQLError.createSQLException(SQLError.java:121)
	at com.mysql.cj.jdbc.exceptions.SQLExceptionsMapping.translateException(SQLExceptionsMapping.java:122)
	at com.mysql.cj.jdbc.ClientPreparedStatement.executeInternal(ClientPreparedStatement.java:912)
	at com.mysql.cj.jdbc.ClientPreparedStatement.executeQuery(ClientPreparedStatement.java:968)
	at com.zaxxer.hikari.pool.ProxyPreparedStatement.executeQuery(ProxyPreparedStatement.java:52)
	at com.zaxxer.hikari.pool.HikariProxyPreparedStatement.executeQuery(HikariProxyPreparedStatement.java)
	at org.hibernate.sql.results.jdbc.internal.DeferredResultSetAccess.executeQuery(DeferredResultSetAccess.java:246)
	... 140 common frames omitted
2026-04-20 21:47:43 [http-nio-8080-exec-6] WARN  o.s.w.s.m.m.a.ExceptionHandlerExceptionResolver - Resolved [org.springframework.dao.InvalidDataAccessResourceUsageException: JDBC exception executing SQL [select count(tb1_0.id) from thong_bao tb1_0 where tb1_0.tai_khoan_id=? and not(tb1_0.da_doc)] [Table 'qltv.thong_bao' doesn't exist] [n/a]; SQL [n/a]]
2026-04-20 21:47:43 [http-nio-8080-exec-6] DEBUG o.s.web.servlet.DispatcherServlet - Using resolved error view: ModelAndView [view="redirect:http://localhost:8080/login"; model={}]
2026-04-20 21:47:43 [http-nio-8080-exec-6] DEBUG o.s.web.servlet.view.RedirectView - View name 'redirect:', model {}
2026-04-20 21:47:43 [http-nio-8080-exec-6] DEBUG o.s.web.servlet.DispatcherServlet - Completed 302 FOUND
2026-04-20 21:47:43 [http-nio-8080-exec-10] DEBUG o.s.security.web.FilterChainProxy - Securing GET /login
2026-04-20 21:47:43 [http-nio-8080-exec-10] DEBUG o.s.security.web.FilterChainProxy - Secured GET /login
2026-04-20 21:47:43 [http-nio-8080-exec-10] DEBUG o.s.web.servlet.DispatcherServlet - GET "/login", parameters={}
2026-04-20 21:47:43 [http-nio-8080-exec-10] DEBUG o.s.w.s.m.m.a.RequestMappingHandlerMapping - Mapped to com.example.library.controller.AuthController#loginPage(String, String, String, String, Model)
2026-04-20 21:47:43 [http-nio-8080-exec-10] DEBUG o.s.s.w.c.HttpSessionSecurityContextRepository - Retrieved SecurityContextImpl [Authentication=UsernamePasswordAuthenticationToken [Principal=org.springframework.security.core.userdetails.User [Username=Tanphong, Password=[PROTECTED], Enabled=true, AccountNonExpired=true, CredentialsNonExpired=true, AccountNonLocked=true, Granted Authorities=[ROLE_KHACHHANG]], Credentials=[PROTECTED], Authenticated=true, Details=WebAuthenticationDetails [RemoteIpAddress=0:0:0:0:0:0:0:1, SessionId=null], Granted Authorities=[ROLE_KHACHHANG]]]
2026-04-20 21:47:43 [http-nio-8080-exec-10] DEBUG org.hibernate.SQL - 
    select
        tk1_0.matk,
        tk1_0.avatar,
        tk1_0.diachi,
        tk1_0.email,
        tk1_0.hoten,
        tk1_0.ngaytao,
        tk1_0.password,
        tk1_0.quyen,
        tk1_0.reset_token,
        tk1_0.sodienthoai,
        tk1_0.trangthai,
        tk1_0.username 
    from
        taikhoan tk1_0 
    where
        tk1_0.username=?
2026-04-20 21:47:43 [http-nio-8080-exec-10] DEBUG org.hibernate.SQL - 
    select
        count(tb1_0.id) 
    from
        thong_bao tb1_0 
    where
        tb1_0.tai_khoan_id=? 
        and not(tb1_0.da_doc)
2026-04-20 21:47:43 [http-nio-8080-exec-10] WARN  o.h.e.jdbc.spi.SqlExceptionHelper - SQL Error: 1146, SQLState: 42S02
2026-04-20 21:47:43 [http-nio-8080-exec-10] ERROR o.h.e.jdbc.spi.SqlExceptionHelper - Table 'qltv.thong_bao' doesn't exist
2026-04-20 21:47:43 [http-nio-8080-exec-10] DEBUG o.s.w.s.m.m.a.ExceptionHandlerExceptionResolver - Using @ExceptionHandler com.example.library.exception.GlobalExceptionHandler#handleGeneralException(Exception, HttpServletRequest, RedirectAttributes)
2026-04-20 21:47:43 [http-nio-8080-exec-10] ERROR c.e.l.e.GlobalExceptionHandler - Lỗi không lường trước xảy ra tại URL: http://localhost:8080/login. Chi tiết: 
org.springframework.dao.InvalidDataAccessResourceUsageException: JDBC exception executing SQL [select count(tb1_0.id) from thong_bao tb1_0 where tb1_0.tai_khoan_id=? and not(tb1_0.da_doc)] [Table 'qltv.thong_bao' doesn't exist] [n/a]; SQL [n/a]
	at org.springframework.orm.jpa.vendor.HibernateJpaDialect.convertHibernateAccessException(HibernateJpaDialect.java:277)
	at org.springframework.orm.jpa.vendor.HibernateJpaDialect.translateExceptionIfPossible(HibernateJpaDialect.java:241)
	at org.springframework.orm.jpa.AbstractEntityManagerFactoryBean.translateExceptionIfPossible(AbstractEntityManagerFactoryBean.java:550)
	at org.springframework.dao.support.ChainedPersistenceExceptionTranslator.translateExceptionIfPossible(ChainedPersistenceExceptionTranslator.java:61)
	at org.springframework.dao.support.DataAccessUtils.translateIfNecessary(DataAccessUtils.java:335)
	at org.springframework.dao.support.PersistenceExceptionTranslationInterceptor.invoke(PersistenceExceptionTranslationInterceptor.java:152)
	at org.springframework.aop.framework.ReflectiveMethodInvocation.proceed(ReflectiveMethodInvocation.java:184)
	at org.springframework.data.jpa.repository.support.CrudMethodMetadataPostProcessor$CrudMethodMetadataPopulatingMethodInterceptor.invoke(CrudMethodMetadataPostProcessor.java:135)
	at org.springframework.aop.framework.ReflectiveMethodInvocation.proceed(ReflectiveMethodInvocation.java:184)
	at org.springframework.aop.interceptor.ExposeInvocationInterceptor.invoke(ExposeInvocationInterceptor.java:97)
	at org.springframework.aop.framework.ReflectiveMethodInvocation.proceed(ReflectiveMethodInvocation.java:184)
	at org.springframework.aop.framework.JdkDynamicAopProxy.invoke(JdkDynamicAopProxy.java:220)
	at jdk.proxy4/jdk.proxy4.$Proxy138.countByTaiKhoanIdAndDaDocFalse(Unknown Source)
	at com.example.library.service.NotificationService.getUnreadCount(NotificationService.java:70)
	at com.example.library.controller.GlobalControllerAdvice.lambda$getUnreadCount$0(GlobalControllerAdvice.java:27)
	at java.base/java.util.Optional.map(Optional.java:260)
	at com.example.library.controller.GlobalControllerAdvice.getUnreadCount(GlobalControllerAdvice.java:27)
	at java.base/jdk.internal.reflect.DirectMethodHandleAccessor.invoke(DirectMethodHandleAccessor.java:103)
	at java.base/java.lang.reflect.Method.invoke(Method.java:580)
	at org.springframework.web.method.support.InvocableHandlerMethod.doInvoke(InvocableHandlerMethod.java:261)
	at org.springframework.web.method.support.InvocableHandlerMethod.invokeForRequest(InvocableHandlerMethod.java:189)
	at org.springframework.web.method.annotation.ModelFactory.invokeModelAttributeMethods(ModelFactory.java:143)
	at org.springframework.web.method.annotation.ModelFactory.initModel(ModelFactory.java:112)
	at org.springframework.web.servlet.mvc.method.annotation.RequestMappingHandlerAdapter.invokeHandlerMethod(RequestMappingHandlerAdapter.java:894)
	at org.springframework.web.servlet.mvc.method.annotation.RequestMappingHandlerAdapter.handleInternal(RequestMappingHandlerAdapter.java:829)
	at org.springframework.web.servlet.mvc.method.AbstractHandlerMethodAdapter.handle(AbstractHandlerMethodAdapter.java:87)
	at org.springframework.web.servlet.DispatcherServlet.doDispatch(DispatcherServlet.java:1089)
	at org.springframework.web.servlet.DispatcherServlet.doService(DispatcherServlet.java:979)
	at org.springframework.web.servlet.FrameworkServlet.processRequest(FrameworkServlet.java:1014)
	at org.springframework.web.servlet.FrameworkServlet.doGet(FrameworkServlet.java:903)
	at jakarta.servlet.http.HttpServlet.service(HttpServlet.java:564)
	at org.springframework.web.servlet.FrameworkServlet.service(FrameworkServlet.java:885)
	at jakarta.servlet.http.HttpServlet.service(HttpServlet.java:658)
	at org.apache.catalina.core.ApplicationFilterChain.internalDoFilter(ApplicationFilterChain.java:205)
	at org.apache.catalina.core.ApplicationFilterChain.doFilter(ApplicationFilterChain.java:149)
	at org.apache.tomcat.websocket.server.WsFilter.doFilter(WsFilter.java:51)
	at org.apache.catalina.core.ApplicationFilterChain.internalDoFilter(ApplicationFilterChain.java:174)
	at org.apache.catalina.core.ApplicationFilterChain.doFilter(ApplicationFilterChain.java:149)
	at org.springframework.web.filter.CompositeFilter$VirtualFilterChain.doFilter(CompositeFilter.java:108)
	at org.springframework.security.web.FilterChainProxy.lambda$doFilterInternal$3(FilterChainProxy.java:231)
	at org.springframework.security.web.FilterChainProxy$VirtualFilterChain.doFilter(FilterChainProxy.java:365)
	at org.springframework.security.web.access.intercept.AuthorizationFilter.doFilter(AuthorizationFilter.java:100)
	at org.springframework.security.web.FilterChainProxy$VirtualFilterChain.doFilter(FilterChainProxy.java:374)
	at org.springframework.security.web.access.ExceptionTranslationFilter.doFilter(ExceptionTranslationFilter.java:126)
	at org.springframework.security.web.access.ExceptionTranslationFilter.doFilter(ExceptionTranslationFilter.java:120)
	at org.springframework.security.web.FilterChainProxy$VirtualFilterChain.doFilter(FilterChainProxy.java:374)
	at org.springframework.security.web.authentication.AnonymousAuthenticationFilter.doFilter(AnonymousAuthenticationFilter.java:100)
	at org.springframework.security.web.FilterChainProxy$VirtualFilterChain.doFilter(FilterChainProxy.java:374)
	at org.springframework.security.web.servletapi.SecurityContextHolderAwareRequestFilter.doFilter(SecurityContextHolderAwareRequestFilter.java:179)
	at org.springframework.security.web.FilterChainProxy$VirtualFilterChain.doFilter(FilterChainProxy.java:374)
	at org.springframework.security.web.savedrequest.RequestCacheAwareFilter.doFilter(RequestCacheAwareFilter.java:63)
	at org.springframework.security.web.FilterChainProxy$VirtualFilterChain.doFilter(FilterChainProxy.java:374)
	at org.springframework.security.web.authentication.AbstractAuthenticationProcessingFilter.doFilter(AbstractAuthenticationProcessingFilter.java:227)
	at org.springframework.security.web.authentication.AbstractAuthenticationProcessingFilter.doFilter(AbstractAuthenticationProcessingFilter.java:221)
	at org.springframework.security.web.FilterChainProxy$VirtualFilterChain.doFilter(FilterChainProxy.java:374)
	at org.springframework.security.web.authentication.logout.LogoutFilter.doFilter(LogoutFilter.java:107)
	at org.springframework.security.web.authentication.logout.LogoutFilter.doFilter(LogoutFilter.java:93)
	at org.springframework.security.web.FilterChainProxy$VirtualFilterChain.doFilter(FilterChainProxy.java:374)
	at org.springframework.web.filter.CorsFilter.doFilterInternal(CorsFilter.java:91)
	at org.springframework.web.filter.OncePerRequestFilter.doFilter(OncePerRequestFilter.java:116)
	at org.springframework.security.web.FilterChainProxy$VirtualFilterChain.doFilter(FilterChainProxy.java:374)
	at org.springframework.security.web.header.HeaderWriterFilter.doHeadersAfter(HeaderWriterFilter.java:90)
	at org.springframework.security.web.header.HeaderWriterFilter.doFilterInternal(HeaderWriterFilter.java:75)
	at org.springframework.web.filter.OncePerRequestFilter.doFilter(OncePerRequestFilter.java:116)
	at org.springframework.security.web.FilterChainProxy$VirtualFilterChain.doFilter(FilterChainProxy.java:374)
	at org.springframework.security.web.context.SecurityContextHolderFilter.doFilter(SecurityContextHolderFilter.java:82)
	at org.springframework.security.web.context.SecurityContextHolderFilter.doFilter(SecurityContextHolderFilter.java:69)
	at org.springframework.security.web.FilterChainProxy$VirtualFilterChain.doFilter(FilterChainProxy.java:374)
	at org.springframework.security.web.context.request.async.WebAsyncManagerIntegrationFilter.doFilterInternal(WebAsyncManagerIntegrationFilter.java:62)
	at org.springframework.web.filter.OncePerRequestFilter.doFilter(OncePerRequestFilter.java:116)
	at org.springframework.security.web.FilterChainProxy$VirtualFilterChain.doFilter(FilterChainProxy.java:374)
	at org.springframework.security.web.session.DisableEncodeUrlFilter.doFilterInternal(DisableEncodeUrlFilter.java:42)
	at org.springframework.web.filter.OncePerRequestFilter.doFilter(OncePerRequestFilter.java:116)
	at org.springframework.security.web.FilterChainProxy$VirtualFilterChain.doFilter(FilterChainProxy.java:374)
	at org.springframework.security.web.FilterChainProxy.doFilterInternal(FilterChainProxy.java:233)
	at org.springframework.security.web.FilterChainProxy.doFilter(FilterChainProxy.java:191)
	at org.springframework.web.filter.CompositeFilter$VirtualFilterChain.doFilter(CompositeFilter.java:113)
	at org.springframework.web.servlet.handler.HandlerMappingIntrospector.lambda$createCacheFilter$3(HandlerMappingIntrospector.java:195)
	at org.springframework.web.filter.CompositeFilter$VirtualFilterChain.doFilter(CompositeFilter.java:113)
	at org.springframework.web.filter.CompositeFilter.doFilter(CompositeFilter.java:74)
	at org.springframework.security.config.annotation.web.configuration.WebMvcSecurityConfiguration$CompositeFilterChainProxy.doFilter(WebMvcSecurityConfiguration.java:225)
	at org.springframework.web.filter.DelegatingFilterProxy.invokeDelegate(DelegatingFilterProxy.java:352)
	at org.springframework.web.filter.DelegatingFilterProxy.doFilter(DelegatingFilterProxy.java:268)
	at org.apache.catalina.core.ApplicationFilterChain.internalDoFilter(ApplicationFilterChain.java:174)
	at org.apache.catalina.core.ApplicationFilterChain.doFilter(ApplicationFilterChain.java:149)
	at org.springframework.web.filter.RequestContextFilter.doFilterInternal(RequestContextFilter.java:100)
	at org.springframework.web.filter.OncePerRequestFilter.doFilter(OncePerRequestFilter.java:116)
	at org.apache.catalina.core.ApplicationFilterChain.internalDoFilter(ApplicationFilterChain.java:174)
	at org.apache.catalina.core.ApplicationFilterChain.doFilter(ApplicationFilterChain.java:149)
	at org.springframework.web.filter.FormContentFilter.doFilterInternal(FormContentFilter.java:93)
	at org.springframework.web.filter.OncePerRequestFilter.doFilter(OncePerRequestFilter.java:116)
	at org.apache.catalina.core.ApplicationFilterChain.internalDoFilter(ApplicationFilterChain.java:174)
	at org.apache.catalina.core.ApplicationFilterChain.doFilter(ApplicationFilterChain.java:149)
	at org.springframework.web.filter.CharacterEncodingFilter.doFilterInternal(CharacterEncodingFilter.java:201)
	at org.springframework.web.filter.OncePerRequestFilter.doFilter(OncePerRequestFilter.java:116)
	at org.apache.catalina.core.ApplicationFilterChain.internalDoFilter(ApplicationFilterChain.java:174)
	at org.apache.catalina.core.ApplicationFilterChain.doFilter(ApplicationFilterChain.java:149)
	at org.apache.catalina.core.StandardWrapperValve.invoke(StandardWrapperValve.java:167)
	at org.apache.catalina.core.StandardContextValve.invoke(StandardContextValve.java:90)
	at org.apache.catalina.authenticator.AuthenticatorBase.invoke(AuthenticatorBase.java:482)
	at org.apache.catalina.core.StandardHostValve.invoke(StandardHostValve.java:115)
	at org.apache.catalina.valves.ErrorReportValve.invoke(ErrorReportValve.java:93)
	at org.apache.catalina.core.StandardEngineValve.invoke(StandardEngineValve.java:74)
	at org.apache.catalina.connector.CoyoteAdapter.service(CoyoteAdapter.java:340)
	at org.apache.coyote.http11.Http11Processor.service(Http11Processor.java:391)
	at org.apache.coyote.AbstractProcessorLight.process(AbstractProcessorLight.java:63)
	at org.apache.coyote.AbstractProtocol$ConnectionHandler.process(AbstractProtocol.java:896)
	at org.apache.tomcat.util.net.NioEndpoint$SocketProcessor.doRun(NioEndpoint.java:1744)
	at org.apache.tomcat.util.net.SocketProcessorBase.run(SocketProcessorBase.java:52)
	at org.apache.tomcat.util.threads.ThreadPoolExecutor.runWorker(ThreadPoolExecutor.java:1191)
	at org.apache.tomcat.util.threads.ThreadPoolExecutor$Worker.run(ThreadPoolExecutor.java:659)
	at org.apache.tomcat.util.threads.TaskThread$WrappingRunnable.run(TaskThread.java:61)
	at java.base/java.lang.Thread.run(Thread.java:1570)
Caused by: org.hibernate.exception.SQLGrammarException: JDBC exception executing SQL [select count(tb1_0.id) from thong_bao tb1_0 where tb1_0.tai_khoan_id=? and not(tb1_0.da_doc)] [Table 'qltv.thong_bao' doesn't exist] [n/a]
	at org.hibernate.exception.internal.SQLExceptionTypeDelegate.convert(SQLExceptionTypeDelegate.java:66)
	at org.hibernate.exception.internal.StandardSQLExceptionConverter.convert(StandardSQLExceptionConverter.java:58)
	at org.hibernate.engine.jdbc.spi.SqlExceptionHelper.convert(SqlExceptionHelper.java:108)
	at org.hibernate.engine.jdbc.spi.SqlExceptionHelper.convert(SqlExceptionHelper.java:94)
	at org.hibernate.sql.results.jdbc.internal.DeferredResultSetAccess.executeQuery(DeferredResultSetAccess.java:265)
	at org.hibernate.sql.results.jdbc.internal.DeferredResultSetAccess.getResultSet(DeferredResultSetAccess.java:167)
	at org.hibernate.sql.results.jdbc.internal.JdbcValuesResultSetImpl.advanceNext(JdbcValuesResultSetImpl.java:218)
	at org.hibernate.sql.results.jdbc.internal.JdbcValuesResultSetImpl.processNext(JdbcValuesResultSetImpl.java:98)
	at org.hibernate.sql.results.jdbc.internal.AbstractJdbcValues.next(AbstractJdbcValues.java:19)
	at org.hibernate.sql.results.internal.RowProcessingStateStandardImpl.next(RowProcessingStateStandardImpl.java:66)
	at org.hibernate.sql.results.spi.ListResultsConsumer.consume(ListResultsConsumer.java:203)
	at org.hibernate.sql.results.spi.ListResultsConsumer.consume(ListResultsConsumer.java:33)
	at org.hibernate.sql.exec.internal.JdbcSelectExecutorStandardImpl.doExecuteQuery(JdbcSelectExecutorStandardImpl.java:209)
	at org.hibernate.sql.exec.internal.JdbcSelectExecutorStandardImpl.executeQuery(JdbcSelectExecutorStandardImpl.java:83)
	at org.hibernate.sql.exec.spi.JdbcSelectExecutor.list(JdbcSelectExecutor.java:76)
	at org.hibernate.sql.exec.spi.JdbcSelectExecutor.list(JdbcSelectExecutor.java:65)
	at org.hibernate.query.sqm.internal.ConcreteSqmSelectQueryPlan.lambda$new$2(ConcreteSqmSelectQueryPlan.java:137)
	at org.hibernate.query.sqm.internal.ConcreteSqmSelectQueryPlan.withCacheableSqmInterpretation(ConcreteSqmSelectQueryPlan.java:359)
	at org.hibernate.query.sqm.internal.ConcreteSqmSelectQueryPlan.performList(ConcreteSqmSelectQueryPlan.java:300)
	at org.hibernate.query.sqm.internal.QuerySqmImpl.doList(QuerySqmImpl.java:509)
	at org.hibernate.query.spi.AbstractSelectionQuery.list(AbstractSelectionQuery.java:427)
	at org.hibernate.query.spi.AbstractSelectionQuery.getSingleResult(AbstractSelectionQuery.java:564)
	at org.springframework.data.jpa.repository.query.JpaQueryExecution$SingleEntityExecution.doExecute(JpaQueryExecution.java:223)
	at org.springframework.data.jpa.repository.query.JpaQueryExecution.execute(JpaQueryExecution.java:92)
	at org.springframework.data.jpa.repository.query.AbstractJpaQuery.doExecute(AbstractJpaQuery.java:149)
	at org.springframework.data.jpa.repository.query.AbstractJpaQuery.execute(AbstractJpaQuery.java:137)
	at org.springframework.data.repository.core.support.RepositoryMethodInvoker.doInvoke(RepositoryMethodInvoker.java:170)
	at org.springframework.data.repository.core.support.RepositoryMethodInvoker.invoke(RepositoryMethodInvoker.java:158)
	at org.springframework.data.repository.core.support.QueryExecutorMethodInterceptor.doInvoke(QueryExecutorMethodInterceptor.java:164)
	at org.springframework.data.repository.core.support.QueryExecutorMethodInterceptor.invoke(QueryExecutorMethodInterceptor.java:143)
	at org.springframework.aop.framework.ReflectiveMethodInvocation.proceed(ReflectiveMethodInvocation.java:184)
	at org.springframework.data.projection.DefaultMethodInvokingMethodInterceptor.invoke(DefaultMethodInvokingMethodInterceptor.java:70)
	at org.springframework.aop.framework.ReflectiveMethodInvocation.proceed(ReflectiveMethodInvocation.java:184)
	at org.springframework.transaction.interceptor.TransactionInterceptor$1.proceedWithInvocation(TransactionInterceptor.java:123)
	at org.springframework.transaction.interceptor.TransactionAspectSupport.invokeWithinTransaction(TransactionAspectSupport.java:385)
	at org.springframework.transaction.interceptor.TransactionInterceptor.invoke(TransactionInterceptor.java:119)
	at org.springframework.aop.framework.ReflectiveMethodInvocation.proceed(ReflectiveMethodInvocation.java:184)
	at org.springframework.dao.support.PersistenceExceptionTranslationInterceptor.invoke(PersistenceExceptionTranslationInterceptor.java:137)
	... 107 common frames omitted
Caused by: java.sql.SQLSyntaxErrorException: Table 'qltv.thong_bao' doesn't exist
	at com.mysql.cj.jdbc.exceptions.SQLError.createSQLException(SQLError.java:121)
	at com.mysql.cj.jdbc.exceptions.SQLExceptionsMapping.translateException(SQLExceptionsMapping.java:122)
	at com.mysql.cj.jdbc.ClientPreparedStatement.executeInternal(ClientPreparedStatement.java:912)
	at com.mysql.cj.jdbc.ClientPreparedStatement.executeQuery(ClientPreparedStatement.java:968)
	at com.zaxxer.hikari.pool.ProxyPreparedStatement.executeQuery(ProxyPreparedStatement.java:52)
	at com.zaxxer.hikari.pool.HikariProxyPreparedStatement.executeQuery(HikariProxyPreparedStatement.java)
	at org.hibernate.sql.results.jdbc.internal.DeferredResultSetAccess.executeQuery(DeferredResultSetAccess.java:246)
	... 140 common frames omitted
2026-04-20 21:47:43 [http-nio-8080-exec-10] WARN  o.s.w.s.m.m.a.ExceptionHandlerExceptionResolver - Resolved [org.springframework.dao.InvalidDataAccessResourceUsageException: JDBC exception executing SQL [select count(tb1_0.id) from thong_bao tb1_0 where tb1_0.tai_khoan_id=? and not(tb1_0.da_doc)] [Table 'qltv.thong_bao' doesn't exist] [n/a]; SQL [n/a]]
2026-04-20 21:47:43 [http-nio-8080-exec-10] DEBUG o.s.web.servlet.DispatcherServlet - Using resolved error view: ModelAndView [view="redirect:http://localhost:8080/login"; model={}]
2026-04-20 21:47:43 [http-nio-8080-exec-10] DEBUG o.s.web.servlet.view.RedirectView - View name 'redirect:', model {}
2026-04-20 21:47:43 [http-nio-8080-exec-10] DEBUG o.s.web.servlet.DispatcherServlet - Completed 302 FOUND
2026-04-20 21:47:44 [http-nio-8080-exec-1] DEBUG o.s.security.web.FilterChainProxy - Securing GET /login
2026-04-20 21:47:44 [http-nio-8080-exec-1] DEBUG o.s.security.web.FilterChainProxy - Secured GET /login
2026-04-20 21:47:44 [http-nio-8080-exec-1] DEBUG o.s.web.servlet.DispatcherServlet - GET "/login", parameters={}
2026-04-20 21:47:44 [http-nio-8080-exec-1] DEBUG o.s.w.s.m.m.a.RequestMappingHandlerMapping - Mapped to com.example.library.controller.AuthController#loginPage(String, String, String, String, Model)
2026-04-20 21:47:44 [http-nio-8080-exec-1] DEBUG o.s.s.w.c.HttpSessionSecurityContextRepository - Retrieved SecurityContextImpl [Authentication=UsernamePasswordAuthenticationToken [Principal=org.springframework.security.core.userdetails.User [Username=Tanphong, Password=[PROTECTED], Enabled=true, AccountNonExpired=true, CredentialsNonExpired=true, AccountNonLocked=true, Granted Authorities=[ROLE_KHACHHANG]], Credentials=[PROTECTED], Authenticated=true, Details=WebAuthenticationDetails [RemoteIpAddress=0:0:0:0:0:0:0:1, SessionId=null], Granted Authorities=[ROLE_KHACHHANG]]]
2026-04-20 21:47:44 [http-nio-8080-exec-1] DEBUG org.hibernate.SQL - 
    select
        tk1_0.matk,
        tk1_0.avatar,
        tk1_0.diachi,
        tk1_0.email,
        tk1_0.hoten,
        tk1_0.ngaytao,
        tk1_0.password,
        tk1_0.quyen,
        tk1_0.reset_token,
        tk1_0.sodienthoai,
        tk1_0.trangthai,
        tk1_0.username 
    from
        taikhoan tk1_0 
    where
        tk1_0.username=?
2026-04-20 21:47:44 [http-nio-8080-exec-1] DEBUG org.hibernate.SQL - 
    select
        count(tb1_0.id) 
    from
        thong_bao tb1_0 
    where
        tb1_0.tai_khoan_id=? 
        and not(tb1_0.da_doc)
2026-04-20 21:47:44 [http-nio-8080-exec-1] WARN  o.h.e.jdbc.spi.SqlExceptionHelper - SQL Error: 1146, SQLState: 42S02
2026-04-20 21:47:44 [http-nio-8080-exec-1] ERROR o.h.e.jdbc.spi.SqlExceptionHelper - Table 'qltv.thong_bao' doesn't exist
2026-04-20 21:47:44 [http-nio-8080-exec-1] DEBUG o.s.w.s.m.m.a.ExceptionHandlerExceptionResolver - Using @ExceptionHandler com.example.library.exception.GlobalExceptionHandler#handleGeneralException(Exception, HttpServletRequest, RedirectAttributes)
2026-04-20 21:47:44 [http-nio-8080-exec-1] ERROR c.e.l.e.GlobalExceptionHandler - Lỗi không lường trước xảy ra tại URL: http://localhost:8080/login. Chi tiết: 
org.springframework.dao.InvalidDataAccessResourceUsageException: JDBC exception executing SQL [select count(tb1_0.id) from thong_bao tb1_0 where tb1_0.tai_khoan_id=? and not(tb1_0.da_doc)] [Table 'qltv.thong_bao' doesn't exist] [n/a]; SQL [n/a]
	at org.springframework.orm.jpa.vendor.HibernateJpaDialect.convertHibernateAccessException(HibernateJpaDialect.java:277)
	at org.springframework.orm.jpa.vendor.HibernateJpaDialect.translateExceptionIfPossible(HibernateJpaDialect.java:241)
	at org.springframework.orm.jpa.AbstractEntityManagerFactoryBean.translateExceptionIfPossible(AbstractEntityManagerFactoryBean.java:550)
	at org.springframework.dao.support.ChainedPersistenceExceptionTranslator.translateExceptionIfPossible(ChainedPersistenceExceptionTranslator.java:61)
	at org.springframework.dao.support.DataAccessUtils.translateIfNecessary(DataAccessUtils.java:335)
	at org.springframework.dao.support.PersistenceExceptionTranslationInterceptor.invoke(PersistenceExceptionTranslationInterceptor.java:152)
	at org.springframework.aop.framework.ReflectiveMethodInvocation.proceed(ReflectiveMethodInvocation.java:184)
	at org.springframework.data.jpa.repository.support.CrudMethodMetadataPostProcessor$CrudMethodMetadataPopulatingMethodInterceptor.invoke(CrudMethodMetadataPostProcessor.java:135)
	at org.springframework.aop.framework.ReflectiveMethodInvocation.proceed(ReflectiveMethodInvocation.java:184)
	at org.springframework.aop.interceptor.ExposeInvocationInterceptor.invoke(ExposeInvocationInterceptor.java:97)
	at org.springframework.aop.framework.ReflectiveMethodInvocation.proceed(ReflectiveMethodInvocation.java:184)
	at org.springframework.aop.framework.JdkDynamicAopProxy.invoke(JdkDynamicAopProxy.java:220)
	at jdk.proxy4/jdk.proxy4.$Proxy138.countByTaiKhoanIdAndDaDocFalse(Unknown Source)
	at com.example.library.service.NotificationService.getUnreadCount(NotificationService.java:70)
	at com.example.library.controller.GlobalControllerAdvice.lambda$getUnreadCount$0(GlobalControllerAdvice.java:27)
	at java.base/java.util.Optional.map(Optional.java:260)
	at com.example.library.controller.GlobalControllerAdvice.getUnreadCount(GlobalControllerAdvice.java:27)
	at java.base/jdk.internal.reflect.DirectMethodHandleAccessor.invoke(DirectMethodHandleAccessor.java:103)
	at java.base/java.lang.reflect.Method.invoke(Method.java:580)
	at org.springframework.web.method.support.InvocableHandlerMethod.doInvoke(InvocableHandlerMethod.java:261)
	at org.springframework.web.method.support.InvocableHandlerMethod.invokeForRequest(InvocableHandlerMethod.java:189)
	at org.springframework.web.method.annotation.ModelFactory.invokeModelAttributeMethods(ModelFactory.java:143)
	at org.springframework.web.method.annotation.ModelFactory.initModel(ModelFactory.java:112)
	at org.springframework.web.servlet.mvc.method.annotation.RequestMappingHandlerAdapter.invokeHandlerMethod(RequestMappingHandlerAdapter.java:894)
	at org.springframework.web.servlet.mvc.method.annotation.RequestMappingHandlerAdapter.handleInternal(RequestMappingHandlerAdapter.java:829)
	at org.springframework.web.servlet.mvc.method.AbstractHandlerMethodAdapter.handle(AbstractHandlerMethodAdapter.java:87)
	at org.springframework.web.servlet.DispatcherServlet.doDispatch(DispatcherServlet.java:1089)
	at org.springframework.web.servlet.DispatcherServlet.doService(DispatcherServlet.java:979)
	at org.springframework.web.servlet.FrameworkServlet.processRequest(FrameworkServlet.java:1014)
	at org.springframework.web.servlet.FrameworkServlet.doGet(FrameworkServlet.java:903)
	at jakarta.servlet.http.HttpServlet.service(HttpServlet.java:564)
	at org.springframework.web.servlet.FrameworkServlet.service(FrameworkServlet.java:885)
	at jakarta.servlet.http.HttpServlet.service(HttpServlet.java:658)
	at org.apache.catalina.core.ApplicationFilterChain.internalDoFilter(ApplicationFilterChain.java:205)
	at org.apache.catalina.core.ApplicationFilterChain.doFilter(ApplicationFilterChain.java:149)
	at org.apache.tomcat.websocket.server.WsFilter.doFilter(WsFilter.java:51)
	at org.apache.catalina.core.ApplicationFilterChain.internalDoFilter(ApplicationFilterChain.java:174)
	at org.apache.catalina.core.ApplicationFilterChain.doFilter(ApplicationFilterChain.java:149)
	at org.springframework.web.filter.CompositeFilter$VirtualFilterChain.doFilter(CompositeFilter.java:108)
	at org.springframework.security.web.FilterChainProxy.lambda$doFilterInternal$3(FilterChainProxy.java:231)
	at org.springframework.security.web.FilterChainProxy$VirtualFilterChain.doFilter(FilterChainProxy.java:365)
	at org.springframework.security.web.access.intercept.AuthorizationFilter.doFilter(AuthorizationFilter.java:100)
	at org.springframework.security.web.FilterChainProxy$VirtualFilterChain.doFilter(FilterChainProxy.java:374)
	at org.springframework.security.web.access.ExceptionTranslationFilter.doFilter(ExceptionTranslationFilter.java:126)
	at org.springframework.security.web.access.ExceptionTranslationFilter.doFilter(ExceptionTranslationFilter.java:120)
	at org.springframework.security.web.FilterChainProxy$VirtualFilterChain.doFilter(FilterChainProxy.java:374)
	at org.springframework.security.web.authentication.AnonymousAuthenticationFilter.doFilter(AnonymousAuthenticationFilter.java:100)
	at org.springframework.security.web.FilterChainProxy$VirtualFilterChain.doFilter(FilterChainProxy.java:374)
	at org.springframework.security.web.servletapi.SecurityContextHolderAwareRequestFilter.doFilter(SecurityContextHolderAwareRequestFilter.java:179)
	at org.springframework.security.web.FilterChainProxy$VirtualFilterChain.doFilter(FilterChainProxy.java:374)
	at org.springframework.security.web.savedrequest.RequestCacheAwareFilter.doFilter(RequestCacheAwareFilter.java:63)
	at org.springframework.security.web.FilterChainProxy$VirtualFilterChain.doFilter(FilterChainProxy.java:374)
	at org.springframework.security.web.authentication.AbstractAuthenticationProcessingFilter.doFilter(AbstractAuthenticationProcessingFilter.java:227)
	at org.springframework.security.web.authentication.AbstractAuthenticationProcessingFilter.doFilter(AbstractAuthenticationProcessingFilter.java:221)
	at org.springframework.security.web.FilterChainProxy$VirtualFilterChain.doFilter(FilterChainProxy.java:374)
	at org.springframework.security.web.authentication.logout.LogoutFilter.doFilter(LogoutFilter.java:107)
	at org.springframework.security.web.authentication.logout.LogoutFilter.doFilter(LogoutFilter.java:93)
	at org.springframework.security.web.FilterChainProxy$VirtualFilterChain.doFilter(FilterChainProxy.java:374)
	at org.springframework.web.filter.CorsFilter.doFilterInternal(CorsFilter.java:91)
	at org.springframework.web.filter.OncePerRequestFilter.doFilter(OncePerRequestFilter.java:116)
	at org.springframework.security.web.FilterChainProxy$VirtualFilterChain.doFilter(FilterChainProxy.java:374)
	at org.springframework.security.web.header.HeaderWriterFilter.doHeadersAfter(HeaderWriterFilter.java:90)
	at org.springframework.security.web.header.HeaderWriterFilter.doFilterInternal(HeaderWriterFilter.java:75)
	at org.springframework.web.filter.OncePerRequestFilter.doFilter(OncePerRequestFilter.java:116)
	at org.springframework.security.web.FilterChainProxy$VirtualFilterChain.doFilter(FilterChainProxy.java:374)
	at org.springframework.security.web.context.SecurityContextHolderFilter.doFilter(SecurityContextHolderFilter.java:82)
	at org.springframework.security.web.context.SecurityContextHolderFilter.doFilter(SecurityContextHolderFilter.java:69)
	at org.springframework.security.web.FilterChainProxy$VirtualFilterChain.doFilter(FilterChainProxy.java:374)
	at org.springframework.security.web.context.request.async.WebAsyncManagerIntegrationFilter.doFilterInternal(WebAsyncManagerIntegrationFilter.java:62)
	at org.springframework.web.filter.OncePerRequestFilter.doFilter(OncePerRequestFilter.java:116)
	at org.springframework.security.web.FilterChainProxy$VirtualFilterChain.doFilter(FilterChainProxy.java:374)
	at org.springframework.security.web.session.DisableEncodeUrlFilter.doFilterInternal(DisableEncodeUrlFilter.java:42)
	at org.springframework.web.filter.OncePerRequestFilter.doFilter(OncePerRequestFilter.java:116)
	at org.springframework.security.web.FilterChainProxy$VirtualFilterChain.doFilter(FilterChainProxy.java:374)
	at org.springframework.security.web.FilterChainProxy.doFilterInternal(FilterChainProxy.java:233)
	at org.springframework.security.web.FilterChainProxy.doFilter(FilterChainProxy.java:191)
	at org.springframework.web.filter.CompositeFilter$VirtualFilterChain.doFilter(CompositeFilter.java:113)
	at org.springframework.web.servlet.handler.HandlerMappingIntrospector.lambda$createCacheFilter$3(HandlerMappingIntrospector.java:195)
	at org.springframework.web.filter.CompositeFilter$VirtualFilterChain.doFilter(CompositeFilter.java:113)
	at org.springframework.web.filter.CompositeFilter.doFilter(CompositeFilter.java:74)
	at org.springframework.security.config.annotation.web.configuration.WebMvcSecurityConfiguration$CompositeFilterChainProxy.doFilter(WebMvcSecurityConfiguration.java:225)
	at org.springframework.web.filter.DelegatingFilterProxy.invokeDelegate(DelegatingFilterProxy.java:352)
	at org.springframework.web.filter.DelegatingFilterProxy.doFilter(DelegatingFilterProxy.java:268)
	at org.apache.catalina.core.ApplicationFilterChain.internalDoFilter(ApplicationFilterChain.java:174)
	at org.apache.catalina.core.ApplicationFilterChain.doFilter(ApplicationFilterChain.java:149)
	at org.springframework.web.filter.RequestContextFilter.doFilterInternal(RequestContextFilter.java:100)
	at org.springframework.web.filter.OncePerRequestFilter.doFilter(OncePerRequestFilter.java:116)
	at org.apache.catalina.core.ApplicationFilterChain.internalDoFilter(ApplicationFilterChain.java:174)
	at org.apache.catalina.core.ApplicationFilterChain.doFilter(ApplicationFilterChain.java:149)
	at org.springframework.web.filter.FormContentFilter.doFilterInternal(FormContentFilter.java:93)
	at org.springframework.web.filter.OncePerRequestFilter.doFilter(OncePerRequestFilter.java:116)
	at org.apache.catalina.core.ApplicationFilterChain.internalDoFilter(ApplicationFilterChain.java:174)
	at org.apache.catalina.core.ApplicationFilterChain.doFilter(ApplicationFilterChain.java:149)
	at org.springframework.web.filter.CharacterEncodingFilter.doFilterInternal(CharacterEncodingFilter.java:201)
	at org.springframework.web.filter.OncePerRequestFilter.doFilter(OncePerRequestFilter.java:116)
	at org.apache.catalina.core.ApplicationFilterChain.internalDoFilter(ApplicationFilterChain.java:174)
	at org.apache.catalina.core.ApplicationFilterChain.doFilter(ApplicationFilterChain.java:149)
	at org.apache.catalina.core.StandardWrapperValve.invoke(StandardWrapperValve.java:167)
	at org.apache.catalina.core.StandardContextValve.invoke(StandardContextValve.java:90)
	at org.apache.catalina.authenticator.AuthenticatorBase.invoke(AuthenticatorBase.java:482)
	at org.apache.catalina.core.StandardHostValve.invoke(StandardHostValve.java:115)
	at org.apache.catalina.valves.ErrorReportValve.invoke(ErrorReportValve.java:93)
	at org.apache.catalina.core.StandardEngineValve.invoke(StandardEngineValve.java:74)
	at org.apache.catalina.connector.CoyoteAdapter.service(CoyoteAdapter.java:340)
	at org.apache.coyote.http11.Http11Processor.service(Http11Processor.java:391)
	at org.apache.coyote.AbstractProcessorLight.process(AbstractProcessorLight.java:63)
	at org.apache.coyote.AbstractProtocol$ConnectionHandler.process(AbstractProtocol.java:896)
	at org.apache.tomcat.util.net.NioEndpoint$SocketProcessor.doRun(NioEndpoint.java:1744)
	at org.apache.tomcat.util.net.SocketProcessorBase.run(SocketProcessorBase.java:52)
	at org.apache.tomcat.util.threads.ThreadPoolExecutor.runWorker(ThreadPoolExecutor.java:1191)
	at org.apache.tomcat.util.threads.ThreadPoolExecutor$Worker.run(ThreadPoolExecutor.java:659)
	at org.apache.tomcat.util.threads.TaskThread$WrappingRunnable.run(TaskThread.java:61)
	at java.base/java.lang.Thread.run(Thread.java:1570)
Caused by: org.hibernate.exception.SQLGrammarException: JDBC exception executing SQL [select count(tb1_0.id) from thong_bao tb1_0 where tb1_0.tai_khoan_id=? and not(tb1_0.da_doc)] [Table 'qltv.thong_bao' doesn't exist] [n/a]
	at org.hibernate.exception.internal.SQLExceptionTypeDelegate.convert(SQLExceptionTypeDelegate.java:66)
	at org.hibernate.exception.internal.StandardSQLExceptionConverter.convert(StandardSQLExceptionConverter.java:58)
	at org.hibernate.engine.jdbc.spi.SqlExceptionHelper.convert(SqlExceptionHelper.java:108)
	at org.hibernate.engine.jdbc.spi.SqlExceptionHelper.convert(SqlExceptionHelper.java:94)
	at org.hibernate.sql.results.jdbc.internal.DeferredResultSetAccess.executeQuery(DeferredResultSetAccess.java:265)
	at org.hibernate.sql.results.jdbc.internal.DeferredResultSetAccess.getResultSet(DeferredResultSetAccess.java:167)
	at org.hibernate.sql.results.jdbc.internal.JdbcValuesResultSetImpl.advanceNext(JdbcValuesResultSetImpl.java:218)
	at org.hibernate.sql.results.jdbc.internal.JdbcValuesResultSetImpl.processNext(JdbcValuesResultSetImpl.java:98)
	at org.hibernate.sql.results.jdbc.internal.AbstractJdbcValues.next(AbstractJdbcValues.java:19)
	at org.hibernate.sql.results.internal.RowProcessingStateStandardImpl.next(RowProcessingStateStandardImpl.java:66)
	at org.hibernate.sql.results.spi.ListResultsConsumer.consume(ListResultsConsumer.java:203)
	at org.hibernate.sql.results.spi.ListResultsConsumer.consume(ListResultsConsumer.java:33)
	at org.hibernate.sql.exec.internal.JdbcSelectExecutorStandardImpl.doExecuteQuery(JdbcSelectExecutorStandardImpl.java:209)
	at org.hibernate.sql.exec.internal.JdbcSelectExecutorStandardImpl.executeQuery(JdbcSelectExecutorStandardImpl.java:83)
	at org.hibernate.sql.exec.spi.JdbcSelectExecutor.list(JdbcSelectExecutor.java:76)
	at org.hibernate.sql.exec.spi.JdbcSelectExecutor.list(JdbcSelectExecutor.java:65)
	at org.hibernate.query.sqm.internal.ConcreteSqmSelectQueryPlan.lambda$new$2(ConcreteSqmSelectQueryPlan.java:137)
	at org.hibernate.query.sqm.internal.ConcreteSqmSelectQueryPlan.withCacheableSqmInterpretation(ConcreteSqmSelectQueryPlan.java:359)
	at org.hibernate.query.sqm.internal.ConcreteSqmSelectQueryPlan.performList(ConcreteSqmSelectQueryPlan.java:300)
	at org.hibernate.query.sqm.internal.QuerySqmImpl.doList(QuerySqmImpl.java:509)
	at org.hibernate.query.spi.AbstractSelectionQuery.list(AbstractSelectionQuery.java:427)
	at org.hibernate.query.spi.AbstractSelectionQuery.getSingleResult(AbstractSelectionQuery.java:564)
	at org.springframework.data.jpa.repository.query.JpaQueryExecution$SingleEntityExecution.doExecute(JpaQueryExecution.java:223)
	at org.springframework.data.jpa.repository.query.JpaQueryExecution.execute(JpaQueryExecution.java:92)
	at org.springframework.data.jpa.repository.query.AbstractJpaQuery.doExecute(AbstractJpaQuery.java:149)
	at org.springframework.data.jpa.repository.query.AbstractJpaQuery.execute(AbstractJpaQuery.java:137)
	at org.springframework.data.repository.core.support.RepositoryMethodInvoker.doInvoke(RepositoryMethodInvoker.java:170)
	at org.springframework.data.repository.core.support.RepositoryMethodInvoker.invoke(RepositoryMethodInvoker.java:158)
	at org.springframework.data.repository.core.support.QueryExecutorMethodInterceptor.doInvoke(QueryExecutorMethodInterceptor.java:164)
	at org.springframework.data.repository.core.support.QueryExecutorMethodInterceptor.invoke(QueryExecutorMethodInterceptor.java:143)
	at org.springframework.aop.framework.ReflectiveMethodInvocation.proceed(ReflectiveMethodInvocation.java:184)
	at org.springframework.data.projection.DefaultMethodInvokingMethodInterceptor.invoke(DefaultMethodInvokingMethodInterceptor.java:70)
	at org.springframework.aop.framework.ReflectiveMethodInvocation.proceed(ReflectiveMethodInvocation.java:184)
	at org.springframework.transaction.interceptor.TransactionInterceptor$1.proceedWithInvocation(TransactionInterceptor.java:123)
	at org.springframework.transaction.interceptor.TransactionAspectSupport.invokeWithinTransaction(TransactionAspectSupport.java:385)
	at org.springframework.transaction.interceptor.TransactionInterceptor.invoke(TransactionInterceptor.java:119)
	at org.springframework.aop.framework.ReflectiveMethodInvocation.proceed(ReflectiveMethodInvocation.java:184)
	at org.springframework.dao.support.PersistenceExceptionTranslationInterceptor.invoke(PersistenceExceptionTranslationInterceptor.java:137)
	... 107 common frames omitted
Caused by: java.sql.SQLSyntaxErrorException: Table 'qltv.thong_bao' doesn't exist
	at com.mysql.cj.jdbc.exceptions.SQLError.createSQLException(SQLError.java:121)
	at com.mysql.cj.jdbc.exceptions.SQLExceptionsMapping.translateException(SQLExceptionsMapping.java:122)
	at com.mysql.cj.jdbc.ClientPreparedStatement.executeInternal(ClientPreparedStatement.java:912)
	at com.mysql.cj.jdbc.ClientPreparedStatement.executeQuery(ClientPreparedStatement.java:968)
	at com.zaxxer.hikari.pool.ProxyPreparedStatement.executeQuery(ProxyPreparedStatement.java:52)
	at com.zaxxer.hikari.pool.HikariProxyPreparedStatement.executeQuery(HikariProxyPreparedStatement.java)
	at org.hibernate.sql.results.jdbc.internal.DeferredResultSetAccess.executeQuery(DeferredResultSetAccess.java:246)
	... 140 common frames omitted
2026-04-20 21:47:44 [http-nio-8080-exec-1] WARN  o.s.w.s.m.m.a.ExceptionHandlerExceptionResolver - Resolved [org.springframework.dao.InvalidDataAccessResourceUsageException: JDBC exception executing SQL [select count(tb1_0.id) from thong_bao tb1_0 where tb1_0.tai_khoan_id=? and not(tb1_0.da_doc)] [Table 'qltv.thong_bao' doesn't exist] [n/a]; SQL [n/a]]
2026-04-20 21:47:44 [http-nio-8080-exec-1] DEBUG o.s.web.servlet.DispatcherServlet - Using resolved error view: ModelAndView [view="redirect:http://localhost:8080/login"; model={}]
2026-04-20 21:47:44 [http-nio-8080-exec-1] DEBUG o.s.web.servlet.view.RedirectView - View name 'redirect:', model {}
2026-04-20 21:47:44 [http-nio-8080-exec-1] DEBUG o.s.web.servlet.DispatcherServlet - Completed 302 FOUND
2026-04-20 21:47:44 [http-nio-8080-exec-2] DEBUG o.s.security.web.FilterChainProxy - Securing GET /login
2026-04-20 21:47:44 [http-nio-8080-exec-2] DEBUG o.s.security.web.FilterChainProxy - Secured GET /login
2026-04-20 21:47:44 [http-nio-8080-exec-2] DEBUG o.s.web.servlet.DispatcherServlet - GET "/login", parameters={}
2026-04-20 21:47:44 [http-nio-8080-exec-2] DEBUG o.s.w.s.m.m.a.RequestMappingHandlerMapping - Mapped to com.example.library.controller.AuthController#loginPage(String, String, String, String, Model)
2026-04-20 21:47:44 [http-nio-8080-exec-2] DEBUG o.s.s.w.c.HttpSessionSecurityContextRepository - Retrieved SecurityContextImpl [Authentication=UsernamePasswordAuthenticationToken [Principal=org.springframework.security.core.userdetails.User [Username=Tanphong, Password=[PROTECTED], Enabled=true, AccountNonExpired=true, CredentialsNonExpired=true, AccountNonLocked=true, Granted Authorities=[ROLE_KHACHHANG]], Credentials=[PROTECTED], Authenticated=true, Details=WebAuthenticationDetails [RemoteIpAddress=0:0:0:0:0:0:0:1, SessionId=null], Granted Authorities=[ROLE_KHACHHANG]]]
2026-04-20 21:47:44 [http-nio-8080-exec-2] DEBUG org.hibernate.SQL - 
    select
        tk1_0.matk,
        tk1_0.avatar,
        tk1_0.diachi,
        tk1_0.email,
        tk1_0.hoten,
        tk1_0.ngaytao,
        tk1_0.password,
        tk1_0.quyen,
        tk1_0.reset_token,
        tk1_0.sodienthoai,
        tk1_0.trangthai,
        tk1_0.username 
    from
        taikhoan tk1_0 
    where
        tk1_0.username=?
2026-04-20 21:47:44 [http-nio-8080-exec-2] DEBUG org.hibernate.SQL - 
    select
        count(tb1_0.id) 
    from
        thong_bao tb1_0 
    where
        tb1_0.tai_khoan_id=? 
        and not(tb1_0.da_doc)
2026-04-20 21:47:44 [http-nio-8080-exec-2] WARN  o.h.e.jdbc.spi.SqlExceptionHelper - SQL Error: 1146, SQLState: 42S02
2026-04-20 21:47:44 [http-nio-8080-exec-2] ERROR o.h.e.jdbc.spi.SqlExceptionHelper - Table 'qltv.thong_bao' doesn't exist
2026-04-20 21:47:44 [http-nio-8080-exec-2] DEBUG o.s.w.s.m.m.a.ExceptionHandlerExceptionResolver - Using @ExceptionHandler com.example.library.exception.GlobalExceptionHandler#handleGeneralException(Exception, HttpServletRequest, RedirectAttributes)
2026-04-20 21:47:44 [http-nio-8080-exec-2] ERROR c.e.l.e.GlobalExceptionHandler - Lỗi không lường trước xảy ra tại URL: http://localhost:8080/login. Chi tiết: 
org.springframework.dao.InvalidDataAccessResourceUsageException: JDBC exception executing SQL [select count(tb1_0.id) from thong_bao tb1_0 where tb1_0.tai_khoan_id=? and not(tb1_0.da_doc)] [Table 'qltv.thong_bao' doesn't exist] [n/a]; SQL [n/a]
	at org.springframework.orm.jpa.vendor.HibernateJpaDialect.convertHibernateAccessException(HibernateJpaDialect.java:277)
	at org.springframework.orm.jpa.vendor.HibernateJpaDialect.translateExceptionIfPossible(HibernateJpaDialect.java:241)
	at org.springframework.orm.jpa.AbstractEntityManagerFactoryBean.translateExceptionIfPossible(AbstractEntityManagerFactoryBean.java:550)
	at org.springframework.dao.support.ChainedPersistenceExceptionTranslator.translateExceptionIfPossible(ChainedPersistenceExceptionTranslator.java:61)
	at org.springframework.dao.support.DataAccessUtils.translateIfNecessary(DataAccessUtils.java:335)
	at org.springframework.dao.support.PersistenceExceptionTranslationInterceptor.invoke(PersistenceExceptionTranslationInterceptor.java:152)
	at org.springframework.aop.framework.ReflectiveMethodInvocation.proceed(ReflectiveMethodInvocation.java:184)
	at org.springframework.data.jpa.repository.support.CrudMethodMetadataPostProcessor$CrudMethodMetadataPopulatingMethodInterceptor.invoke(CrudMethodMetadataPostProcessor.java:135)
	at org.springframework.aop.framework.ReflectiveMethodInvocation.proceed(ReflectiveMethodInvocation.java:184)
	at org.springframework.aop.interceptor.ExposeInvocationInterceptor.invoke(ExposeInvocationInterceptor.java:97)
	at org.springframework.aop.framework.ReflectiveMethodInvocation.proceed(ReflectiveMethodInvocation.java:184)
	at org.springframework.aop.framework.JdkDynamicAopProxy.invoke(JdkDynamicAopProxy.java:220)
	at jdk.proxy4/jdk.proxy4.$Proxy138.countByTaiKhoanIdAndDaDocFalse(Unknown Source)
	at com.example.library.service.NotificationService.getUnreadCount(NotificationService.java:70)
	at com.example.library.controller.GlobalControllerAdvice.lambda$getUnreadCount$0(GlobalControllerAdvice.java:27)
	at java.base/java.util.Optional.map(Optional.java:260)
	at com.example.library.controller.GlobalControllerAdvice.getUnreadCount(GlobalControllerAdvice.java:27)
	at java.base/jdk.internal.reflect.DirectMethodHandleAccessor.invoke(DirectMethodHandleAccessor.java:103)
	at java.base/java.lang.reflect.Method.invoke(Method.java:580)
	at org.springframework.web.method.support.InvocableHandlerMethod.doInvoke(InvocableHandlerMethod.java:261)
	at org.springframework.web.method.support.InvocableHandlerMethod.invokeForRequest(InvocableHandlerMethod.java:189)
	at org.springframework.web.method.annotation.ModelFactory.invokeModelAttributeMethods(ModelFactory.java:143)
	at org.springframework.web.method.annotation.ModelFactory.initModel(ModelFactory.java:112)
	at org.springframework.web.servlet.mvc.method.annotation.RequestMappingHandlerAdapter.invokeHandlerMethod(RequestMappingHandlerAdapter.java:894)
	at org.springframework.web.servlet.mvc.method.annotation.RequestMappingHandlerAdapter.handleInternal(RequestMappingHandlerAdapter.java:829)
	at org.springframework.web.servlet.mvc.method.AbstractHandlerMethodAdapter.handle(AbstractHandlerMethodAdapter.java:87)
	at org.springframework.web.servlet.DispatcherServlet.doDispatch(DispatcherServlet.java:1089)
	at org.springframework.web.servlet.DispatcherServlet.doService(DispatcherServlet.java:979)
	at org.springframework.web.servlet.FrameworkServlet.processRequest(FrameworkServlet.java:1014)
	at org.springframework.web.servlet.FrameworkServlet.doGet(FrameworkServlet.java:903)
	at jakarta.servlet.http.HttpServlet.service(HttpServlet.java:564)
	at org.springframework.web.servlet.FrameworkServlet.service(FrameworkServlet.java:885)
	at jakarta.servlet.http.HttpServlet.service(HttpServlet.java:658)
	at org.apache.catalina.core.ApplicationFilterChain.internalDoFilter(ApplicationFilterChain.java:205)
	at org.apache.catalina.core.ApplicationFilterChain.doFilter(ApplicationFilterChain.java:149)
	at org.apache.tomcat.websocket.server.WsFilter.doFilter(WsFilter.java:51)
	at org.apache.catalina.core.ApplicationFilterChain.internalDoFilter(ApplicationFilterChain.java:174)
	at org.apache.catalina.core.ApplicationFilterChain.doFilter(ApplicationFilterChain.java:149)
	at org.springframework.web.filter.CompositeFilter$VirtualFilterChain.doFilter(CompositeFilter.java:108)
	at org.springframework.security.web.FilterChainProxy.lambda$doFilterInternal$3(FilterChainProxy.java:231)
	at org.springframework.security.web.FilterChainProxy$VirtualFilterChain.doFilter(FilterChainProxy.java:365)
	at org.springframework.security.web.access.intercept.AuthorizationFilter.doFilter(AuthorizationFilter.java:100)
	at org.springframework.security.web.FilterChainProxy$VirtualFilterChain.doFilter(FilterChainProxy.java:374)
	at org.springframework.security.web.access.ExceptionTranslationFilter.doFilter(ExceptionTranslationFilter.java:126)
	at org.springframework.security.web.access.ExceptionTranslationFilter.doFilter(ExceptionTranslationFilter.java:120)
	at org.springframework.security.web.FilterChainProxy$VirtualFilterChain.doFilter(FilterChainProxy.java:374)
	at org.springframework.security.web.authentication.AnonymousAuthenticationFilter.doFilter(AnonymousAuthenticationFilter.java:100)
	at org.springframework.security.web.FilterChainProxy$VirtualFilterChain.doFilter(FilterChainProxy.java:374)
	at org.springframework.security.web.servletapi.SecurityContextHolderAwareRequestFilter.doFilter(SecurityContextHolderAwareRequestFilter.java:179)
	at org.springframework.security.web.FilterChainProxy$VirtualFilterChain.doFilter(FilterChainProxy.java:374)
	at org.springframework.security.web.savedrequest.RequestCacheAwareFilter.doFilter(RequestCacheAwareFilter.java:63)
	at org.springframework.security.web.FilterChainProxy$VirtualFilterChain.doFilter(FilterChainProxy.java:374)
	at org.springframework.security.web.authentication.AbstractAuthenticationProcessingFilter.doFilter(AbstractAuthenticationProcessingFilter.java:227)
	at org.springframework.security.web.authentication.AbstractAuthenticationProcessingFilter.doFilter(AbstractAuthenticationProcessingFilter.java:221)
	at org.springframework.security.web.FilterChainProxy$VirtualFilterChain.doFilter(FilterChainProxy.java:374)
	at org.springframework.security.web.authentication.logout.LogoutFilter.doFilter(LogoutFilter.java:107)
	at org.springframework.security.web.authentication.logout.LogoutFilter.doFilter(LogoutFilter.java:93)
	at org.springframework.security.web.FilterChainProxy$VirtualFilterChain.doFilter(FilterChainProxy.java:374)
	at org.springframework.web.filter.CorsFilter.doFilterInternal(CorsFilter.java:91)
	at org.springframework.web.filter.OncePerRequestFilter.doFilter(OncePerRequestFilter.java:116)
	at org.springframework.security.web.FilterChainProxy$VirtualFilterChain.doFilter(FilterChainProxy.java:374)
	at org.springframework.security.web.header.HeaderWriterFilter.doHeadersAfter(HeaderWriterFilter.java:90)
	at org.springframework.security.web.header.HeaderWriterFilter.doFilterInternal(HeaderWriterFilter.java:75)
	at org.springframework.web.filter.OncePerRequestFilter.doFilter(OncePerRequestFilter.java:116)
	at org.springframework.security.web.FilterChainProxy$VirtualFilterChain.doFilter(FilterChainProxy.java:374)
	at org.springframework.security.web.context.SecurityContextHolderFilter.doFilter(SecurityContextHolderFilter.java:82)
	at org.springframework.security.web.context.SecurityContextHolderFilter.doFilter(SecurityContextHolderFilter.java:69)
	at org.springframework.security.web.FilterChainProxy$VirtualFilterChain.doFilter(FilterChainProxy.java:374)
	at org.springframework.security.web.context.request.async.WebAsyncManagerIntegrationFilter.doFilterInternal(WebAsyncManagerIntegrationFilter.java:62)
	at org.springframework.web.filter.OncePerRequestFilter.doFilter(OncePerRequestFilter.java:116)
	at org.springframework.security.web.FilterChainProxy$VirtualFilterChain.doFilter(FilterChainProxy.java:374)
	at org.springframework.security.web.session.DisableEncodeUrlFilter.doFilterInternal(DisableEncodeUrlFilter.java:42)
	at org.springframework.web.filter.OncePerRequestFilter.doFilter(OncePerRequestFilter.java:116)
	at org.springframework.security.web.FilterChainProxy$VirtualFilterChain.doFilter(FilterChainProxy.java:374)
	at org.springframework.security.web.FilterChainProxy.doFilterInternal(FilterChainProxy.java:233)
	at org.springframework.security.web.FilterChainProxy.doFilter(FilterChainProxy.java:191)
	at org.springframework.web.filter.CompositeFilter$VirtualFilterChain.doFilter(CompositeFilter.java:113)
	at org.springframework.web.servlet.handler.HandlerMappingIntrospector.lambda$createCacheFilter$3(HandlerMappingIntrospector.java:195)
	at org.springframework.web.filter.CompositeFilter$VirtualFilterChain.doFilter(CompositeFilter.java:113)
	at org.springframework.web.filter.CompositeFilter.doFilter(CompositeFilter.java:74)
	at org.springframework.security.config.annotation.web.configuration.WebMvcSecurityConfiguration$CompositeFilterChainProxy.doFilter(WebMvcSecurityConfiguration.java:225)
	at org.springframework.web.filter.DelegatingFilterProxy.invokeDelegate(DelegatingFilterProxy.java:352)
	at org.springframework.web.filter.DelegatingFilterProxy.doFilter(DelegatingFilterProxy.java:268)
	at org.apache.catalina.core.ApplicationFilterChain.internalDoFilter(ApplicationFilterChain.java:174)
	at org.apache.catalina.core.ApplicationFilterChain.doFilter(ApplicationFilterChain.java:149)
	at org.springframework.web.filter.RequestContextFilter.doFilterInternal(RequestContextFilter.java:100)
	at org.springframework.web.filter.OncePerRequestFilter.doFilter(OncePerRequestFilter.java:116)
	at org.apache.catalina.core.ApplicationFilterChain.internalDoFilter(ApplicationFilterChain.java:174)
	at org.apache.catalina.core.ApplicationFilterChain.doFilter(ApplicationFilterChain.java:149)
	at org.springframework.web.filter.FormContentFilter.doFilterInternal(FormContentFilter.java:93)
	at org.springframework.web.filter.OncePerRequestFilter.doFilter(OncePerRequestFilter.java:116)
	at org.apache.catalina.core.ApplicationFilterChain.internalDoFilter(ApplicationFilterChain.java:174)
	at org.apache.catalina.core.ApplicationFilterChain.doFilter(ApplicationFilterChain.java:149)
	at org.springframework.web.filter.CharacterEncodingFilter.doFilterInternal(CharacterEncodingFilter.java:201)
	at org.springframework.web.filter.OncePerRequestFilter.doFilter(OncePerRequestFilter.java:116)
	at org.apache.catalina.core.ApplicationFilterChain.internalDoFilter(ApplicationFilterChain.java:174)
	at org.apache.catalina.core.ApplicationFilterChain.doFilter(ApplicationFilterChain.java:149)
	at org.apache.catalina.core.StandardWrapperValve.invoke(StandardWrapperValve.java:167)
	at org.apache.catalina.core.StandardContextValve.invoke(StandardContextValve.java:90)
	at org.apache.catalina.authenticator.AuthenticatorBase.invoke(AuthenticatorBase.java:482)
	at org.apache.catalina.core.StandardHostValve.invoke(StandardHostValve.java:115)
	at org.apache.catalina.valves.ErrorReportValve.invoke(ErrorReportValve.java:93)
	at org.apache.catalina.core.StandardEngineValve.invoke(StandardEngineValve.java:74)
	at org.apache.catalina.connector.CoyoteAdapter.service(CoyoteAdapter.java:340)
	at org.apache.coyote.http11.Http11Processor.service(Http11Processor.java:391)
	at org.apache.coyote.AbstractProcessorLight.process(AbstractProcessorLight.java:63)
	at org.apache.coyote.AbstractProtocol$ConnectionHandler.process(AbstractProtocol.java:896)
	at org.apache.tomcat.util.net.NioEndpoint$SocketProcessor.doRun(NioEndpoint.java:1744)
	at org.apache.tomcat.util.net.SocketProcessorBase.run(SocketProcessorBase.java:52)
	at org.apache.tomcat.util.threads.ThreadPoolExecutor.runWorker(ThreadPoolExecutor.java:1191)
	at org.apache.tomcat.util.threads.ThreadPoolExecutor$Worker.run(ThreadPoolExecutor.java:659)
	at org.apache.tomcat.util.threads.TaskThread$WrappingRunnable.run(TaskThread.java:61)
	at java.base/java.lang.Thread.run(Thread.java:1570)
Caused by: org.hibernate.exception.SQLGrammarException: JDBC exception executing SQL [select count(tb1_0.id) from thong_bao tb1_0 where tb1_0.tai_khoan_id=? and not(tb1_0.da_doc)] [Table 'qltv.thong_bao' doesn't exist] [n/a]
	at org.hibernate.exception.internal.SQLExceptionTypeDelegate.convert(SQLExceptionTypeDelegate.java:66)
	at org.hibernate.exception.internal.StandardSQLExceptionConverter.convert(StandardSQLExceptionConverter.java:58)
	at org.hibernate.engine.jdbc.spi.SqlExceptionHelper.convert(SqlExceptionHelper.java:108)
	at org.hibernate.engine.jdbc.spi.SqlExceptionHelper.convert(SqlExceptionHelper.java:94)
	at org.hibernate.sql.results.jdbc.internal.DeferredResultSetAccess.executeQuery(DeferredResultSetAccess.java:265)
	at org.hibernate.sql.results.jdbc.internal.DeferredResultSetAccess.getResultSet(DeferredResultSetAccess.java:167)
	at org.hibernate.sql.results.jdbc.internal.JdbcValuesResultSetImpl.advanceNext(JdbcValuesResultSetImpl.java:218)
	at org.hibernate.sql.results.jdbc.internal.JdbcValuesResultSetImpl.processNext(JdbcValuesResultSetImpl.java:98)
	at org.hibernate.sql.results.jdbc.internal.AbstractJdbcValues.next(AbstractJdbcValues.java:19)
	at org.hibernate.sql.results.internal.RowProcessingStateStandardImpl.next(RowProcessingStateStandardImpl.java:66)
	at org.hibernate.sql.results.spi.ListResultsConsumer.consume(ListResultsConsumer.java:203)
	at org.hibernate.sql.results.spi.ListResultsConsumer.consume(ListResultsConsumer.java:33)
	at org.hibernate.sql.exec.internal.JdbcSelectExecutorStandardImpl.doExecuteQuery(JdbcSelectExecutorStandardImpl.java:209)
	at org.hibernate.sql.exec.internal.JdbcSelectExecutorStandardImpl.executeQuery(JdbcSelectExecutorStandardImpl.java:83)
	at org.hibernate.sql.exec.spi.JdbcSelectExecutor.list(JdbcSelectExecutor.java:76)
	at org.hibernate.sql.exec.spi.JdbcSelectExecutor.list(JdbcSelectExecutor.java:65)
	at org.hibernate.query.sqm.internal.ConcreteSqmSelectQueryPlan.lambda$new$2(ConcreteSqmSelectQueryPlan.java:137)
	at org.hibernate.query.sqm.internal.ConcreteSqmSelectQueryPlan.withCacheableSqmInterpretation(ConcreteSqmSelectQueryPlan.java:359)
	at org.hibernate.query.sqm.internal.ConcreteSqmSelectQueryPlan.performList(ConcreteSqmSelectQueryPlan.java:300)
	at org.hibernate.query.sqm.internal.QuerySqmImpl.doList(QuerySqmImpl.java:509)
	at org.hibernate.query.spi.AbstractSelectionQuery.list(AbstractSelectionQuery.java:427)
	at org.hibernate.query.spi.AbstractSelectionQuery.getSingleResult(AbstractSelectionQuery.java:564)
	at org.springframework.data.jpa.repository.query.JpaQueryExecution$SingleEntityExecution.doExecute(JpaQueryExecution.java:223)
	at org.springframework.data.jpa.repository.query.JpaQueryExecution.execute(JpaQueryExecution.java:92)
	at org.springframework.data.jpa.repository.query.AbstractJpaQuery.doExecute(AbstractJpaQuery.java:149)
	at org.springframework.data.jpa.repository.query.AbstractJpaQuery.execute(AbstractJpaQuery.java:137)
	at org.springframework.data.repository.core.support.RepositoryMethodInvoker.doInvoke(RepositoryMethodInvoker.java:170)
	at org.springframework.data.repository.core.support.RepositoryMethodInvoker.invoke(RepositoryMethodInvoker.java:158)
	at org.springframework.data.repository.core.support.QueryExecutorMethodInterceptor.doInvoke(QueryExecutorMethodInterceptor.java:164)
	at org.springframework.data.repository.core.support.QueryExecutorMethodInterceptor.invoke(QueryExecutorMethodInterceptor.java:143)
	at org.springframework.aop.framework.ReflectiveMethodInvocation.proceed(ReflectiveMethodInvocation.java:184)
	at org.springframework.data.projection.DefaultMethodInvokingMethodInterceptor.invoke(DefaultMethodInvokingMethodInterceptor.java:70)
	at org.springframework.aop.framework.ReflectiveMethodInvocation.proceed(ReflectiveMethodInvocation.java:184)
	at org.springframework.transaction.interceptor.TransactionInterceptor$1.proceedWithInvocation(TransactionInterceptor.java:123)
	at org.springframework.transaction.interceptor.TransactionAspectSupport.invokeWithinTransaction(TransactionAspectSupport.java:385)
	at org.springframework.transaction.interceptor.TransactionInterceptor.invoke(TransactionInterceptor.java:119)
	at org.springframework.aop.framework.ReflectiveMethodInvocation.proceed(ReflectiveMethodInvocation.java:184)
	at org.springframework.dao.support.PersistenceExceptionTranslationInterceptor.invoke(PersistenceExceptionTranslationInterceptor.java:137)
	... 107 common frames omitted
Caused by: java.sql.SQLSyntaxErrorException: Table 'qltv.thong_bao' doesn't exist
	at com.mysql.cj.jdbc.exceptions.SQLError.createSQLException(SQLError.java:121)
	at com.mysql.cj.jdbc.exceptions.SQLExceptionsMapping.translateException(SQLExceptionsMapping.java:122)
	at com.mysql.cj.jdbc.ClientPreparedStatement.executeInternal(ClientPreparedStatement.java:912)
	at com.mysql.cj.jdbc.ClientPreparedStatement.executeQuery(ClientPreparedStatement.java:968)
	at com.zaxxer.hikari.pool.ProxyPreparedStatement.executeQuery(ProxyPreparedStatement.java:52)
	at com.zaxxer.hikari.pool.HikariProxyPreparedStatement.executeQuery(HikariProxyPreparedStatement.java)
	at org.hibernate.sql.results.jdbc.internal.DeferredResultSetAccess.executeQuery(DeferredResultSetAccess.java:246)
	... 140 common frames omitted
2026-04-20 21:47:44 [http-nio-8080-exec-2] WARN  o.s.w.s.m.m.a.ExceptionHandlerExceptionResolver - Resolved [org.springframework.dao.InvalidDataAccessResourceUsageException: JDBC exception executing SQL [select count(tb1_0.id) from thong_bao tb1_0 where tb1_0.tai_khoan_id=? and not(tb1_0.da_doc)] [Table 'qltv.thong_bao' doesn't exist] [n/a]; SQL [n/a]]
2026-04-20 21:47:44 [http-nio-8080-exec-2] DEBUG o.s.web.servlet.DispatcherServlet - Using resolved error view: ModelAndView [view="redirect:http://localhost:8080/login"; model={}]
2026-04-20 21:47:44 [http-nio-8080-exec-2] DEBUG o.s.web.servlet.view.RedirectView - View name 'redirect:', model {}
2026-04-20 21:47:44 [http-nio-8080-exec-2] DEBUG o.s.web.servlet.DispatcherServlet - Completed 302 FOUND
2026-04-20 21:47:44 [http-nio-8080-exec-3] DEBUG o.s.security.web.FilterChainProxy - Securing GET /login
2026-04-20 21:47:44 [http-nio-8080-exec-3] DEBUG o.s.security.web.FilterChainProxy - Secured GET /login
2026-04-20 21:47:44 [http-nio-8080-exec-3] DEBUG o.s.web.servlet.DispatcherServlet - GET "/login", parameters={}
2026-04-20 21:47:44 [http-nio-8080-exec-3] DEBUG o.s.w.s.m.m.a.RequestMappingHandlerMapping - Mapped to com.example.library.controller.AuthController#loginPage(String, String, String, String, Model)
2026-04-20 21:47:44 [http-nio-8080-exec-3] DEBUG o.s.s.w.c.HttpSessionSecurityContextRepository - Retrieved SecurityContextImpl [Authentication=UsernamePasswordAuthenticationToken [Principal=org.springframework.security.core.userdetails.User [Username=Tanphong, Password=[PROTECTED], Enabled=true, AccountNonExpired=true, CredentialsNonExpired=true, AccountNonLocked=true, Granted Authorities=[ROLE_KHACHHANG]], Credentials=[PROTECTED], Authenticated=true, Details=WebAuthenticationDetails [RemoteIpAddress=0:0:0:0:0:0:0:1, SessionId=null], Granted Authorities=[ROLE_KHACHHANG]]]
2026-04-20 21:47:44 [http-nio-8080-exec-3] DEBUG org.hibernate.SQL - 
    select
        tk1_0.matk,
        tk1_0.avatar,
        tk1_0.diachi,
        tk1_0.email,
        tk1_0.hoten,
        tk1_0.ngaytao,
        tk1_0.password,
        tk1_0.quyen,
        tk1_0.reset_token,
        tk1_0.sodienthoai,
        tk1_0.trangthai,
        tk1_0.username 
    from
        taikhoan tk1_0 
    where
        tk1_0.username=?
2026-04-20 21:47:44 [http-nio-8080-exec-3] DEBUG org.hibernate.SQL - 
    select
        count(tb1_0.id) 
    from
        thong_bao tb1_0 
    where
        tb1_0.tai_khoan_id=? 
        and not(tb1_0.da_doc)
2026-04-20 21:47:44 [http-nio-8080-exec-3] WARN  o.h.e.jdbc.spi.SqlExceptionHelper - SQL Error: 1146, SQLState: 42S02
2026-04-20 21:47:44 [http-nio-8080-exec-3] ERROR o.h.e.jdbc.spi.SqlExceptionHelper - Table 'qltv.thong_bao' doesn't exist
2026-04-20 21:47:44 [http-nio-8080-exec-3] DEBUG o.s.w.s.m.m.a.ExceptionHandlerExceptionResolver - Using @ExceptionHandler com.example.library.exception.GlobalExceptionHandler#handleGeneralException(Exception, HttpServletRequest, RedirectAttributes)
2026-04-20 21:47:44 [http-nio-8080-exec-3] ERROR c.e.l.e.GlobalExceptionHandler - Lỗi không lường trước xảy ra tại URL: http://localhost:8080/login. Chi tiết: 
org.springframework.dao.InvalidDataAccessResourceUsageException: JDBC exception executing SQL [select count(tb1_0.id) from thong_bao tb1_0 where tb1_0.tai_khoan_id=? and not(tb1_0.da_doc)] [Table 'qltv.thong_bao' doesn't exist] [n/a]; SQL [n/a]
	at org.springframework.orm.jpa.vendor.HibernateJpaDialect.convertHibernateAccessException(HibernateJpaDialect.java:277)
	at org.springframework.orm.jpa.vendor.HibernateJpaDialect.translateExceptionIfPossible(HibernateJpaDialect.java:241)
	at org.springframework.orm.jpa.AbstractEntityManagerFactoryBean.translateExceptionIfPossible(AbstractEntityManagerFactoryBean.java:550)
	at org.springframework.dao.support.ChainedPersistenceExceptionTranslator.translateExceptionIfPossible(ChainedPersistenceExceptionTranslator.java:61)
	at org.springframework.dao.support.DataAccessUtils.translateIfNecessary(DataAccessUtils.java:335)
	at org.springframework.dao.support.PersistenceExceptionTranslationInterceptor.invoke(PersistenceExceptionTranslationInterceptor.java:152)
	at org.springframework.aop.framework.ReflectiveMethodInvocation.proceed(ReflectiveMethodInvocation.java:184)
	at org.springframework.data.jpa.repository.support.CrudMethodMetadataPostProcessor$CrudMethodMetadataPopulatingMethodInterceptor.invoke(CrudMethodMetadataPostProcessor.java:135)
	at org.springframework.aop.framework.ReflectiveMethodInvocation.proceed(ReflectiveMethodInvocation.java:184)
	at org.springframework.aop.interceptor.ExposeInvocationInterceptor.invoke(ExposeInvocationInterceptor.java:97)
	at org.springframework.aop.framework.ReflectiveMethodInvocation.proceed(ReflectiveMethodInvocation.java:184)
	at org.springframework.aop.framework.JdkDynamicAopProxy.invoke(JdkDynamicAopProxy.java:220)
	at jdk.proxy4/jdk.proxy4.$Proxy138.countByTaiKhoanIdAndDaDocFalse(Unknown Source)
	at com.example.library.service.NotificationService.getUnreadCount(NotificationService.java:70)
	at com.example.library.controller.GlobalControllerAdvice.lambda$getUnreadCount$0(GlobalControllerAdvice.java:27)
	at java.base/java.util.Optional.map(Optional.java:260)
	at com.example.library.controller.GlobalControllerAdvice.getUnreadCount(GlobalControllerAdvice.java:27)
	at java.base/jdk.internal.reflect.DirectMethodHandleAccessor.invoke(DirectMethodHandleAccessor.java:103)
	at java.base/java.lang.reflect.Method.invoke(Method.java:580)
	at org.springframework.web.method.support.InvocableHandlerMethod.doInvoke(InvocableHandlerMethod.java:261)
	at org.springframework.web.method.support.InvocableHandlerMethod.invokeForRequest(InvocableHandlerMethod.java:189)
	at org.springframework.web.method.annotation.ModelFactory.invokeModelAttributeMethods(ModelFactory.java:143)
	at org.springframework.web.method.annotation.ModelFactory.initModel(ModelFactory.java:112)
	at org.springframework.web.servlet.mvc.method.annotation.RequestMappingHandlerAdapter.invokeHandlerMethod(RequestMappingHandlerAdapter.java:894)
	at org.springframework.web.servlet.mvc.method.annotation.RequestMappingHandlerAdapter.handleInternal(RequestMappingHandlerAdapter.java:829)
	at org.springframework.web.servlet.mvc.method.AbstractHandlerMethodAdapter.handle(AbstractHandlerMethodAdapter.java:87)
	at org.springframework.web.servlet.DispatcherServlet.doDispatch(DispatcherServlet.java:1089)
	at org.springframework.web.servlet.DispatcherServlet.doService(DispatcherServlet.java:979)
	at org.springframework.web.servlet.FrameworkServlet.processRequest(FrameworkServlet.java:1014)
	at org.springframework.web.servlet.FrameworkServlet.doGet(FrameworkServlet.java:903)
	at jakarta.servlet.http.HttpServlet.service(HttpServlet.java:564)
	at org.springframework.web.servlet.FrameworkServlet.service(FrameworkServlet.java:885)
	at jakarta.servlet.http.HttpServlet.service(HttpServlet.java:658)
	at org.apache.catalina.core.ApplicationFilterChain.internalDoFilter(ApplicationFilterChain.java:205)
	at org.apache.catalina.core.ApplicationFilterChain.doFilter(ApplicationFilterChain.java:149)
	at org.apache.tomcat.websocket.server.WsFilter.doFilter(WsFilter.java:51)
	at org.apache.catalina.core.ApplicationFilterChain.internalDoFilter(ApplicationFilterChain.java:174)
	at org.apache.catalina.core.ApplicationFilterChain.doFilter(ApplicationFilterChain.java:149)
	at org.springframework.web.filter.CompositeFilter$VirtualFilterChain.doFilter(CompositeFilter.java:108)
	at org.springframework.security.web.FilterChainProxy.lambda$doFilterInternal$3(FilterChainProxy.java:231)
	at org.springframework.security.web.FilterChainProxy$VirtualFilterChain.doFilter(FilterChainProxy.java:365)
	at org.springframework.security.web.access.intercept.AuthorizationFilter.doFilter(AuthorizationFilter.java:100)
	at org.springframework.security.web.FilterChainProxy$VirtualFilterChain.doFilter(FilterChainProxy.java:374)
	at org.springframework.security.web.access.ExceptionTranslationFilter.doFilter(ExceptionTranslationFilter.java:126)
	at org.springframework.security.web.access.ExceptionTranslationFilter.doFilter(ExceptionTranslationFilter.java:120)
	at org.springframework.security.web.FilterChainProxy$VirtualFilterChain.doFilter(FilterChainProxy.java:374)
	at org.springframework.security.web.authentication.AnonymousAuthenticationFilter.doFilter(AnonymousAuthenticationFilter.java:100)
	at org.springframework.security.web.FilterChainProxy$VirtualFilterChain.doFilter(FilterChainProxy.java:374)
	at org.springframework.security.web.servletapi.SecurityContextHolderAwareRequestFilter.doFilter(SecurityContextHolderAwareRequestFilter.java:179)
	at org.springframework.security.web.FilterChainProxy$VirtualFilterChain.doFilter(FilterChainProxy.java:374)
	at org.springframework.security.web.savedrequest.RequestCacheAwareFilter.doFilter(RequestCacheAwareFilter.java:63)
	at org.springframework.security.web.FilterChainProxy$VirtualFilterChain.doFilter(FilterChainProxy.java:374)
	at org.springframework.security.web.authentication.AbstractAuthenticationProcessingFilter.doFilter(AbstractAuthenticationProcessingFilter.java:227)
	at org.springframework.security.web.authentication.AbstractAuthenticationProcessingFilter.doFilter(AbstractAuthenticationProcessingFilter.java:221)
	at org.springframework.security.web.FilterChainProxy$VirtualFilterChain.doFilter(FilterChainProxy.java:374)
	at org.springframework.security.web.authentication.logout.LogoutFilter.doFilter(LogoutFilter.java:107)
	at org.springframework.security.web.authentication.logout.LogoutFilter.doFilter(LogoutFilter.java:93)
	at org.springframework.security.web.FilterChainProxy$VirtualFilterChain.doFilter(FilterChainProxy.java:374)
	at org.springframework.web.filter.CorsFilter.doFilterInternal(CorsFilter.java:91)
	at org.springframework.web.filter.OncePerRequestFilter.doFilter(OncePerRequestFilter.java:116)
	at org.springframework.security.web.FilterChainProxy$VirtualFilterChain.doFilter(FilterChainProxy.java:374)
	at org.springframework.security.web.header.HeaderWriterFilter.doHeadersAfter(HeaderWriterFilter.java:90)
	at org.springframework.security.web.header.HeaderWriterFilter.doFilterInternal(HeaderWriterFilter.java:75)
	at org.springframework.web.filter.OncePerRequestFilter.doFilter(OncePerRequestFilter.java:116)
	at org.springframework.security.web.FilterChainProxy$VirtualFilterChain.doFilter(FilterChainProxy.java:374)
	at org.springframework.security.web.context.SecurityContextHolderFilter.doFilter(SecurityContextHolderFilter.java:82)
	at org.springframework.security.web.context.SecurityContextHolderFilter.doFilter(SecurityContextHolderFilter.java:69)
	at org.springframework.security.web.FilterChainProxy$VirtualFilterChain.doFilter(FilterChainProxy.java:374)
	at org.springframework.security.web.context.request.async.WebAsyncManagerIntegrationFilter.doFilterInternal(WebAsyncManagerIntegrationFilter.java:62)
	at org.springframework.web.filter.OncePerRequestFilter.doFilter(OncePerRequestFilter.java:116)
	at org.springframework.security.web.FilterChainProxy$VirtualFilterChain.doFilter(FilterChainProxy.java:374)
	at org.springframework.security.web.session.DisableEncodeUrlFilter.doFilterInternal(DisableEncodeUrlFilter.java:42)
	at org.springframework.web.filter.OncePerRequestFilter.doFilter(OncePerRequestFilter.java:116)
	at org.springframework.security.web.FilterChainProxy$VirtualFilterChain.doFilter(FilterChainProxy.java:374)
	at org.springframework.security.web.FilterChainProxy.doFilterInternal(FilterChainProxy.java:233)
	at org.springframework.security.web.FilterChainProxy.doFilter(FilterChainProxy.java:191)
	at org.springframework.web.filter.CompositeFilter$VirtualFilterChain.doFilter(CompositeFilter.java:113)
	at org.springframework.web.servlet.handler.HandlerMappingIntrospector.lambda$createCacheFilter$3(HandlerMappingIntrospector.java:195)
	at org.springframework.web.filter.CompositeFilter$VirtualFilterChain.doFilter(CompositeFilter.java:113)
	at org.springframework.web.filter.CompositeFilter.doFilter(CompositeFilter.java:74)
	at org.springframework.security.config.annotation.web.configuration.WebMvcSecurityConfiguration$CompositeFilterChainProxy.doFilter(WebMvcSecurityConfiguration.java:225)
	at org.springframework.web.filter.DelegatingFilterProxy.invokeDelegate(DelegatingFilterProxy.java:352)
	at org.springframework.web.filter.DelegatingFilterProxy.doFilter(DelegatingFilterProxy.java:268)
	at org.apache.catalina.core.ApplicationFilterChain.internalDoFilter(ApplicationFilterChain.java:174)
	at org.apache.catalina.core.ApplicationFilterChain.doFilter(ApplicationFilterChain.java:149)
	at org.springframework.web.filter.RequestContextFilter.doFilterInternal(RequestContextFilter.java:100)
	at org.springframework.web.filter.OncePerRequestFilter.doFilter(OncePerRequestFilter.java:116)
	at org.apache.catalina.core.ApplicationFilterChain.internalDoFilter(ApplicationFilterChain.java:174)
	at org.apache.catalina.core.ApplicationFilterChain.doFilter(ApplicationFilterChain.java:149)
	at org.springframework.web.filter.FormContentFilter.doFilterInternal(FormContentFilter.java:93)
	at org.springframework.web.filter.OncePerRequestFilter.doFilter(OncePerRequestFilter.java:116)
	at org.apache.catalina.core.ApplicationFilterChain.internalDoFilter(ApplicationFilterChain.java:174)
	at org.apache.catalina.core.ApplicationFilterChain.doFilter(ApplicationFilterChain.java:149)
	at org.springframework.web.filter.CharacterEncodingFilter.doFilterInternal(CharacterEncodingFilter.java:201)
	at org.springframework.web.filter.OncePerRequestFilter.doFilter(OncePerRequestFilter.java:116)
	at org.apache.catalina.core.ApplicationFilterChain.internalDoFilter(ApplicationFilterChain.java:174)
	at org.apache.catalina.core.ApplicationFilterChain.doFilter(ApplicationFilterChain.java:149)
	at org.apache.catalina.core.StandardWrapperValve.invoke(StandardWrapperValve.java:167)
	at org.apache.catalina.core.StandardContextValve.invoke(StandardContextValve.java:90)
	at org.apache.catalina.authenticator.AuthenticatorBase.invoke(AuthenticatorBase.java:482)
	at org.apache.catalina.core.StandardHostValve.invoke(StandardHostValve.java:115)
	at org.apache.catalina.valves.ErrorReportValve.invoke(ErrorReportValve.java:93)
	at org.apache.catalina.core.StandardEngineValve.invoke(StandardEngineValve.java:74)
	at org.apache.catalina.connector.CoyoteAdapter.service(CoyoteAdapter.java:340)
	at org.apache.coyote.http11.Http11Processor.service(Http11Processor.java:391)
	at org.apache.coyote.AbstractProcessorLight.process(AbstractProcessorLight.java:63)
	at org.apache.coyote.AbstractProtocol$ConnectionHandler.process(AbstractProtocol.java:896)
	at org.apache.tomcat.util.net.NioEndpoint$SocketProcessor.doRun(NioEndpoint.java:1744)
	at org.apache.tomcat.util.net.SocketProcessorBase.run(SocketProcessorBase.java:52)
	at org.apache.tomcat.util.threads.ThreadPoolExecutor.runWorker(ThreadPoolExecutor.java:1191)
	at org.apache.tomcat.util.threads.ThreadPoolExecutor$Worker.run(ThreadPoolExecutor.java:659)
	at org.apache.tomcat.util.threads.TaskThread$WrappingRunnable.run(TaskThread.java:61)
	at java.base/java.lang.Thread.run(Thread.java:1570)
Caused by: org.hibernate.exception.SQLGrammarException: JDBC exception executing SQL [select count(tb1_0.id) from thong_bao tb1_0 where tb1_0.tai_khoan_id=? and not(tb1_0.da_doc)] [Table 'qltv.thong_bao' doesn't exist] [n/a]
	at org.hibernate.exception.internal.SQLExceptionTypeDelegate.convert(SQLExceptionTypeDelegate.java:66)
	at org.hibernate.exception.internal.StandardSQLExceptionConverter.convert(StandardSQLExceptionConverter.java:58)
	at org.hibernate.engine.jdbc.spi.SqlExceptionHelper.convert(SqlExceptionHelper.java:108)
	at org.hibernate.engine.jdbc.spi.SqlExceptionHelper.convert(SqlExceptionHelper.java:94)
	at org.hibernate.sql.results.jdbc.internal.DeferredResultSetAccess.executeQuery(DeferredResultSetAccess.java:265)
	at org.hibernate.sql.results.jdbc.internal.DeferredResultSetAccess.getResultSet(DeferredResultSetAccess.java:167)
	at org.hibernate.sql.results.jdbc.internal.JdbcValuesResultSetImpl.advanceNext(JdbcValuesResultSetImpl.java:218)
	at org.hibernate.sql.results.jdbc.internal.JdbcValuesResultSetImpl.processNext(JdbcValuesResultSetImpl.java:98)
	at org.hibernate.sql.results.jdbc.internal.AbstractJdbcValues.next(AbstractJdbcValues.java:19)
	at org.hibernate.sql.results.internal.RowProcessingStateStandardImpl.next(RowProcessingStateStandardImpl.java:66)
	at org.hibernate.sql.results.spi.ListResultsConsumer.consume(ListResultsConsumer.java:203)
	at org.hibernate.sql.results.spi.ListResultsConsumer.consume(ListResultsConsumer.java:33)
	at org.hibernate.sql.exec.internal.JdbcSelectExecutorStandardImpl.doExecuteQuery(JdbcSelectExecutorStandardImpl.java:209)
	at org.hibernate.sql.exec.internal.JdbcSelectExecutorStandardImpl.executeQuery(JdbcSelectExecutorStandardImpl.java:83)
	at org.hibernate.sql.exec.spi.JdbcSelectExecutor.list(JdbcSelectExecutor.java:76)
	at org.hibernate.sql.exec.spi.JdbcSelectExecutor.list(JdbcSelectExecutor.java:65)
	at org.hibernate.query.sqm.internal.ConcreteSqmSelectQueryPlan.lambda$new$2(ConcreteSqmSelectQueryPlan.java:137)
	at org.hibernate.query.sqm.internal.ConcreteSqmSelectQueryPlan.withCacheableSqmInterpretation(ConcreteSqmSelectQueryPlan.java:359)
	at org.hibernate.query.sqm.internal.ConcreteSqmSelectQueryPlan.performList(ConcreteSqmSelectQueryPlan.java:300)
	at org.hibernate.query.sqm.internal.QuerySqmImpl.doList(QuerySqmImpl.java:509)
	at org.hibernate.query.spi.AbstractSelectionQuery.list(AbstractSelectionQuery.java:427)
	at org.hibernate.query.spi.AbstractSelectionQuery.getSingleResult(AbstractSelectionQuery.java:564)
	at org.springframework.data.jpa.repository.query.JpaQueryExecution$SingleEntityExecution.doExecute(JpaQueryExecution.java:223)
	at org.springframework.data.jpa.repository.query.JpaQueryExecution.execute(JpaQueryExecution.java:92)
	at org.springframework.data.jpa.repository.query.AbstractJpaQuery.doExecute(AbstractJpaQuery.java:149)
	at org.springframework.data.jpa.repository.query.AbstractJpaQuery.execute(AbstractJpaQuery.java:137)
	at org.springframework.data.repository.core.support.RepositoryMethodInvoker.doInvoke(RepositoryMethodInvoker.java:170)
	at org.springframework.data.repository.core.support.RepositoryMethodInvoker.invoke(RepositoryMethodInvoker.java:158)
	at org.springframework.data.repository.core.support.QueryExecutorMethodInterceptor.doInvoke(QueryExecutorMethodInterceptor.java:164)
	at org.springframework.data.repository.core.support.QueryExecutorMethodInterceptor.invoke(QueryExecutorMethodInterceptor.java:143)
	at org.springframework.aop.framework.ReflectiveMethodInvocation.proceed(ReflectiveMethodInvocation.java:184)
	at org.springframework.data.projection.DefaultMethodInvokingMethodInterceptor.invoke(DefaultMethodInvokingMethodInterceptor.java:70)
	at org.springframework.aop.framework.ReflectiveMethodInvocation.proceed(ReflectiveMethodInvocation.java:184)
	at org.springframework.transaction.interceptor.TransactionInterceptor$1.proceedWithInvocation(TransactionInterceptor.java:123)
	at org.springframework.transaction.interceptor.TransactionAspectSupport.invokeWithinTransaction(TransactionAspectSupport.java:385)
	at org.springframework.transaction.interceptor.TransactionInterceptor.invoke(TransactionInterceptor.java:119)
	at org.springframework.aop.framework.ReflectiveMethodInvocation.proceed(ReflectiveMethodInvocation.java:184)
	at org.springframework.dao.support.PersistenceExceptionTranslationInterceptor.invoke(PersistenceExceptionTranslationInterceptor.java:137)
	... 107 common frames omitted
Caused by: java.sql.SQLSyntaxErrorException: Table 'qltv.thong_bao' doesn't exist
	at com.mysql.cj.jdbc.exceptions.SQLError.createSQLException(SQLError.java:121)
	at com.mysql.cj.jdbc.exceptions.SQLExceptionsMapping.translateException(SQLExceptionsMapping.java:122)
	at com.mysql.cj.jdbc.ClientPreparedStatement.executeInternal(ClientPreparedStatement.java:912)
	at com.mysql.cj.jdbc.ClientPreparedStatement.executeQuery(ClientPreparedStatement.java:968)
	at com.zaxxer.hikari.pool.ProxyPreparedStatement.executeQuery(ProxyPreparedStatement.java:52)
	at com.zaxxer.hikari.pool.HikariProxyPreparedStatement.executeQuery(HikariProxyPreparedStatement.java)
	at org.hibernate.sql.results.jdbc.internal.DeferredResultSetAccess.executeQuery(DeferredResultSetAccess.java:246)
	... 140 common frames omitted
2026-04-20 21:47:44 [http-nio-8080-exec-3] WARN  o.s.w.s.m.m.a.ExceptionHandlerExceptionResolver - Resolved [org.springframework.dao.InvalidDataAccessResourceUsageException: JDBC exception executing SQL [select count(tb1_0.id) from thong_bao tb1_0 where tb1_0.tai_khoan_id=? and not(tb1_0.da_doc)] [Table 'qltv.thong_bao' doesn't exist] [n/a]; SQL [n/a]]
2026-04-20 21:47:44 [http-nio-8080-exec-3] DEBUG o.s.web.servlet.DispatcherServlet - Using resolved error view: ModelAndView [view="redirect:http://localhost:8080/login"; model={}]
2026-04-20 21:47:44 [http-nio-8080-exec-3] DEBUG o.s.web.servlet.view.RedirectView - View name 'redirect:', model {}
2026-04-20 21:47:44 [http-nio-8080-exec-3] DEBUG o.s.web.servlet.DispatcherServlet - Completed 302 FOUND
2026-04-20 21:47:44 [http-nio-8080-exec-4] DEBUG o.s.security.web.FilterChainProxy - Securing GET /login
2026-04-20 21:47:44 [http-nio-8080-exec-4] DEBUG o.s.security.web.FilterChainProxy - Secured GET /login
2026-04-20 21:47:44 [http-nio-8080-exec-4] DEBUG o.s.web.servlet.DispatcherServlet - GET "/login", parameters={}
2026-04-20 21:47:44 [http-nio-8080-exec-4] DEBUG o.s.w.s.m.m.a.RequestMappingHandlerMapping - Mapped to com.example.library.controller.AuthController#loginPage(String, String, String, String, Model)
2026-04-20 21:47:44 [http-nio-8080-exec-4] DEBUG o.s.s.w.c.HttpSessionSecurityContextRepository - Retrieved SecurityContextImpl [Authentication=UsernamePasswordAuthenticationToken [Principal=org.springframework.security.core.userdetails.User [Username=Tanphong, Password=[PROTECTED], Enabled=true, AccountNonExpired=true, CredentialsNonExpired=true, AccountNonLocked=true, Granted Authorities=[ROLE_KHACHHANG]], Credentials=[PROTECTED], Authenticated=true, Details=WebAuthenticationDetails [RemoteIpAddress=0:0:0:0:0:0:0:1, SessionId=null], Granted Authorities=[ROLE_KHACHHANG]]]
2026-04-20 21:47:44 [http-nio-8080-exec-4] DEBUG org.hibernate.SQL - 
    select
        tk1_0.matk,
        tk1_0.avatar,
        tk1_0.diachi,
        tk1_0.email,
        tk1_0.hoten,
        tk1_0.ngaytao,
        tk1_0.password,
        tk1_0.quyen,
        tk1_0.reset_token,
        tk1_0.sodienthoai,
        tk1_0.trangthai,
        tk1_0.username 
    from
        taikhoan tk1_0 
    where
        tk1_0.username=?
2026-04-20 21:47:44 [http-nio-8080-exec-4] DEBUG org.hibernate.SQL - 
    select
        count(tb1_0.id) 
    from
        thong_bao tb1_0 
    where
        tb1_0.tai_khoan_id=? 
        and not(tb1_0.da_doc)
2026-04-20 21:47:44 [http-nio-8080-exec-4] WARN  o.h.e.jdbc.spi.SqlExceptionHelper - SQL Error: 1146, SQLState: 42S02
2026-04-20 21:47:44 [http-nio-8080-exec-4] ERROR o.h.e.jdbc.spi.SqlExceptionHelper - Table 'qltv.thong_bao' doesn't exist
2026-04-20 21:47:44 [http-nio-8080-exec-4] DEBUG o.s.w.s.m.m.a.ExceptionHandlerExceptionResolver - Using @ExceptionHandler com.example.library.exception.GlobalExceptionHandler#handleGeneralException(Exception, HttpServletRequest, RedirectAttributes)
2026-04-20 21:47:44 [http-nio-8080-exec-4] ERROR c.e.l.e.GlobalExceptionHandler - Lỗi không lường trước xảy ra tại URL: http://localhost:8080/login. Chi tiết: 
org.springframework.dao.InvalidDataAccessResourceUsageException: JDBC exception executing SQL [select count(tb1_0.id) from thong_bao tb1_0 where tb1_0.tai_khoan_id=? and not(tb1_0.da_doc)] [Table 'qltv.thong_bao' doesn't exist] [n/a]; SQL [n/a]
	at org.springframework.orm.jpa.vendor.HibernateJpaDialect.convertHibernateAccessException(HibernateJpaDialect.java:277)
	at org.springframework.orm.jpa.vendor.HibernateJpaDialect.translateExceptionIfPossible(HibernateJpaDialect.java:241)
	at org.springframework.orm.jpa.AbstractEntityManagerFactoryBean.translateExceptionIfPossible(AbstractEntityManagerFactoryBean.java:550)
	at org.springframework.dao.support.ChainedPersistenceExceptionTranslator.translateExceptionIfPossible(ChainedPersistenceExceptionTranslator.java:61)
	at org.springframework.dao.support.DataAccessUtils.translateIfNecessary(DataAccessUtils.java:335)
	at org.springframework.dao.support.PersistenceExceptionTranslationInterceptor.invoke(PersistenceExceptionTranslationInterceptor.java:152)
	at org.springframework.aop.framework.ReflectiveMethodInvocation.proceed(ReflectiveMethodInvocation.java:184)
	at org.springframework.data.jpa.repository.support.CrudMethodMetadataPostProcessor$CrudMethodMetadataPopulatingMethodInterceptor.invoke(CrudMethodMetadataPostProcessor.java:135)
	at org.springframework.aop.framework.ReflectiveMethodInvocation.proceed(ReflectiveMethodInvocation.java:184)
	at org.springframework.aop.interceptor.ExposeInvocationInterceptor.invoke(ExposeInvocationInterceptor.java:97)
	at org.springframework.aop.framework.ReflectiveMethodInvocation.proceed(ReflectiveMethodInvocation.java:184)
	at org.springframework.aop.framework.JdkDynamicAopProxy.invoke(JdkDynamicAopProxy.java:220)
	at jdk.proxy4/jdk.proxy4.$Proxy138.countByTaiKhoanIdAndDaDocFalse(Unknown Source)
	at com.example.library.service.NotificationService.getUnreadCount(NotificationService.java:70)
	at com.example.library.controller.GlobalControllerAdvice.lambda$getUnreadCount$0(GlobalControllerAdvice.java:27)
	at java.base/java.util.Optional.map(Optional.java:260)
	at com.example.library.controller.GlobalControllerAdvice.getUnreadCount(GlobalControllerAdvice.java:27)
	at java.base/jdk.internal.reflect.DirectMethodHandleAccessor.invoke(DirectMethodHandleAccessor.java:103)
	at java.base/java.lang.reflect.Method.invoke(Method.java:580)
	at org.springframework.web.method.support.InvocableHandlerMethod.doInvoke(InvocableHandlerMethod.java:261)
	at org.springframework.web.method.support.InvocableHandlerMethod.invokeForRequest(InvocableHandlerMethod.java:189)
	at org.springframework.web.method.annotation.ModelFactory.invokeModelAttributeMethods(ModelFactory.java:143)
	at org.springframework.web.method.annotation.ModelFactory.initModel(ModelFactory.java:112)
	at org.springframework.web.servlet.mvc.method.annotation.RequestMappingHandlerAdapter.invokeHandlerMethod(RequestMappingHandlerAdapter.java:894)
	at org.springframework.web.servlet.mvc.method.annotation.RequestMappingHandlerAdapter.handleInternal(RequestMappingHandlerAdapter.java:829)
	at org.springframework.web.servlet.mvc.method.AbstractHandlerMethodAdapter.handle(AbstractHandlerMethodAdapter.java:87)
	at org.springframework.web.servlet.DispatcherServlet.doDispatch(DispatcherServlet.java:1089)
	at org.springframework.web.servlet.DispatcherServlet.doService(DispatcherServlet.java:979)
	at org.springframework.web.servlet.FrameworkServlet.processRequest(FrameworkServlet.java:1014)
	at org.springframework.web.servlet.FrameworkServlet.doGet(FrameworkServlet.java:903)
	at jakarta.servlet.http.HttpServlet.service(HttpServlet.java:564)
	at org.springframework.web.servlet.FrameworkServlet.service(FrameworkServlet.java:885)
	at jakarta.servlet.http.HttpServlet.service(HttpServlet.java:658)
	at org.apache.catalina.core.ApplicationFilterChain.internalDoFilter(ApplicationFilterChain.java:205)
	at org.apache.catalina.core.ApplicationFilterChain.doFilter(ApplicationFilterChain.java:149)
	at org.apache.tomcat.websocket.server.WsFilter.doFilter(WsFilter.java:51)
	at org.apache.catalina.core.ApplicationFilterChain.internalDoFilter(ApplicationFilterChain.java:174)
	at org.apache.catalina.core.ApplicationFilterChain.doFilter(ApplicationFilterChain.java:149)
	at org.springframework.web.filter.CompositeFilter$VirtualFilterChain.doFilter(CompositeFilter.java:108)
	at org.springframework.security.web.FilterChainProxy.lambda$doFilterInternal$3(FilterChainProxy.java:231)
	at org.springframework.security.web.FilterChainProxy$VirtualFilterChain.doFilter(FilterChainProxy.java:365)
	at org.springframework.security.web.access.intercept.AuthorizationFilter.doFilter(AuthorizationFilter.java:100)
	at org.springframework.security.web.FilterChainProxy$VirtualFilterChain.doFilter(FilterChainProxy.java:374)
	at org.springframework.security.web.access.ExceptionTranslationFilter.doFilter(ExceptionTranslationFilter.java:126)
	at org.springframework.security.web.access.ExceptionTranslationFilter.doFilter(ExceptionTranslationFilter.java:120)
	at org.springframework.security.web.FilterChainProxy$VirtualFilterChain.doFilter(FilterChainProxy.java:374)
	at org.springframework.security.web.authentication.AnonymousAuthenticationFilter.doFilter(AnonymousAuthenticationFilter.java:100)
	at org.springframework.security.web.FilterChainProxy$VirtualFilterChain.doFilter(FilterChainProxy.java:374)
	at org.springframework.security.web.servletapi.SecurityContextHolderAwareRequestFilter.doFilter(SecurityContextHolderAwareRequestFilter.java:179)
	at org.springframework.security.web.FilterChainProxy$VirtualFilterChain.doFilter(FilterChainProxy.java:374)
	at org.springframework.security.web.savedrequest.RequestCacheAwareFilter.doFilter(RequestCacheAwareFilter.java:63)
	at org.springframework.security.web.FilterChainProxy$VirtualFilterChain.doFilter(FilterChainProxy.java:374)
	at org.springframework.security.web.authentication.AbstractAuthenticationProcessingFilter.doFilter(AbstractAuthenticationProcessingFilter.java:227)
	at org.springframework.security.web.authentication.AbstractAuthenticationProcessingFilter.doFilter(AbstractAuthenticationProcessingFilter.java:221)
	at org.springframework.security.web.FilterChainProxy$VirtualFilterChain.doFilter(FilterChainProxy.java:374)
	at org.springframework.security.web.authentication.logout.LogoutFilter.doFilter(LogoutFilter.java:107)
	at org.springframework.security.web.authentication.logout.LogoutFilter.doFilter(LogoutFilter.java:93)
	at org.springframework.security.web.FilterChainProxy$VirtualFilterChain.doFilter(FilterChainProxy.java:374)
	at org.springframework.web.filter.CorsFilter.doFilterInternal(CorsFilter.java:91)
	at org.springframework.web.filter.OncePerRequestFilter.doFilter(OncePerRequestFilter.java:116)
	at org.springframework.security.web.FilterChainProxy$VirtualFilterChain.doFilter(FilterChainProxy.java:374)
	at org.springframework.security.web.header.HeaderWriterFilter.doHeadersAfter(HeaderWriterFilter.java:90)
	at org.springframework.security.web.header.HeaderWriterFilter.doFilterInternal(HeaderWriterFilter.java:75)
	at org.springframework.web.filter.OncePerRequestFilter.doFilter(OncePerRequestFilter.java:116)
	at org.springframework.security.web.FilterChainProxy$VirtualFilterChain.doFilter(FilterChainProxy.java:374)
	at org.springframework.security.web.context.SecurityContextHolderFilter.doFilter(SecurityContextHolderFilter.java:82)
	at org.springframework.security.web.context.SecurityContextHolderFilter.doFilter(SecurityContextHolderFilter.java:69)
	at org.springframework.security.web.FilterChainProxy$VirtualFilterChain.doFilter(FilterChainProxy.java:374)
	at org.springframework.security.web.context.request.async.WebAsyncManagerIntegrationFilter.doFilterInternal(WebAsyncManagerIntegrationFilter.java:62)
	at org.springframework.web.filter.OncePerRequestFilter.doFilter(OncePerRequestFilter.java:116)
	at org.springframework.security.web.FilterChainProxy$VirtualFilterChain.doFilter(FilterChainProxy.java:374)
	at org.springframework.security.web.session.DisableEncodeUrlFilter.doFilterInternal(DisableEncodeUrlFilter.java:42)
	at org.springframework.web.filter.OncePerRequestFilter.doFilter(OncePerRequestFilter.java:116)
	at org.springframework.security.web.FilterChainProxy$VirtualFilterChain.doFilter(FilterChainProxy.java:374)
	at org.springframework.security.web.FilterChainProxy.doFilterInternal(FilterChainProxy.java:233)
	at org.springframework.security.web.FilterChainProxy.doFilter(FilterChainProxy.java:191)
	at org.springframework.web.filter.CompositeFilter$VirtualFilterChain.doFilter(CompositeFilter.java:113)
	at org.springframework.web.servlet.handler.HandlerMappingIntrospector.lambda$createCacheFilter$3(HandlerMappingIntrospector.java:195)
	at org.springframework.web.filter.CompositeFilter$VirtualFilterChain.doFilter(CompositeFilter.java:113)
	at org.springframework.web.filter.CompositeFilter.doFilter(CompositeFilter.java:74)
	at org.springframework.security.config.annotation.web.configuration.WebMvcSecurityConfiguration$CompositeFilterChainProxy.doFilter(WebMvcSecurityConfiguration.java:225)
	at org.springframework.web.filter.DelegatingFilterProxy.invokeDelegate(DelegatingFilterProxy.java:352)
	at org.springframework.web.filter.DelegatingFilterProxy.doFilter(DelegatingFilterProxy.java:268)
	at org.apache.catalina.core.ApplicationFilterChain.internalDoFilter(ApplicationFilterChain.java:174)
	at org.apache.catalina.core.ApplicationFilterChain.doFilter(ApplicationFilterChain.java:149)
	at org.springframework.web.filter.RequestContextFilter.doFilterInternal(RequestContextFilter.java:100)
	at org.springframework.web.filter.OncePerRequestFilter.doFilter(OncePerRequestFilter.java:116)
	at org.apache.catalina.core.ApplicationFilterChain.internalDoFilter(ApplicationFilterChain.java:174)
	at org.apache.catalina.core.ApplicationFilterChain.doFilter(ApplicationFilterChain.java:149)
	at org.springframework.web.filter.FormContentFilter.doFilterInternal(FormContentFilter.java:93)
	at org.springframework.web.filter.OncePerRequestFilter.doFilter(OncePerRequestFilter.java:116)
	at org.apache.catalina.core.ApplicationFilterChain.internalDoFilter(ApplicationFilterChain.java:174)
	at org.apache.catalina.core.ApplicationFilterChain.doFilter(ApplicationFilterChain.java:149)
	at org.springframework.web.filter.CharacterEncodingFilter.doFilterInternal(CharacterEncodingFilter.java:201)
	at org.springframework.web.filter.OncePerRequestFilter.doFilter(OncePerRequestFilter.java:116)
	at org.apache.catalina.core.ApplicationFilterChain.internalDoFilter(ApplicationFilterChain.java:174)
	at org.apache.catalina.core.ApplicationFilterChain.doFilter(ApplicationFilterChain.java:149)
	at org.apache.catalina.core.StandardWrapperValve.invoke(StandardWrapperValve.java:167)
	at org.apache.catalina.core.StandardContextValve.invoke(StandardContextValve.java:90)
	at org.apache.catalina.authenticator.AuthenticatorBase.invoke(AuthenticatorBase.java:482)
	at org.apache.catalina.core.StandardHostValve.invoke(StandardHostValve.java:115)
	at org.apache.catalina.valves.ErrorReportValve.invoke(ErrorReportValve.java:93)
	at org.apache.catalina.core.StandardEngineValve.invoke(StandardEngineValve.java:74)
	at org.apache.catalina.connector.CoyoteAdapter.service(CoyoteAdapter.java:340)
	at org.apache.coyote.http11.Http11Processor.service(Http11Processor.java:391)
	at org.apache.coyote.AbstractProcessorLight.process(AbstractProcessorLight.java:63)
	at org.apache.coyote.AbstractProtocol$ConnectionHandler.process(AbstractProtocol.java:896)
	at org.apache.tomcat.util.net.NioEndpoint$SocketProcessor.doRun(NioEndpoint.java:1744)
	at org.apache.tomcat.util.net.SocketProcessorBase.run(SocketProcessorBase.java:52)
	at org.apache.tomcat.util.threads.ThreadPoolExecutor.runWorker(ThreadPoolExecutor.java:1191)
	at org.apache.tomcat.util.threads.ThreadPoolExecutor$Worker.run(ThreadPoolExecutor.java:659)
	at org.apache.tomcat.util.threads.TaskThread$WrappingRunnable.run(TaskThread.java:61)
	at java.base/java.lang.Thread.run(Thread.java:1570)
Caused by: org.hibernate.exception.SQLGrammarException: JDBC exception executing SQL [select count(tb1_0.id) from thong_bao tb1_0 where tb1_0.tai_khoan_id=? and not(tb1_0.da_doc)] [Table 'qltv.thong_bao' doesn't exist] [n/a]
	at org.hibernate.exception.internal.SQLExceptionTypeDelegate.convert(SQLExceptionTypeDelegate.java:66)
	at org.hibernate.exception.internal.StandardSQLExceptionConverter.convert(StandardSQLExceptionConverter.java:58)
	at org.hibernate.engine.jdbc.spi.SqlExceptionHelper.convert(SqlExceptionHelper.java:108)
	at org.hibernate.engine.jdbc.spi.SqlExceptionHelper.convert(SqlExceptionHelper.java:94)
	at org.hibernate.sql.results.jdbc.internal.DeferredResultSetAccess.executeQuery(DeferredResultSetAccess.java:265)
	at org.hibernate.sql.results.jdbc.internal.DeferredResultSetAccess.getResultSet(DeferredResultSetAccess.java:167)
	at org.hibernate.sql.results.jdbc.internal.JdbcValuesResultSetImpl.advanceNext(JdbcValuesResultSetImpl.java:218)
	at org.hibernate.sql.results.jdbc.internal.JdbcValuesResultSetImpl.processNext(JdbcValuesResultSetImpl.java:98)
	at org.hibernate.sql.results.jdbc.internal.AbstractJdbcValues.next(AbstractJdbcValues.java:19)
	at org.hibernate.sql.results.internal.RowProcessingStateStandardImpl.next(RowProcessingStateStandardImpl.java:66)
	at org.hibernate.sql.results.spi.ListResultsConsumer.consume(ListResultsConsumer.java:203)
	at org.hibernate.sql.results.spi.ListResultsConsumer.consume(ListResultsConsumer.java:33)
	at org.hibernate.sql.exec.internal.JdbcSelectExecutorStandardImpl.doExecuteQuery(JdbcSelectExecutorStandardImpl.java:209)
	at org.hibernate.sql.exec.internal.JdbcSelectExecutorStandardImpl.executeQuery(JdbcSelectExecutorStandardImpl.java:83)
	at org.hibernate.sql.exec.spi.JdbcSelectExecutor.list(JdbcSelectExecutor.java:76)
	at org.hibernate.sql.exec.spi.JdbcSelectExecutor.list(JdbcSelectExecutor.java:65)
	at org.hibernate.query.sqm.internal.ConcreteSqmSelectQueryPlan.lambda$new$2(ConcreteSqmSelectQueryPlan.java:137)
	at org.hibernate.query.sqm.internal.ConcreteSqmSelectQueryPlan.withCacheableSqmInterpretation(ConcreteSqmSelectQueryPlan.java:359)
	at org.hibernate.query.sqm.internal.ConcreteSqmSelectQueryPlan.performList(ConcreteSqmSelectQueryPlan.java:300)
	at org.hibernate.query.sqm.internal.QuerySqmImpl.doList(QuerySqmImpl.java:509)
	at org.hibernate.query.spi.AbstractSelectionQuery.list(AbstractSelectionQuery.java:427)
	at org.hibernate.query.spi.AbstractSelectionQuery.getSingleResult(AbstractSelectionQuery.java:564)
	at org.springframework.data.jpa.repository.query.JpaQueryExecution$SingleEntityExecution.doExecute(JpaQueryExecution.java:223)
	at org.springframework.data.jpa.repository.query.JpaQueryExecution.execute(JpaQueryExecution.java:92)
	at org.springframework.data.jpa.repository.query.AbstractJpaQuery.doExecute(AbstractJpaQuery.java:149)
	at org.springframework.data.jpa.repository.query.AbstractJpaQuery.execute(AbstractJpaQuery.java:137)
	at org.springframework.data.repository.core.support.RepositoryMethodInvoker.doInvoke(RepositoryMethodInvoker.java:170)
	at org.springframework.data.repository.core.support.RepositoryMethodInvoker.invoke(RepositoryMethodInvoker.java:158)
	at org.springframework.data.repository.core.support.QueryExecutorMethodInterceptor.doInvoke(QueryExecutorMethodInterceptor.java:164)
	at org.springframework.data.repository.core.support.QueryExecutorMethodInterceptor.invoke(QueryExecutorMethodInterceptor.java:143)
	at org.springframework.aop.framework.ReflectiveMethodInvocation.proceed(ReflectiveMethodInvocation.java:184)
	at org.springframework.data.projection.DefaultMethodInvokingMethodInterceptor.invoke(DefaultMethodInvokingMethodInterceptor.java:70)
	at org.springframework.aop.framework.ReflectiveMethodInvocation.proceed(ReflectiveMethodInvocation.java:184)
	at org.springframework.transaction.interceptor.TransactionInterceptor$1.proceedWithInvocation(TransactionInterceptor.java:123)
	at org.springframework.transaction.interceptor.TransactionAspectSupport.invokeWithinTransaction(TransactionAspectSupport.java:385)
	at org.springframework.transaction.interceptor.TransactionInterceptor.invoke(TransactionInterceptor.java:119)
	at org.springframework.aop.framework.ReflectiveMethodInvocation.proceed(ReflectiveMethodInvocation.java:184)
	at org.springframework.dao.support.PersistenceExceptionTranslationInterceptor.invoke(PersistenceExceptionTranslationInterceptor.java:137)
	... 107 common frames omitted
Caused by: java.sql.SQLSyntaxErrorException: Table 'qltv.thong_bao' doesn't exist
	at com.mysql.cj.jdbc.exceptions.SQLError.createSQLException(SQLError.java:121)
	at com.mysql.cj.jdbc.exceptions.SQLExceptionsMapping.translateException(SQLExceptionsMapping.java:122)
	at com.mysql.cj.jdbc.ClientPreparedStatement.executeInternal(ClientPreparedStatement.java:912)
	at com.mysql.cj.jdbc.ClientPreparedStatement.executeQuery(ClientPreparedStatement.java:968)
	at com.zaxxer.hikari.pool.ProxyPreparedStatement.executeQuery(ProxyPreparedStatement.java:52)
	at com.zaxxer.hikari.pool.HikariProxyPreparedStatement.executeQuery(HikariProxyPreparedStatement.java)
	at org.hibernate.sql.results.jdbc.internal.DeferredResultSetAccess.executeQuery(DeferredResultSetAccess.java:246)
	... 140 common frames omitted
2026-04-20 21:47:44 [http-nio-8080-exec-4] WARN  o.s.w.s.m.m.a.ExceptionHandlerExceptionResolver - Resolved [org.springframework.dao.InvalidDataAccessResourceUsageException: JDBC exception executing SQL [select count(tb1_0.id) from thong_bao tb1_0 where tb1_0.tai_khoan_id=? and not(tb1_0.da_doc)] [Table 'qltv.thong_bao' doesn't exist] [n/a]; SQL [n/a]]
2026-04-20 21:47:44 [http-nio-8080-exec-4] DEBUG o.s.web.servlet.DispatcherServlet - Using resolved error view: ModelAndView [view="redirect:http://localhost:8080/login"; model={}]
2026-04-20 21:47:44 [http-nio-8080-exec-4] DEBUG o.s.web.servlet.view.RedirectView - View name 'redirect:', model {}
2026-04-20 21:47:44 [http-nio-8080-exec-4] DEBUG o.s.web.servlet.DispatcherServlet - Completed 302 FOUND
2026-04-20 21:47:44 [http-nio-8080-exec-7] DEBUG o.s.security.web.FilterChainProxy - Securing GET /login
2026-04-20 21:47:44 [http-nio-8080-exec-7] DEBUG o.s.security.web.FilterChainProxy - Secured GET /login
2026-04-20 21:47:44 [http-nio-8080-exec-7] DEBUG o.s.web.servlet.DispatcherServlet - GET "/login", parameters={}
2026-04-20 21:47:44 [http-nio-8080-exec-7] DEBUG o.s.w.s.m.m.a.RequestMappingHandlerMapping - Mapped to com.example.library.controller.AuthController#loginPage(String, String, String, String, Model)
2026-04-20 21:47:44 [http-nio-8080-exec-7] DEBUG o.s.s.w.c.HttpSessionSecurityContextRepository - Retrieved SecurityContextImpl [Authentication=UsernamePasswordAuthenticationToken [Principal=org.springframework.security.core.userdetails.User [Username=Tanphong, Password=[PROTECTED], Enabled=true, AccountNonExpired=true, CredentialsNonExpired=true, AccountNonLocked=true, Granted Authorities=[ROLE_KHACHHANG]], Credentials=[PROTECTED], Authenticated=true, Details=WebAuthenticationDetails [RemoteIpAddress=0:0:0:0:0:0:0:1, SessionId=null], Granted Authorities=[ROLE_KHACHHANG]]]
2026-04-20 21:47:44 [http-nio-8080-exec-7] DEBUG org.hibernate.SQL - 
    select
        tk1_0.matk,
        tk1_0.avatar,
        tk1_0.diachi,
        tk1_0.email,
        tk1_0.hoten,
        tk1_0.ngaytao,
        tk1_0.password,
        tk1_0.quyen,
        tk1_0.reset_token,
        tk1_0.sodienthoai,
        tk1_0.trangthai,
        tk1_0.username 
    from
        taikhoan tk1_0 
    where
        tk1_0.username=?
2026-04-20 21:47:44 [http-nio-8080-exec-7] DEBUG org.hibernate.SQL - 
    select
        count(tb1_0.id) 
    from
        thong_bao tb1_0 
    where
        tb1_0.tai_khoan_id=? 
        and not(tb1_0.da_doc)
2026-04-20 21:47:44 [http-nio-8080-exec-7] WARN  o.h.e.jdbc.spi.SqlExceptionHelper - SQL Error: 1146, SQLState: 42S02
2026-04-20 21:47:44 [http-nio-8080-exec-7] ERROR o.h.e.jdbc.spi.SqlExceptionHelper - Table 'qltv.thong_bao' doesn't exist
2026-04-20 21:47:44 [http-nio-8080-exec-7] DEBUG o.s.w.s.m.m.a.ExceptionHandlerExceptionResolver - Using @ExceptionHandler com.example.library.exception.GlobalExceptionHandler#handleGeneralException(Exception, HttpServletRequest, RedirectAttributes)
2026-04-20 21:47:44 [http-nio-8080-exec-7] ERROR c.e.l.e.GlobalExceptionHandler - Lỗi không lường trước xảy ra tại URL: http://localhost:8080/login. Chi tiết: 
org.springframework.dao.InvalidDataAccessResourceUsageException: JDBC exception executing SQL [select count(tb1_0.id) from thong_bao tb1_0 where tb1_0.tai_khoan_id=? and not(tb1_0.da_doc)] [Table 'qltv.thong_bao' doesn't exist] [n/a]; SQL [n/a]
	at org.springframework.orm.jpa.vendor.HibernateJpaDialect.convertHibernateAccessException(HibernateJpaDialect.java:277)
	at org.springframework.orm.jpa.vendor.HibernateJpaDialect.translateExceptionIfPossible(HibernateJpaDialect.java:241)
	at org.springframework.orm.jpa.AbstractEntityManagerFactoryBean.translateExceptionIfPossible(AbstractEntityManagerFactoryBean.java:550)
	at org.springframework.dao.support.ChainedPersistenceExceptionTranslator.translateExceptionIfPossible(ChainedPersistenceExceptionTranslator.java:61)
	at org.springframework.dao.support.DataAccessUtils.translateIfNecessary(DataAccessUtils.java:335)
	at org.springframework.dao.support.PersistenceExceptionTranslationInterceptor.invoke(PersistenceExceptionTranslationInterceptor.java:152)
	at org.springframework.aop.framework.ReflectiveMethodInvocation.proceed(ReflectiveMethodInvocation.java:184)
	at org.springframework.data.jpa.repository.support.CrudMethodMetadataPostProcessor$CrudMethodMetadataPopulatingMethodInterceptor.invoke(CrudMethodMetadataPostProcessor.java:135)
	at org.springframework.aop.framework.ReflectiveMethodInvocation.proceed(ReflectiveMethodInvocation.java:184)
	at org.springframework.aop.interceptor.ExposeInvocationInterceptor.invoke(ExposeInvocationInterceptor.java:97)
	at org.springframework.aop.framework.ReflectiveMethodInvocation.proceed(ReflectiveMethodInvocation.java:184)
	at org.springframework.aop.framework.JdkDynamicAopProxy.invoke(JdkDynamicAopProxy.java:220)
	at jdk.proxy4/jdk.proxy4.$Proxy138.countByTaiKhoanIdAndDaDocFalse(Unknown Source)
	at com.example.library.service.NotificationService.getUnreadCount(NotificationService.java:70)
	at com.example.library.controller.GlobalControllerAdvice.lambda$getUnreadCount$0(GlobalControllerAdvice.java:27)
	at java.base/java.util.Optional.map(Optional.java:260)
	at com.example.library.controller.GlobalControllerAdvice.getUnreadCount(GlobalControllerAdvice.java:27)
	at java.base/jdk.internal.reflect.DirectMethodHandleAccessor.invoke(DirectMethodHandleAccessor.java:103)
	at java.base/java.lang.reflect.Method.invoke(Method.java:580)
	at org.springframework.web.method.support.InvocableHandlerMethod.doInvoke(InvocableHandlerMethod.java:261)
	at org.springframework.web.method.support.InvocableHandlerMethod.invokeForRequest(InvocableHandlerMethod.java:189)
	at org.springframework.web.method.annotation.ModelFactory.invokeModelAttributeMethods(ModelFactory.java:143)
	at org.springframework.web.method.annotation.ModelFactory.initModel(ModelFactory.java:112)
	at org.springframework.web.servlet.mvc.method.annotation.RequestMappingHandlerAdapter.invokeHandlerMethod(RequestMappingHandlerAdapter.java:894)
	at org.springframework.web.servlet.mvc.method.annotation.RequestMappingHandlerAdapter.handleInternal(RequestMappingHandlerAdapter.java:829)
	at org.springframework.web.servlet.mvc.method.AbstractHandlerMethodAdapter.handle(AbstractHandlerMethodAdapter.java:87)
	at org.springframework.web.servlet.DispatcherServlet.doDispatch(DispatcherServlet.java:1089)
	at org.springframework.web.servlet.DispatcherServlet.doService(DispatcherServlet.java:979)
	at org.springframework.web.servlet.FrameworkServlet.processRequest(FrameworkServlet.java:1014)
	at org.springframework.web.servlet.FrameworkServlet.doGet(FrameworkServlet.java:903)
	at jakarta.servlet.http.HttpServlet.service(HttpServlet.java:564)
	at org.springframework.web.servlet.FrameworkServlet.service(FrameworkServlet.java:885)
	at jakarta.servlet.http.HttpServlet.service(HttpServlet.java:658)
	at org.apache.catalina.core.ApplicationFilterChain.internalDoFilter(ApplicationFilterChain.java:205)
	at org.apache.catalina.core.ApplicationFilterChain.doFilter(ApplicationFilterChain.java:149)
	at org.apache.tomcat.websocket.server.WsFilter.doFilter(WsFilter.java:51)
	at org.apache.catalina.core.ApplicationFilterChain.internalDoFilter(ApplicationFilterChain.java:174)
	at org.apache.catalina.core.ApplicationFilterChain.doFilter(ApplicationFilterChain.java:149)
	at org.springframework.web.filter.CompositeFilter$VirtualFilterChain.doFilter(CompositeFilter.java:108)
	at org.springframework.security.web.FilterChainProxy.lambda$doFilterInternal$3(FilterChainProxy.java:231)
	at org.springframework.security.web.FilterChainProxy$VirtualFilterChain.doFilter(FilterChainProxy.java:365)
	at org.springframework.security.web.access.intercept.AuthorizationFilter.doFilter(AuthorizationFilter.java:100)
	at org.springframework.security.web.FilterChainProxy$VirtualFilterChain.doFilter(FilterChainProxy.java:374)
	at org.springframework.security.web.access.ExceptionTranslationFilter.doFilter(ExceptionTranslationFilter.java:126)
	at org.springframework.security.web.access.ExceptionTranslationFilter.doFilter(ExceptionTranslationFilter.java:120)
	at org.springframework.security.web.FilterChainProxy$VirtualFilterChain.doFilter(FilterChainProxy.java:374)
	at org.springframework.security.web.authentication.AnonymousAuthenticationFilter.doFilter(AnonymousAuthenticationFilter.java:100)
	at org.springframework.security.web.FilterChainProxy$VirtualFilterChain.doFilter(FilterChainProxy.java:374)
	at org.springframework.security.web.servletapi.SecurityContextHolderAwareRequestFilter.doFilter(SecurityContextHolderAwareRequestFilter.java:179)
	at org.springframework.security.web.FilterChainProxy$VirtualFilterChain.doFilter(FilterChainProxy.java:374)
	at org.springframework.security.web.savedrequest.RequestCacheAwareFilter.doFilter(RequestCacheAwareFilter.java:63)
	at org.springframework.security.web.FilterChainProxy$VirtualFilterChain.doFilter(FilterChainProxy.java:374)
	at org.springframework.security.web.authentication.AbstractAuthenticationProcessingFilter.doFilter(AbstractAuthenticationProcessingFilter.java:227)
	at org.springframework.security.web.authentication.AbstractAuthenticationProcessingFilter.doFilter(AbstractAuthenticationProcessingFilter.java:221)
	at org.springframework.security.web.FilterChainProxy$VirtualFilterChain.doFilter(FilterChainProxy.java:374)
	at org.springframework.security.web.authentication.logout.LogoutFilter.doFilter(LogoutFilter.java:107)
	at org.springframework.security.web.authentication.logout.LogoutFilter.doFilter(LogoutFilter.java:93)
	at org.springframework.security.web.FilterChainProxy$VirtualFilterChain.doFilter(FilterChainProxy.java:374)
	at org.springframework.web.filter.CorsFilter.doFilterInternal(CorsFilter.java:91)
	at org.springframework.web.filter.OncePerRequestFilter.doFilter(OncePerRequestFilter.java:116)
	at org.springframework.security.web.FilterChainProxy$VirtualFilterChain.doFilter(FilterChainProxy.java:374)
	at org.springframework.security.web.header.HeaderWriterFilter.doHeadersAfter(HeaderWriterFilter.java:90)
	at org.springframework.security.web.header.HeaderWriterFilter.doFilterInternal(HeaderWriterFilter.java:75)
	at org.springframework.web.filter.OncePerRequestFilter.doFilter(OncePerRequestFilter.java:116)
	at org.springframework.security.web.FilterChainProxy$VirtualFilterChain.doFilter(FilterChainProxy.java:374)
	at org.springframework.security.web.context.SecurityContextHolderFilter.doFilter(SecurityContextHolderFilter.java:82)
	at org.springframework.security.web.context.SecurityContextHolderFilter.doFilter(SecurityContextHolderFilter.java:69)
	at org.springframework.security.web.FilterChainProxy$VirtualFilterChain.doFilter(FilterChainProxy.java:374)
	at org.springframework.security.web.context.request.async.WebAsyncManagerIntegrationFilter.doFilterInternal(WebAsyncManagerIntegrationFilter.java:62)
	at org.springframework.web.filter.OncePerRequestFilter.doFilter(OncePerRequestFilter.java:116)
	at org.springframework.security.web.FilterChainProxy$VirtualFilterChain.doFilter(FilterChainProxy.java:374)
	at org.springframework.security.web.session.DisableEncodeUrlFilter.doFilterInternal(DisableEncodeUrlFilter.java:42)
	at org.springframework.web.filter.OncePerRequestFilter.doFilter(OncePerRequestFilter.java:116)
	at org.springframework.security.web.FilterChainProxy$VirtualFilterChain.doFilter(FilterChainProxy.java:374)
	at org.springframework.security.web.FilterChainProxy.doFilterInternal(FilterChainProxy.java:233)
	at org.springframework.security.web.FilterChainProxy.doFilter(FilterChainProxy.java:191)
	at org.springframework.web.filter.CompositeFilter$VirtualFilterChain.doFilter(CompositeFilter.java:113)
	at org.springframework.web.servlet.handler.HandlerMappingIntrospector.lambda$createCacheFilter$3(HandlerMappingIntrospector.java:195)
	at org.springframework.web.filter.CompositeFilter$VirtualFilterChain.doFilter(CompositeFilter.java:113)
	at org.springframework.web.filter.CompositeFilter.doFilter(CompositeFilter.java:74)
	at org.springframework.security.config.annotation.web.configuration.WebMvcSecurityConfiguration$CompositeFilterChainProxy.doFilter(WebMvcSecurityConfiguration.java:225)
	at org.springframework.web.filter.DelegatingFilterProxy.invokeDelegate(DelegatingFilterProxy.java:352)
	at org.springframework.web.filter.DelegatingFilterProxy.doFilter(DelegatingFilterProxy.java:268)
	at org.apache.catalina.core.ApplicationFilterChain.internalDoFilter(ApplicationFilterChain.java:174)
	at org.apache.catalina.core.ApplicationFilterChain.doFilter(ApplicationFilterChain.java:149)
	at org.springframework.web.filter.RequestContextFilter.doFilterInternal(RequestContextFilter.java:100)
	at org.springframework.web.filter.OncePerRequestFilter.doFilter(OncePerRequestFilter.java:116)
	at org.apache.catalina.core.ApplicationFilterChain.internalDoFilter(ApplicationFilterChain.java:174)
	at org.apache.catalina.core.ApplicationFilterChain.doFilter(ApplicationFilterChain.java:149)
	at org.springframework.web.filter.FormContentFilter.doFilterInternal(FormContentFilter.java:93)
	at org.springframework.web.filter.OncePerRequestFilter.doFilter(OncePerRequestFilter.java:116)
	at org.apache.catalina.core.ApplicationFilterChain.internalDoFilter(ApplicationFilterChain.java:174)
	at org.apache.catalina.core.ApplicationFilterChain.doFilter(ApplicationFilterChain.java:149)
	at org.springframework.web.filter.CharacterEncodingFilter.doFilterInternal(CharacterEncodingFilter.java:201)
	at org.springframework.web.filter.OncePerRequestFilter.doFilter(OncePerRequestFilter.java:116)
	at org.apache.catalina.core.ApplicationFilterChain.internalDoFilter(ApplicationFilterChain.java:174)
	at org.apache.catalina.core.ApplicationFilterChain.doFilter(ApplicationFilterChain.java:149)
	at org.apache.catalina.core.StandardWrapperValve.invoke(StandardWrapperValve.java:167)
	at org.apache.catalina.core.StandardContextValve.invoke(StandardContextValve.java:90)
	at org.apache.catalina.authenticator.AuthenticatorBase.invoke(AuthenticatorBase.java:482)
	at org.apache.catalina.core.StandardHostValve.invoke(StandardHostValve.java:115)
	at org.apache.catalina.valves.ErrorReportValve.invoke(ErrorReportValve.java:93)
	at org.apache.catalina.core.StandardEngineValve.invoke(StandardEngineValve.java:74)
	at org.apache.catalina.connector.CoyoteAdapter.service(CoyoteAdapter.java:340)
	at org.apache.coyote.http11.Http11Processor.service(Http11Processor.java:391)
	at org.apache.coyote.AbstractProcessorLight.process(AbstractProcessorLight.java:63)
	at org.apache.coyote.AbstractProtocol$ConnectionHandler.process(AbstractProtocol.java:896)
	at org.apache.tomcat.util.net.NioEndpoint$SocketProcessor.doRun(NioEndpoint.java:1744)
	at org.apache.tomcat.util.net.SocketProcessorBase.run(SocketProcessorBase.java:52)
	at org.apache.tomcat.util.threads.ThreadPoolExecutor.runWorker(ThreadPoolExecutor.java:1191)
	at org.apache.tomcat.util.threads.ThreadPoolExecutor$Worker.run(ThreadPoolExecutor.java:659)
	at org.apache.tomcat.util.threads.TaskThread$WrappingRunnable.run(TaskThread.java:61)
	at java.base/java.lang.Thread.run(Thread.java:1570)
Caused by: org.hibernate.exception.SQLGrammarException: JDBC exception executing SQL [select count(tb1_0.id) from thong_bao tb1_0 where tb1_0.tai_khoan_id=? and not(tb1_0.da_doc)] [Table 'qltv.thong_bao' doesn't exist] [n/a]
	at org.hibernate.exception.internal.SQLExceptionTypeDelegate.convert(SQLExceptionTypeDelegate.java:66)
	at org.hibernate.exception.internal.StandardSQLExceptionConverter.convert(StandardSQLExceptionConverter.java:58)
	at org.hibernate.engine.jdbc.spi.SqlExceptionHelper.convert(SqlExceptionHelper.java:108)
	at org.hibernate.engine.jdbc.spi.SqlExceptionHelper.convert(SqlExceptionHelper.java:94)
	at org.hibernate.sql.results.jdbc.internal.DeferredResultSetAccess.executeQuery(DeferredResultSetAccess.java:265)
	at org.hibernate.sql.results.jdbc.internal.DeferredResultSetAccess.getResultSet(DeferredResultSetAccess.java:167)
	at org.hibernate.sql.results.jdbc.internal.JdbcValuesResultSetImpl.advanceNext(JdbcValuesResultSetImpl.java:218)
	at org.hibernate.sql.results.jdbc.internal.JdbcValuesResultSetImpl.processNext(JdbcValuesResultSetImpl.java:98)
	at org.hibernate.sql.results.jdbc.internal.AbstractJdbcValues.next(AbstractJdbcValues.java:19)
	at org.hibernate.sql.results.internal.RowProcessingStateStandardImpl.next(RowProcessingStateStandardImpl.java:66)
	at org.hibernate.sql.results.spi.ListResultsConsumer.consume(ListResultsConsumer.java:203)
	at org.hibernate.sql.results.spi.ListResultsConsumer.consume(ListResultsConsumer.java:33)
	at org.hibernate.sql.exec.internal.JdbcSelectExecutorStandardImpl.doExecuteQuery(JdbcSelectExecutorStandardImpl.java:209)
	at org.hibernate.sql.exec.internal.JdbcSelectExecutorStandardImpl.executeQuery(JdbcSelectExecutorStandardImpl.java:83)
	at org.hibernate.sql.exec.spi.JdbcSelectExecutor.list(JdbcSelectExecutor.java:76)
	at org.hibernate.sql.exec.spi.JdbcSelectExecutor.list(JdbcSelectExecutor.java:65)
	at org.hibernate.query.sqm.internal.ConcreteSqmSelectQueryPlan.lambda$new$2(ConcreteSqmSelectQueryPlan.java:137)
	at org.hibernate.query.sqm.internal.ConcreteSqmSelectQueryPlan.withCacheableSqmInterpretation(ConcreteSqmSelectQueryPlan.java:359)
	at org.hibernate.query.sqm.internal.ConcreteSqmSelectQueryPlan.performList(ConcreteSqmSelectQueryPlan.java:300)
	at org.hibernate.query.sqm.internal.QuerySqmImpl.doList(QuerySqmImpl.java:509)
	at org.hibernate.query.spi.AbstractSelectionQuery.list(AbstractSelectionQuery.java:427)
	at org.hibernate.query.spi.AbstractSelectionQuery.getSingleResult(AbstractSelectionQuery.java:564)
	at org.springframework.data.jpa.repository.query.JpaQueryExecution$SingleEntityExecution.doExecute(JpaQueryExecution.java:223)
	at org.springframework.data.jpa.repository.query.JpaQueryExecution.execute(JpaQueryExecution.java:92)
	at org.springframework.data.jpa.repository.query.AbstractJpaQuery.doExecute(AbstractJpaQuery.java:149)
	at org.springframework.data.jpa.repository.query.AbstractJpaQuery.execute(AbstractJpaQuery.java:137)
	at org.springframework.data.repository.core.support.RepositoryMethodInvoker.doInvoke(RepositoryMethodInvoker.java:170)
	at org.springframework.data.repository.core.support.RepositoryMethodInvoker.invoke(RepositoryMethodInvoker.java:158)
	at org.springframework.data.repository.core.support.QueryExecutorMethodInterceptor.doInvoke(QueryExecutorMethodInterceptor.java:164)
	at org.springframework.data.repository.core.support.QueryExecutorMethodInterceptor.invoke(QueryExecutorMethodInterceptor.java:143)
	at org.springframework.aop.framework.ReflectiveMethodInvocation.proceed(ReflectiveMethodInvocation.java:184)
	at org.springframework.data.projection.DefaultMethodInvokingMethodInterceptor.invoke(DefaultMethodInvokingMethodInterceptor.java:70)
	at org.springframework.aop.framework.ReflectiveMethodInvocation.proceed(ReflectiveMethodInvocation.java:184)
	at org.springframework.transaction.interceptor.TransactionInterceptor$1.proceedWithInvocation(TransactionInterceptor.java:123)
	at org.springframework.transaction.interceptor.TransactionAspectSupport.invokeWithinTransaction(TransactionAspectSupport.java:385)
	at org.springframework.transaction.interceptor.TransactionInterceptor.invoke(TransactionInterceptor.java:119)
	at org.springframework.aop.framework.ReflectiveMethodInvocation.proceed(ReflectiveMethodInvocation.java:184)
	at org.springframework.dao.support.PersistenceExceptionTranslationInterceptor.invoke(PersistenceExceptionTranslationInterceptor.java:137)
	... 107 common frames omitted
Caused by: java.sql.SQLSyntaxErrorException: Table 'qltv.thong_bao' doesn't exist
	at com.mysql.cj.jdbc.exceptions.SQLError.createSQLException(SQLError.java:121)
	at com.mysql.cj.jdbc.exceptions.SQLExceptionsMapping.translateException(SQLExceptionsMapping.java:122)
	at com.mysql.cj.jdbc.ClientPreparedStatement.executeInternal(ClientPreparedStatement.java:912)
	at com.mysql.cj.jdbc.ClientPreparedStatement.executeQuery(ClientPreparedStatement.java:968)
	at com.zaxxer.hikari.pool.ProxyPreparedStatement.executeQuery(ProxyPreparedStatement.java:52)
	at com.zaxxer.hikari.pool.HikariProxyPreparedStatement.executeQuery(HikariProxyPreparedStatement.java)
	at org.hibernate.sql.results.jdbc.internal.DeferredResultSetAccess.executeQuery(DeferredResultSetAccess.java:246)
	... 140 common frames omitted
2026-04-20 21:47:44 [http-nio-8080-exec-7] WARN  o.s.w.s.m.m.a.ExceptionHandlerExceptionResolver - Resolved [org.springframework.dao.InvalidDataAccessResourceUsageException: JDBC exception executing SQL [select count(tb1_0.id) from thong_bao tb1_0 where tb1_0.tai_khoan_id=? and not(tb1_0.da_doc)] [Table 'qltv.thong_bao' doesn't exist] [n/a]; SQL [n/a]]
2026-04-20 21:47:44 [http-nio-8080-exec-7] DEBUG o.s.web.servlet.DispatcherServlet - Using resolved error view: ModelAndView [view="redirect:http://localhost:8080/login"; model={}]
2026-04-20 21:47:44 [http-nio-8080-exec-7] DEBUG o.s.web.servlet.view.RedirectView - View name 'redirect:', model {}
2026-04-20 21:47:44 [http-nio-8080-exec-7] DEBUG o.s.web.servlet.DispatcherServlet - Completed 302 FOUND
2026-04-20 21:47:44 [http-nio-8080-exec-5] DEBUG o.s.security.web.FilterChainProxy - Securing GET /login
2026-04-20 21:47:44 [http-nio-8080-exec-5] DEBUG o.s.security.web.FilterChainProxy - Secured GET /login
2026-04-20 21:47:44 [http-nio-8080-exec-5] DEBUG o.s.web.servlet.DispatcherServlet - GET "/login", parameters={}
2026-04-20 21:47:44 [http-nio-8080-exec-5] DEBUG o.s.w.s.m.m.a.RequestMappingHandlerMapping - Mapped to com.example.library.controller.AuthController#loginPage(String, String, String, String, Model)
2026-04-20 21:47:44 [http-nio-8080-exec-5] DEBUG o.s.s.w.c.HttpSessionSecurityContextRepository - Retrieved SecurityContextImpl [Authentication=UsernamePasswordAuthenticationToken [Principal=org.springframework.security.core.userdetails.User [Username=Tanphong, Password=[PROTECTED], Enabled=true, AccountNonExpired=true, CredentialsNonExpired=true, AccountNonLocked=true, Granted Authorities=[ROLE_KHACHHANG]], Credentials=[PROTECTED], Authenticated=true, Details=WebAuthenticationDetails [RemoteIpAddress=0:0:0:0:0:0:0:1, SessionId=null], Granted Authorities=[ROLE_KHACHHANG]]]
2026-04-20 21:47:44 [http-nio-8080-exec-5] DEBUG org.hibernate.SQL - 
    select
        tk1_0.matk,
        tk1_0.avatar,
        tk1_0.diachi,
        tk1_0.email,
        tk1_0.hoten,
        tk1_0.ngaytao,
        tk1_0.password,
        tk1_0.quyen,
        tk1_0.reset_token,
        tk1_0.sodienthoai,
        tk1_0.trangthai,
        tk1_0.username 
    from
        taikhoan tk1_0 
    where
        tk1_0.username=?
2026-04-20 21:47:44 [http-nio-8080-exec-5] DEBUG org.hibernate.SQL - 
    select
        count(tb1_0.id) 
    from
        thong_bao tb1_0 
    where
        tb1_0.tai_khoan_id=? 
        and not(tb1_0.da_doc)
2026-04-20 21:47:44 [http-nio-8080-exec-5] WARN  o.h.e.jdbc.spi.SqlExceptionHelper - SQL Error: 1146, SQLState: 42S02
2026-04-20 21:47:44 [http-nio-8080-exec-5] ERROR o.h.e.jdbc.spi.SqlExceptionHelper - Table 'qltv.thong_bao' doesn't exist
2026-04-20 21:47:44 [http-nio-8080-exec-5] DEBUG o.s.w.s.m.m.a.ExceptionHandlerExceptionResolver - Using @ExceptionHandler com.example.library.exception.GlobalExceptionHandler#handleGeneralException(Exception, HttpServletRequest, RedirectAttributes)
2026-04-20 21:47:44 [http-nio-8080-exec-5] ERROR c.e.l.e.GlobalExceptionHandler - Lỗi không lường trước xảy ra tại URL: http://localhost:8080/login. Chi tiết: 
org.springframework.dao.InvalidDataAccessResourceUsageException: JDBC exception executing SQL [select count(tb1_0.id) from thong_bao tb1_0 where tb1_0.tai_khoan_id=? and not(tb1_0.da_doc)] [Table 'qltv.thong_bao' doesn't exist] [n/a]; SQL [n/a]
	at org.springframework.orm.jpa.vendor.HibernateJpaDialect.convertHibernateAccessException(HibernateJpaDialect.java:277)
	at org.springframework.orm.jpa.vendor.HibernateJpaDialect.translateExceptionIfPossible(HibernateJpaDialect.java:241)
	at org.springframework.orm.jpa.AbstractEntityManagerFactoryBean.translateExceptionIfPossible(AbstractEntityManagerFactoryBean.java:550)
	at org.springframework.dao.support.ChainedPersistenceExceptionTranslator.translateExceptionIfPossible(ChainedPersistenceExceptionTranslator.java:61)
	at org.springframework.dao.support.DataAccessUtils.translateIfNecessary(DataAccessUtils.java:335)
	at org.springframework.dao.support.PersistenceExceptionTranslationInterceptor.invoke(PersistenceExceptionTranslationInterceptor.java:152)
	at org.springframework.aop.framework.ReflectiveMethodInvocation.proceed(ReflectiveMethodInvocation.java:184)
	at org.springframework.data.jpa.repository.support.CrudMethodMetadataPostProcessor$CrudMethodMetadataPopulatingMethodInterceptor.invoke(CrudMethodMetadataPostProcessor.java:135)
	at org.springframework.aop.framework.ReflectiveMethodInvocation.proceed(ReflectiveMethodInvocation.java:184)
	at org.springframework.aop.interceptor.ExposeInvocationInterceptor.invoke(ExposeInvocationInterceptor.java:97)
	at org.springframework.aop.framework.ReflectiveMethodInvocation.proceed(ReflectiveMethodInvocation.java:184)
	at org.springframework.aop.framework.JdkDynamicAopProxy.invoke(JdkDynamicAopProxy.java:220)
	at jdk.proxy4/jdk.proxy4.$Proxy138.countByTaiKhoanIdAndDaDocFalse(Unknown Source)
	at com.example.library.service.NotificationService.getUnreadCount(NotificationService.java:70)
	at com.example.library.controller.GlobalControllerAdvice.lambda$getUnreadCount$0(GlobalControllerAdvice.java:27)
	at java.base/java.util.Optional.map(Optional.java:260)
	at com.example.library.controller.GlobalControllerAdvice.getUnreadCount(GlobalControllerAdvice.java:27)
	at java.base/jdk.internal.reflect.DirectMethodHandleAccessor.invoke(DirectMethodHandleAccessor.java:103)
	at java.base/java.lang.reflect.Method.invoke(Method.java:580)
	at org.springframework.web.method.support.InvocableHandlerMethod.doInvoke(InvocableHandlerMethod.java:261)
	at org.springframework.web.method.support.InvocableHandlerMethod.invokeForRequest(InvocableHandlerMethod.java:189)
	at org.springframework.web.method.annotation.ModelFactory.invokeModelAttributeMethods(ModelFactory.java:143)
	at org.springframework.web.method.annotation.ModelFactory.initModel(ModelFactory.java:112)
	at org.springframework.web.servlet.mvc.method.annotation.RequestMappingHandlerAdapter.invokeHandlerMethod(RequestMappingHandlerAdapter.java:894)
	at org.springframework.web.servlet.mvc.method.annotation.RequestMappingHandlerAdapter.handleInternal(RequestMappingHandlerAdapter.java:829)
	at org.springframework.web.servlet.mvc.method.AbstractHandlerMethodAdapter.handle(AbstractHandlerMethodAdapter.java:87)
	at org.springframework.web.servlet.DispatcherServlet.doDispatch(DispatcherServlet.java:1089)
	at org.springframework.web.servlet.DispatcherServlet.doService(DispatcherServlet.java:979)
	at org.springframework.web.servlet.FrameworkServlet.processRequest(FrameworkServlet.java:1014)
	at org.springframework.web.servlet.FrameworkServlet.doGet(FrameworkServlet.java:903)
	at jakarta.servlet.http.HttpServlet.service(HttpServlet.java:564)
	at org.springframework.web.servlet.FrameworkServlet.service(FrameworkServlet.java:885)
	at jakarta.servlet.http.HttpServlet.service(HttpServlet.java:658)
	at org.apache.catalina.core.ApplicationFilterChain.internalDoFilter(ApplicationFilterChain.java:205)
	at org.apache.catalina.core.ApplicationFilterChain.doFilter(ApplicationFilterChain.java:149)
	at org.apache.tomcat.websocket.server.WsFilter.doFilter(WsFilter.java:51)
	at org.apache.catalina.core.ApplicationFilterChain.internalDoFilter(ApplicationFilterChain.java:174)
	at org.apache.catalina.core.ApplicationFilterChain.doFilter(ApplicationFilterChain.java:149)
	at org.springframework.web.filter.CompositeFilter$VirtualFilterChain.doFilter(CompositeFilter.java:108)
	at org.springframework.security.web.FilterChainProxy.lambda$doFilterInternal$3(FilterChainProxy.java:231)
	at org.springframework.security.web.FilterChainProxy$VirtualFilterChain.doFilter(FilterChainProxy.java:365)
	at org.springframework.security.web.access.intercept.AuthorizationFilter.doFilter(AuthorizationFilter.java:100)
	at org.springframework.security.web.FilterChainProxy$VirtualFilterChain.doFilter(FilterChainProxy.java:374)
	at org.springframework.security.web.access.ExceptionTranslationFilter.doFilter(ExceptionTranslationFilter.java:126)
	at org.springframework.security.web.access.ExceptionTranslationFilter.doFilter(ExceptionTranslationFilter.java:120)
	at org.springframework.security.web.FilterChainProxy$VirtualFilterChain.doFilter(FilterChainProxy.java:374)
	at org.springframework.security.web.authentication.AnonymousAuthenticationFilter.doFilter(AnonymousAuthenticationFilter.java:100)
	at org.springframework.security.web.FilterChainProxy$VirtualFilterChain.doFilter(FilterChainProxy.java:374)
	at org.springframework.security.web.servletapi.SecurityContextHolderAwareRequestFilter.doFilter(SecurityContextHolderAwareRequestFilter.java:179)
	at org.springframework.security.web.FilterChainProxy$VirtualFilterChain.doFilter(FilterChainProxy.java:374)
	at org.springframework.security.web.savedrequest.RequestCacheAwareFilter.doFilter(RequestCacheAwareFilter.java:63)
	at org.springframework.security.web.FilterChainProxy$VirtualFilterChain.doFilter(FilterChainProxy.java:374)
	at org.springframework.security.web.authentication.AbstractAuthenticationProcessingFilter.doFilter(AbstractAuthenticationProcessingFilter.java:227)
	at org.springframework.security.web.authentication.AbstractAuthenticationProcessingFilter.doFilter(AbstractAuthenticationProcessingFilter.java:221)
	at org.springframework.security.web.FilterChainProxy$VirtualFilterChain.doFilter(FilterChainProxy.java:374)
	at org.springframework.security.web.authentication.logout.LogoutFilter.doFilter(LogoutFilter.java:107)
	at org.springframework.security.web.authentication.logout.LogoutFilter.doFilter(LogoutFilter.java:93)
	at org.springframework.security.web.FilterChainProxy$VirtualFilterChain.doFilter(FilterChainProxy.java:374)
	at org.springframework.web.filter.CorsFilter.doFilterInternal(CorsFilter.java:91)
	at org.springframework.web.filter.OncePerRequestFilter.doFilter(OncePerRequestFilter.java:116)
	at org.springframework.security.web.FilterChainProxy$VirtualFilterChain.doFilter(FilterChainProxy.java:374)
	at org.springframework.security.web.header.HeaderWriterFilter.doHeadersAfter(HeaderWriterFilter.java:90)
	at org.springframework.security.web.header.HeaderWriterFilter.doFilterInternal(HeaderWriterFilter.java:75)
	at org.springframework.web.filter.OncePerRequestFilter.doFilter(OncePerRequestFilter.java:116)
	at org.springframework.security.web.FilterChainProxy$VirtualFilterChain.doFilter(FilterChainProxy.java:374)
	at org.springframework.security.web.context.SecurityContextHolderFilter.doFilter(SecurityContextHolderFilter.java:82)
	at org.springframework.security.web.context.SecurityContextHolderFilter.doFilter(SecurityContextHolderFilter.java:69)
	at org.springframework.security.web.FilterChainProxy$VirtualFilterChain.doFilter(FilterChainProxy.java:374)
	at org.springframework.security.web.context.request.async.WebAsyncManagerIntegrationFilter.doFilterInternal(WebAsyncManagerIntegrationFilter.java:62)
	at org.springframework.web.filter.OncePerRequestFilter.doFilter(OncePerRequestFilter.java:116)
	at org.springframework.security.web.FilterChainProxy$VirtualFilterChain.doFilter(FilterChainProxy.java:374)
	at org.springframework.security.web.session.DisableEncodeUrlFilter.doFilterInternal(DisableEncodeUrlFilter.java:42)
	at org.springframework.web.filter.OncePerRequestFilter.doFilter(OncePerRequestFilter.java:116)
	at org.springframework.security.web.FilterChainProxy$VirtualFilterChain.doFilter(FilterChainProxy.java:374)
	at org.springframework.security.web.FilterChainProxy.doFilterInternal(FilterChainProxy.java:233)
	at org.springframework.security.web.FilterChainProxy.doFilter(FilterChainProxy.java:191)
	at org.springframework.web.filter.CompositeFilter$VirtualFilterChain.doFilter(CompositeFilter.java:113)
	at org.springframework.web.servlet.handler.HandlerMappingIntrospector.lambda$createCacheFilter$3(HandlerMappingIntrospector.java:195)
	at org.springframework.web.filter.CompositeFilter$VirtualFilterChain.doFilter(CompositeFilter.java:113)
	at org.springframework.web.filter.CompositeFilter.doFilter(CompositeFilter.java:74)
	at org.springframework.security.config.annotation.web.configuration.WebMvcSecurityConfiguration$CompositeFilterChainProxy.doFilter(WebMvcSecurityConfiguration.java:225)
	at org.springframework.web.filter.DelegatingFilterProxy.invokeDelegate(DelegatingFilterProxy.java:352)
	at org.springframework.web.filter.DelegatingFilterProxy.doFilter(DelegatingFilterProxy.java:268)
	at org.apache.catalina.core.ApplicationFilterChain.internalDoFilter(ApplicationFilterChain.java:174)
	at org.apache.catalina.core.ApplicationFilterChain.doFilter(ApplicationFilterChain.java:149)
	at org.springframework.web.filter.RequestContextFilter.doFilterInternal(RequestContextFilter.java:100)
	at org.springframework.web.filter.OncePerRequestFilter.doFilter(OncePerRequestFilter.java:116)
	at org.apache.catalina.core.ApplicationFilterChain.internalDoFilter(ApplicationFilterChain.java:174)
	at org.apache.catalina.core.ApplicationFilterChain.doFilter(ApplicationFilterChain.java:149)
	at org.springframework.web.filter.FormContentFilter.doFilterInternal(FormContentFilter.java:93)
	at org.springframework.web.filter.OncePerRequestFilter.doFilter(OncePerRequestFilter.java:116)
	at org.apache.catalina.core.ApplicationFilterChain.internalDoFilter(ApplicationFilterChain.java:174)
	at org.apache.catalina.core.ApplicationFilterChain.doFilter(ApplicationFilterChain.java:149)
	at org.springframework.web.filter.CharacterEncodingFilter.doFilterInternal(CharacterEncodingFilter.java:201)
	at org.springframework.web.filter.OncePerRequestFilter.doFilter(OncePerRequestFilter.java:116)
	at org.apache.catalina.core.ApplicationFilterChain.internalDoFilter(ApplicationFilterChain.java:174)
	at org.apache.catalina.core.ApplicationFilterChain.doFilter(ApplicationFilterChain.java:149)
	at org.apache.catalina.core.StandardWrapperValve.invoke(StandardWrapperValve.java:167)
	at org.apache.catalina.core.StandardContextValve.invoke(StandardContextValve.java:90)
	at org.apache.catalina.authenticator.AuthenticatorBase.invoke(AuthenticatorBase.java:482)
	at org.apache.catalina.core.StandardHostValve.invoke(StandardHostValve.java:115)
	at org.apache.catalina.valves.ErrorReportValve.invoke(ErrorReportValve.java:93)
	at org.apache.catalina.core.StandardEngineValve.invoke(StandardEngineValve.java:74)
	at org.apache.catalina.connector.CoyoteAdapter.service(CoyoteAdapter.java:340)
	at org.apache.coyote.http11.Http11Processor.service(Http11Processor.java:391)
	at org.apache.coyote.AbstractProcessorLight.process(AbstractProcessorLight.java:63)
	at org.apache.coyote.AbstractProtocol$ConnectionHandler.process(AbstractProtocol.java:896)
	at org.apache.tomcat.util.net.NioEndpoint$SocketProcessor.doRun(NioEndpoint.java:1744)
	at org.apache.tomcat.util.net.SocketProcessorBase.run(SocketProcessorBase.java:52)
	at org.apache.tomcat.util.threads.ThreadPoolExecutor.runWorker(ThreadPoolExecutor.java:1191)
	at org.apache.tomcat.util.threads.ThreadPoolExecutor$Worker.run(ThreadPoolExecutor.java:659)
	at org.apache.tomcat.util.threads.TaskThread$WrappingRunnable.run(TaskThread.java:61)
	at java.base/java.lang.Thread.run(Thread.java:1570)
Caused by: org.hibernate.exception.SQLGrammarException: JDBC exception executing SQL [select count(tb1_0.id) from thong_bao tb1_0 where tb1_0.tai_khoan_id=? and not(tb1_0.da_doc)] [Table 'qltv.thong_bao' doesn't exist] [n/a]
	at org.hibernate.exception.internal.SQLExceptionTypeDelegate.convert(SQLExceptionTypeDelegate.java:66)
	at org.hibernate.exception.internal.StandardSQLExceptionConverter.convert(StandardSQLExceptionConverter.java:58)
	at org.hibernate.engine.jdbc.spi.SqlExceptionHelper.convert(SqlExceptionHelper.java:108)
	at org.hibernate.engine.jdbc.spi.SqlExceptionHelper.convert(SqlExceptionHelper.java:94)
	at org.hibernate.sql.results.jdbc.internal.DeferredResultSetAccess.executeQuery(DeferredResultSetAccess.java:265)
	at org.hibernate.sql.results.jdbc.internal.DeferredResultSetAccess.getResultSet(DeferredResultSetAccess.java:167)
	at org.hibernate.sql.results.jdbc.internal.JdbcValuesResultSetImpl.advanceNext(JdbcValuesResultSetImpl.java:218)
	at org.hibernate.sql.results.jdbc.internal.JdbcValuesResultSetImpl.processNext(JdbcValuesResultSetImpl.java:98)
	at org.hibernate.sql.results.jdbc.internal.AbstractJdbcValues.next(AbstractJdbcValues.java:19)
	at org.hibernate.sql.results.internal.RowProcessingStateStandardImpl.next(RowProcessingStateStandardImpl.java:66)
	at org.hibernate.sql.results.spi.ListResultsConsumer.consume(ListResultsConsumer.java:203)
	at org.hibernate.sql.results.spi.ListResultsConsumer.consume(ListResultsConsumer.java:33)
	at org.hibernate.sql.exec.internal.JdbcSelectExecutorStandardImpl.doExecuteQuery(JdbcSelectExecutorStandardImpl.java:209)
	at org.hibernate.sql.exec.internal.JdbcSelectExecutorStandardImpl.executeQuery(JdbcSelectExecutorStandardImpl.java:83)
	at org.hibernate.sql.exec.spi.JdbcSelectExecutor.list(JdbcSelectExecutor.java:76)
	at org.hibernate.sql.exec.spi.JdbcSelectExecutor.list(JdbcSelectExecutor.java:65)
	at org.hibernate.query.sqm.internal.ConcreteSqmSelectQueryPlan.lambda$new$2(ConcreteSqmSelectQueryPlan.java:137)
	at org.hibernate.query.sqm.internal.ConcreteSqmSelectQueryPlan.withCacheableSqmInterpretation(ConcreteSqmSelectQueryPlan.java:359)
	at org.hibernate.query.sqm.internal.ConcreteSqmSelectQueryPlan.performList(ConcreteSqmSelectQueryPlan.java:300)
	at org.hibernate.query.sqm.internal.QuerySqmImpl.doList(QuerySqmImpl.java:509)
	at org.hibernate.query.spi.AbstractSelectionQuery.list(AbstractSelectionQuery.java:427)
	at org.hibernate.query.spi.AbstractSelectionQuery.getSingleResult(AbstractSelectionQuery.java:564)
	at org.springframework.data.jpa.repository.query.JpaQueryExecution$SingleEntityExecution.doExecute(JpaQueryExecution.java:223)
	at org.springframework.data.jpa.repository.query.JpaQueryExecution.execute(JpaQueryExecution.java:92)
	at org.springframework.data.jpa.repository.query.AbstractJpaQuery.doExecute(AbstractJpaQuery.java:149)
	at org.springframework.data.jpa.repository.query.AbstractJpaQuery.execute(AbstractJpaQuery.java:137)
	at org.springframework.data.repository.core.support.RepositoryMethodInvoker.doInvoke(RepositoryMethodInvoker.java:170)
	at org.springframework.data.repository.core.support.RepositoryMethodInvoker.invoke(RepositoryMethodInvoker.java:158)
	at org.springframework.data.repository.core.support.QueryExecutorMethodInterceptor.doInvoke(QueryExecutorMethodInterceptor.java:164)
	at org.springframework.data.repository.core.support.QueryExecutorMethodInterceptor.invoke(QueryExecutorMethodInterceptor.java:143)
	at org.springframework.aop.framework.ReflectiveMethodInvocation.proceed(ReflectiveMethodInvocation.java:184)
	at org.springframework.data.projection.DefaultMethodInvokingMethodInterceptor.invoke(DefaultMethodInvokingMethodInterceptor.java:70)
	at org.springframework.aop.framework.ReflectiveMethodInvocation.proceed(ReflectiveMethodInvocation.java:184)
	at org.springframework.transaction.interceptor.TransactionInterceptor$1.proceedWithInvocation(TransactionInterceptor.java:123)
	at org.springframework.transaction.interceptor.TransactionAspectSupport.invokeWithinTransaction(TransactionAspectSupport.java:385)
	at org.springframework.transaction.interceptor.TransactionInterceptor.invoke(TransactionInterceptor.java:119)
	at org.springframework.aop.framework.ReflectiveMethodInvocation.proceed(ReflectiveMethodInvocation.java:184)
	at org.springframework.dao.support.PersistenceExceptionTranslationInterceptor.invoke(PersistenceExceptionTranslationInterceptor.java:137)
	... 107 common frames omitted
Caused by: java.sql.SQLSyntaxErrorException: Table 'qltv.thong_bao' doesn't exist
	at com.mysql.cj.jdbc.exceptions.SQLError.createSQLException(SQLError.java:121)
	at com.mysql.cj.jdbc.exceptions.SQLExceptionsMapping.translateException(SQLExceptionsMapping.java:122)
	at com.mysql.cj.jdbc.ClientPreparedStatement.executeInternal(ClientPreparedStatement.java:912)
	at com.mysql.cj.jdbc.ClientPreparedStatement.executeQuery(ClientPreparedStatement.java:968)
	at com.zaxxer.hikari.pool.ProxyPreparedStatement.executeQuery(ProxyPreparedStatement.java:52)
	at com.zaxxer.hikari.pool.HikariProxyPreparedStatement.executeQuery(HikariProxyPreparedStatement.java)
	at org.hibernate.sql.results.jdbc.internal.DeferredResultSetAccess.executeQuery(DeferredResultSetAccess.java:246)
	... 140 common frames omitted
2026-04-20 21:47:44 [http-nio-8080-exec-5] WARN  o.s.w.s.m.m.a.ExceptionHandlerExceptionResolver - Resolved [org.springframework.dao.InvalidDataAccessResourceUsageException: JDBC exception executing SQL [select count(tb1_0.id) from thong_bao tb1_0 where tb1_0.tai_khoan_id=? and not(tb1_0.da_doc)] [Table 'qltv.thong_bao' doesn't exist] [n/a]; SQL [n/a]]
2026-04-20 21:47:44 [http-nio-8080-exec-5] DEBUG o.s.web.servlet.DispatcherServlet - Using resolved error view: ModelAndView [view="redirect:http://localhost:8080/login"; model={}]
2026-04-20 21:47:44 [http-nio-8080-exec-5] DEBUG o.s.web.servlet.view.RedirectView - View name 'redirect:', model {}
2026-04-20 21:47:44 [http-nio-8080-exec-5] DEBUG o.s.web.servlet.DispatcherServlet - Completed 302 FOUND
2026-04-20 21:48:01 [http-nio-8080-exec-9] DEBUG o.s.security.web.FilterChainProxy - Securing GET /login
2026-04-20 21:48:01 [http-nio-8080-exec-9] DEBUG o.s.security.web.FilterChainProxy - Secured GET /login
2026-04-20 21:48:01 [http-nio-8080-exec-9] DEBUG o.s.web.servlet.DispatcherServlet - GET "/login", parameters={}
2026-04-20 21:48:01 [http-nio-8080-exec-9] DEBUG o.s.w.s.m.m.a.RequestMappingHandlerMapping - Mapped to com.example.library.controller.AuthController#loginPage(String, String, String, String, Model)
2026-04-20 21:48:01 [http-nio-8080-exec-9] DEBUG o.s.s.w.c.HttpSessionSecurityContextRepository - Retrieved SecurityContextImpl [Authentication=UsernamePasswordAuthenticationToken [Principal=org.springframework.security.core.userdetails.User [Username=Tanphong, Password=[PROTECTED], Enabled=true, AccountNonExpired=true, CredentialsNonExpired=true, AccountNonLocked=true, Granted Authorities=[ROLE_KHACHHANG]], Credentials=[PROTECTED], Authenticated=true, Details=WebAuthenticationDetails [RemoteIpAddress=0:0:0:0:0:0:0:1, SessionId=null], Granted Authorities=[ROLE_KHACHHANG]]]
2026-04-20 21:48:01 [http-nio-8080-exec-9] DEBUG org.hibernate.SQL - 
    select
        tk1_0.matk,
        tk1_0.avatar,
        tk1_0.diachi,
        tk1_0.email,
        tk1_0.hoten,
        tk1_0.ngaytao,
        tk1_0.password,
        tk1_0.quyen,
        tk1_0.reset_token,
        tk1_0.sodienthoai,
        tk1_0.trangthai,
        tk1_0.username 
    from
        taikhoan tk1_0 
    where
        tk1_0.username=?
2026-04-20 21:48:01 [http-nio-8080-exec-9] DEBUG org.hibernate.SQL - 
    select
        count(tb1_0.id) 
    from
        thong_bao tb1_0 
    where
        tb1_0.tai_khoan_id=? 
        and not(tb1_0.da_doc)
2026-04-20 21:48:01 [http-nio-8080-exec-9] WARN  o.h.e.jdbc.spi.SqlExceptionHelper - SQL Error: 1146, SQLState: 42S02
2026-04-20 21:48:01 [http-nio-8080-exec-9] ERROR o.h.e.jdbc.spi.SqlExceptionHelper - Table 'qltv.thong_bao' doesn't exist
2026-04-20 21:48:01 [http-nio-8080-exec-9] DEBUG o.s.w.s.m.m.a.ExceptionHandlerExceptionResolver - Using @ExceptionHandler com.example.library.exception.GlobalExceptionHandler#handleGeneralException(Exception, HttpServletRequest, RedirectAttributes)
2026-04-20 21:48:01 [http-nio-8080-exec-9] ERROR c.e.l.e.GlobalExceptionHandler - Lỗi không lường trước xảy ra tại URL: http://localhost:8080/login. Chi tiết: 
org.springframework.dao.InvalidDataAccessResourceUsageException: JDBC exception executing SQL [select count(tb1_0.id) from thong_bao tb1_0 where tb1_0.tai_khoan_id=? and not(tb1_0.da_doc)] [Table 'qltv.thong_bao' doesn't exist] [n/a]; SQL [n/a]
	at org.springframework.orm.jpa.vendor.HibernateJpaDialect.convertHibernateAccessException(HibernateJpaDialect.java:277)
	at org.springframework.orm.jpa.vendor.HibernateJpaDialect.translateExceptionIfPossible(HibernateJpaDialect.java:241)
	at org.springframework.orm.jpa.AbstractEntityManagerFactoryBean.translateExceptionIfPossible(AbstractEntityManagerFactoryBean.java:550)
	at org.springframework.dao.support.ChainedPersistenceExceptionTranslator.translateExceptionIfPossible(ChainedPersistenceExceptionTranslator.java:61)
	at org.springframework.dao.support.DataAccessUtils.translateIfNecessary(DataAccessUtils.java:335)
	at org.springframework.dao.support.PersistenceExceptionTranslationInterceptor.invoke(PersistenceExceptionTranslationInterceptor.java:152)
	at org.springframework.aop.framework.ReflectiveMethodInvocation.proceed(ReflectiveMethodInvocation.java:184)
	at org.springframework.data.jpa.repository.support.CrudMethodMetadataPostProcessor$CrudMethodMetadataPopulatingMethodInterceptor.invoke(CrudMethodMetadataPostProcessor.java:135)
	at org.springframework.aop.framework.ReflectiveMethodInvocation.proceed(ReflectiveMethodInvocation.java:184)
	at org.springframework.aop.interceptor.ExposeInvocationInterceptor.invoke(ExposeInvocationInterceptor.java:97)
	at org.springframework.aop.framework.ReflectiveMethodInvocation.proceed(ReflectiveMethodInvocation.java:184)
	at org.springframework.aop.framework.JdkDynamicAopProxy.invoke(JdkDynamicAopProxy.java:220)
	at jdk.proxy4/jdk.proxy4.$Proxy138.countByTaiKhoanIdAndDaDocFalse(Unknown Source)
	at com.example.library.service.NotificationService.getUnreadCount(NotificationService.java:70)
	at com.example.library.controller.GlobalControllerAdvice.lambda$getUnreadCount$0(GlobalControllerAdvice.java:27)
	at java.base/java.util.Optional.map(Optional.java:260)
	at com.example.library.controller.GlobalControllerAdvice.getUnreadCount(GlobalControllerAdvice.java:27)
	at java.base/jdk.internal.reflect.DirectMethodHandleAccessor.invoke(DirectMethodHandleAccessor.java:103)
	at java.base/java.lang.reflect.Method.invoke(Method.java:580)
	at org.springframework.web.method.support.InvocableHandlerMethod.doInvoke(InvocableHandlerMethod.java:261)
	at org.springframework.web.method.support.InvocableHandlerMethod.invokeForRequest(InvocableHandlerMethod.java:189)
	at org.springframework.web.method.annotation.ModelFactory.invokeModelAttributeMethods(ModelFactory.java:143)
	at org.springframework.web.method.annotation.ModelFactory.initModel(ModelFactory.java:112)
	at org.springframework.web.servlet.mvc.method.annotation.RequestMappingHandlerAdapter.invokeHandlerMethod(RequestMappingHandlerAdapter.java:894)
	at org.springframework.web.servlet.mvc.method.annotation.RequestMappingHandlerAdapter.handleInternal(RequestMappingHandlerAdapter.java:829)
	at org.springframework.web.servlet.mvc.method.AbstractHandlerMethodAdapter.handle(AbstractHandlerMethodAdapter.java:87)
	at org.springframework.web.servlet.DispatcherServlet.doDispatch(DispatcherServlet.java:1089)
	at org.springframework.web.servlet.DispatcherServlet.doService(DispatcherServlet.java:979)
	at org.springframework.web.servlet.FrameworkServlet.processRequest(FrameworkServlet.java:1014)
	at org.springframework.web.servlet.FrameworkServlet.doGet(FrameworkServlet.java:903)
	at jakarta.servlet.http.HttpServlet.service(HttpServlet.java:564)
	at org.springframework.web.servlet.FrameworkServlet.service(FrameworkServlet.java:885)
	at jakarta.servlet.http.HttpServlet.service(HttpServlet.java:658)
	at org.apache.catalina.core.ApplicationFilterChain.internalDoFilter(ApplicationFilterChain.java:205)
	at org.apache.catalina.core.ApplicationFilterChain.doFilter(ApplicationFilterChain.java:149)
	at org.apache.tomcat.websocket.server.WsFilter.doFilter(WsFilter.java:51)
	at org.apache.catalina.core.ApplicationFilterChain.internalDoFilter(ApplicationFilterChain.java:174)
	at org.apache.catalina.core.ApplicationFilterChain.doFilter(ApplicationFilterChain.java:149)
	at org.springframework.web.filter.CompositeFilter$VirtualFilterChain.doFilter(CompositeFilter.java:108)
	at org.springframework.security.web.FilterChainProxy.lambda$doFilterInternal$3(FilterChainProxy.java:231)
	at org.springframework.security.web.FilterChainProxy$VirtualFilterChain.doFilter(FilterChainProxy.java:365)
	at org.springframework.security.web.access.intercept.AuthorizationFilter.doFilter(AuthorizationFilter.java:100)
	at org.springframework.security.web.FilterChainProxy$VirtualFilterChain.doFilter(FilterChainProxy.java:374)
	at org.springframework.security.web.access.ExceptionTranslationFilter.doFilter(ExceptionTranslationFilter.java:126)
	at org.springframework.security.web.access.ExceptionTranslationFilter.doFilter(ExceptionTranslationFilter.java:120)
	at org.springframework.security.web.FilterChainProxy$VirtualFilterChain.doFilter(FilterChainProxy.java:374)
	at org.springframework.security.web.authentication.AnonymousAuthenticationFilter.doFilter(AnonymousAuthenticationFilter.java:100)
	at org.springframework.security.web.FilterChainProxy$VirtualFilterChain.doFilter(FilterChainProxy.java:374)
	at org.springframework.security.web.servletapi.SecurityContextHolderAwareRequestFilter.doFilter(SecurityContextHolderAwareRequestFilter.java:179)
	at org.springframework.security.web.FilterChainProxy$VirtualFilterChain.doFilter(FilterChainProxy.java:374)
	at org.springframework.security.web.savedrequest.RequestCacheAwareFilter.doFilter(RequestCacheAwareFilter.java:63)
	at org.springframework.security.web.FilterChainProxy$VirtualFilterChain.doFilter(FilterChainProxy.java:374)
	at org.springframework.security.web.authentication.AbstractAuthenticationProcessingFilter.doFilter(AbstractAuthenticationProcessingFilter.java:227)
	at org.springframework.security.web.authentication.AbstractAuthenticationProcessingFilter.doFilter(AbstractAuthenticationProcessingFilter.java:221)
	at org.springframework.security.web.FilterChainProxy$VirtualFilterChain.doFilter(FilterChainProxy.java:374)
	at org.springframework.security.web.authentication.logout.LogoutFilter.doFilter(LogoutFilter.java:107)
	at org.springframework.security.web.authentication.logout.LogoutFilter.doFilter(LogoutFilter.java:93)
	at org.springframework.security.web.FilterChainProxy$VirtualFilterChain.doFilter(FilterChainProxy.java:374)
	at org.springframework.web.filter.CorsFilter.doFilterInternal(CorsFilter.java:91)
	at org.springframework.web.filter.OncePerRequestFilter.doFilter(OncePerRequestFilter.java:116)
	at org.springframework.security.web.FilterChainProxy$VirtualFilterChain.doFilter(FilterChainProxy.java:374)
	at org.springframework.security.web.header.HeaderWriterFilter.doHeadersAfter(HeaderWriterFilter.java:90)
	at org.springframework.security.web.header.HeaderWriterFilter.doFilterInternal(HeaderWriterFilter.java:75)
	at org.springframework.web.filter.OncePerRequestFilter.doFilter(OncePerRequestFilter.java:116)
	at org.springframework.security.web.FilterChainProxy$VirtualFilterChain.doFilter(FilterChainProxy.java:374)
	at org.springframework.security.web.context.SecurityContextHolderFilter.doFilter(SecurityContextHolderFilter.java:82)
	at org.springframework.security.web.context.SecurityContextHolderFilter.doFilter(SecurityContextHolderFilter.java:69)
	at org.springframework.security.web.FilterChainProxy$VirtualFilterChain.doFilter(FilterChainProxy.java:374)
	at org.springframework.security.web.context.request.async.WebAsyncManagerIntegrationFilter.doFilterInternal(WebAsyncManagerIntegrationFilter.java:62)
	at org.springframework.web.filter.OncePerRequestFilter.doFilter(OncePerRequestFilter.java:116)
	at org.springframework.security.web.FilterChainProxy$VirtualFilterChain.doFilter(FilterChainProxy.java:374)
	at org.springframework.security.web.session.DisableEncodeUrlFilter.doFilterInternal(DisableEncodeUrlFilter.java:42)
	at org.springframework.web.filter.OncePerRequestFilter.doFilter(OncePerRequestFilter.java:116)
	at org.springframework.security.web.FilterChainProxy$VirtualFilterChain.doFilter(FilterChainProxy.java:374)
	at org.springframework.security.web.FilterChainProxy.doFilterInternal(FilterChainProxy.java:233)
	at org.springframework.security.web.FilterChainProxy.doFilter(FilterChainProxy.java:191)
	at org.springframework.web.filter.CompositeFilter$VirtualFilterChain.doFilter(CompositeFilter.java:113)
	at org.springframework.web.servlet.handler.HandlerMappingIntrospector.lambda$createCacheFilter$3(HandlerMappingIntrospector.java:195)
	at org.springframework.web.filter.CompositeFilter$VirtualFilterChain.doFilter(CompositeFilter.java:113)
	at org.springframework.web.filter.CompositeFilter.doFilter(CompositeFilter.java:74)
	at org.springframework.security.config.annotation.web.configuration.WebMvcSecurityConfiguration$CompositeFilterChainProxy.doFilter(WebMvcSecurityConfiguration.java:225)
	at org.springframework.web.filter.DelegatingFilterProxy.invokeDelegate(DelegatingFilterProxy.java:352)
	at org.springframework.web.filter.DelegatingFilterProxy.doFilter(DelegatingFilterProxy.java:268)
	at org.apache.catalina.core.ApplicationFilterChain.internalDoFilter(ApplicationFilterChain.java:174)
	at org.apache.catalina.core.ApplicationFilterChain.doFilter(ApplicationFilterChain.java:149)
	at org.springframework.web.filter.RequestContextFilter.doFilterInternal(RequestContextFilter.java:100)
	at org.springframework.web.filter.OncePerRequestFilter.doFilter(OncePerRequestFilter.java:116)
	at org.apache.catalina.core.ApplicationFilterChain.internalDoFilter(ApplicationFilterChain.java:174)
	at org.apache.catalina.core.ApplicationFilterChain.doFilter(ApplicationFilterChain.java:149)
	at org.springframework.web.filter.FormContentFilter.doFilterInternal(FormContentFilter.java:93)
	at org.springframework.web.filter.OncePerRequestFilter.doFilter(OncePerRequestFilter.java:116)
	at org.apache.catalina.core.ApplicationFilterChain.internalDoFilter(ApplicationFilterChain.java:174)
	at org.apache.catalina.core.ApplicationFilterChain.doFilter(ApplicationFilterChain.java:149)
	at org.springframework.web.filter.CharacterEncodingFilter.doFilterInternal(CharacterEncodingFilter.java:201)
	at org.springframework.web.filter.OncePerRequestFilter.doFilter(OncePerRequestFilter.java:116)
	at org.apache.catalina.core.ApplicationFilterChain.internalDoFilter(ApplicationFilterChain.java:174)
	at org.apache.catalina.core.ApplicationFilterChain.doFilter(ApplicationFilterChain.java:149)
	at org.apache.catalina.core.StandardWrapperValve.invoke(StandardWrapperValve.java:167)
	at org.apache.catalina.core.StandardContextValve.invoke(StandardContextValve.java:90)
	at org.apache.catalina.authenticator.AuthenticatorBase.invoke(AuthenticatorBase.java:482)
	at org.apache.catalina.core.StandardHostValve.invoke(StandardHostValve.java:115)
	at org.apache.catalina.valves.ErrorReportValve.invoke(ErrorReportValve.java:93)
	at org.apache.catalina.core.StandardEngineValve.invoke(StandardEngineValve.java:74)
	at org.apache.catalina.connector.CoyoteAdapter.service(CoyoteAdapter.java:340)
	at org.apache.coyote.http11.Http11Processor.service(Http11Processor.java:391)
	at org.apache.coyote.AbstractProcessorLight.process(AbstractProcessorLight.java:63)
	at org.apache.coyote.AbstractProtocol$ConnectionHandler.process(AbstractProtocol.java:896)
	at org.apache.tomcat.util.net.NioEndpoint$SocketProcessor.doRun(NioEndpoint.java:1744)
	at org.apache.tomcat.util.net.SocketProcessorBase.run(SocketProcessorBase.java:52)
	at org.apache.tomcat.util.threads.ThreadPoolExecutor.runWorker(ThreadPoolExecutor.java:1191)
	at org.apache.tomcat.util.threads.ThreadPoolExecutor$Worker.run(ThreadPoolExecutor.java:659)
	at org.apache.tomcat.util.threads.TaskThread$WrappingRunnable.run(TaskThread.java:61)
	at java.base/java.lang.Thread.run(Thread.java:1570)
Caused by: org.hibernate.exception.SQLGrammarException: JDBC exception executing SQL [select count(tb1_0.id) from thong_bao tb1_0 where tb1_0.tai_khoan_id=? and not(tb1_0.da_doc)] [Table 'qltv.thong_bao' doesn't exist] [n/a]
	at org.hibernate.exception.internal.SQLExceptionTypeDelegate.convert(SQLExceptionTypeDelegate.java:66)
	at org.hibernate.exception.internal.StandardSQLExceptionConverter.convert(StandardSQLExceptionConverter.java:58)
	at org.hibernate.engine.jdbc.spi.SqlExceptionHelper.convert(SqlExceptionHelper.java:108)
	at org.hibernate.engine.jdbc.spi.SqlExceptionHelper.convert(SqlExceptionHelper.java:94)
	at org.hibernate.sql.results.jdbc.internal.DeferredResultSetAccess.executeQuery(DeferredResultSetAccess.java:265)
	at org.hibernate.sql.results.jdbc.internal.DeferredResultSetAccess.getResultSet(DeferredResultSetAccess.java:167)
	at org.hibernate.sql.results.jdbc.internal.JdbcValuesResultSetImpl.advanceNext(JdbcValuesResultSetImpl.java:218)
	at org.hibernate.sql.results.jdbc.internal.JdbcValuesResultSetImpl.processNext(JdbcValuesResultSetImpl.java:98)
	at org.hibernate.sql.results.jdbc.internal.AbstractJdbcValues.next(AbstractJdbcValues.java:19)
	at org.hibernate.sql.results.internal.RowProcessingStateStandardImpl.next(RowProcessingStateStandardImpl.java:66)
	at org.hibernate.sql.results.spi.ListResultsConsumer.consume(ListResultsConsumer.java:203)
	at org.hibernate.sql.results.spi.ListResultsConsumer.consume(ListResultsConsumer.java:33)
	at org.hibernate.sql.exec.internal.JdbcSelectExecutorStandardImpl.doExecuteQuery(JdbcSelectExecutorStandardImpl.java:209)
	at org.hibernate.sql.exec.internal.JdbcSelectExecutorStandardImpl.executeQuery(JdbcSelectExecutorStandardImpl.java:83)
	at org.hibernate.sql.exec.spi.JdbcSelectExecutor.list(JdbcSelectExecutor.java:76)
	at org.hibernate.sql.exec.spi.JdbcSelectExecutor.list(JdbcSelectExecutor.java:65)
	at org.hibernate.query.sqm.internal.ConcreteSqmSelectQueryPlan.lambda$new$2(ConcreteSqmSelectQueryPlan.java:137)
	at org.hibernate.query.sqm.internal.ConcreteSqmSelectQueryPlan.withCacheableSqmInterpretation(ConcreteSqmSelectQueryPlan.java:359)
	at org.hibernate.query.sqm.internal.ConcreteSqmSelectQueryPlan.performList(ConcreteSqmSelectQueryPlan.java:300)
	at org.hibernate.query.sqm.internal.QuerySqmImpl.doList(QuerySqmImpl.java:509)
	at org.hibernate.query.spi.AbstractSelectionQuery.list(AbstractSelectionQuery.java:427)
	at org.hibernate.query.spi.AbstractSelectionQuery.getSingleResult(AbstractSelectionQuery.java:564)
	at org.springframework.data.jpa.repository.query.JpaQueryExecution$SingleEntityExecution.doExecute(JpaQueryExecution.java:223)
	at org.springframework.data.jpa.repository.query.JpaQueryExecution.execute(JpaQueryExecution.java:92)
	at org.springframework.data.jpa.repository.query.AbstractJpaQuery.doExecute(AbstractJpaQuery.java:149)
	at org.springframework.data.jpa.repository.query.AbstractJpaQuery.execute(AbstractJpaQuery.java:137)
	at org.springframework.data.repository.core.support.RepositoryMethodInvoker.doInvoke(RepositoryMethodInvoker.java:170)
	at org.springframework.data.repository.core.support.RepositoryMethodInvoker.invoke(RepositoryMethodInvoker.java:158)
	at org.springframework.data.repository.core.support.QueryExecutorMethodInterceptor.doInvoke(QueryExecutorMethodInterceptor.java:164)
	at org.springframework.data.repository.core.support.QueryExecutorMethodInterceptor.invoke(QueryExecutorMethodInterceptor.java:143)
	at org.springframework.aop.framework.ReflectiveMethodInvocation.proceed(ReflectiveMethodInvocation.java:184)
	at org.springframework.data.projection.DefaultMethodInvokingMethodInterceptor.invoke(DefaultMethodInvokingMethodInterceptor.java:70)
	at org.springframework.aop.framework.ReflectiveMethodInvocation.proceed(ReflectiveMethodInvocation.java:184)
	at org.springframework.transaction.interceptor.TransactionInterceptor$1.proceedWithInvocation(TransactionInterceptor.java:123)
	at org.springframework.transaction.interceptor.TransactionAspectSupport.invokeWithinTransaction(TransactionAspectSupport.java:385)
	at org.springframework.transaction.interceptor.TransactionInterceptor.invoke(TransactionInterceptor.java:119)
	at org.springframework.aop.framework.ReflectiveMethodInvocation.proceed(ReflectiveMethodInvocation.java:184)
	at org.springframework.dao.support.PersistenceExceptionTranslationInterceptor.invoke(PersistenceExceptionTranslationInterceptor.java:137)
	... 107 common frames omitted
Caused by: java.sql.SQLSyntaxErrorException: Table 'qltv.thong_bao' doesn't exist
	at com.mysql.cj.jdbc.exceptions.SQLError.createSQLException(SQLError.java:121)
	at com.mysql.cj.jdbc.exceptions.SQLExceptionsMapping.translateException(SQLExceptionsMapping.java:122)
	at com.mysql.cj.jdbc.ClientPreparedStatement.executeInternal(ClientPreparedStatement.java:912)
	at com.mysql.cj.jdbc.ClientPreparedStatement.executeQuery(ClientPreparedStatement.java:968)
	at com.zaxxer.hikari.pool.ProxyPreparedStatement.executeQuery(ProxyPreparedStatement.java:52)
	at com.zaxxer.hikari.pool.HikariProxyPreparedStatement.executeQuery(HikariProxyPreparedStatement.java)
	at org.hibernate.sql.results.jdbc.internal.DeferredResultSetAccess.executeQuery(DeferredResultSetAccess.java:246)
	... 140 common frames omitted
2026-04-20 21:48:01 [http-nio-8080-exec-9] WARN  o.s.w.s.m.m.a.ExceptionHandlerExceptionResolver - Resolved [org.springframework.dao.InvalidDataAccessResourceUsageException: JDBC exception executing SQL [select count(tb1_0.id) from thong_bao tb1_0 where tb1_0.tai_khoan_id=? and not(tb1_0.da_doc)] [Table 'qltv.thong_bao' doesn't exist] [n/a]; SQL [n/a]]
2026-04-20 21:48:01 [http-nio-8080-exec-9] DEBUG o.s.web.servlet.DispatcherServlet - Using resolved error view: ModelAndView [view="redirect:http://localhost:8080/login"; model={}]
2026-04-20 21:48:01 [http-nio-8080-exec-9] DEBUG o.s.web.servlet.view.RedirectView - View name 'redirect:', model {}
2026-04-20 21:48:01 [http-nio-8080-exec-9] DEBUG o.s.web.servlet.DispatcherServlet - Completed 302 FOUND
2026-04-20 21:48:01 [http-nio-8080-exec-8] DEBUG o.s.security.web.FilterChainProxy - Securing GET /login
2026-04-20 21:48:01 [http-nio-8080-exec-8] DEBUG o.s.security.web.FilterChainProxy - Secured GET /login
2026-04-20 21:48:01 [http-nio-8080-exec-8] DEBUG o.s.web.servlet.DispatcherServlet - GET "/login", parameters={}
2026-04-20 21:48:01 [http-nio-8080-exec-8] DEBUG o.s.w.s.m.m.a.RequestMappingHandlerMapping - Mapped to com.example.library.controller.AuthController#loginPage(String, String, String, String, Model)
2026-04-20 21:48:01 [http-nio-8080-exec-8] DEBUG o.s.s.w.c.HttpSessionSecurityContextRepository - Retrieved SecurityContextImpl [Authentication=UsernamePasswordAuthenticationToken [Principal=org.springframework.security.core.userdetails.User [Username=Tanphong, Password=[PROTECTED], Enabled=true, AccountNonExpired=true, CredentialsNonExpired=true, AccountNonLocked=true, Granted Authorities=[ROLE_KHACHHANG]], Credentials=[PROTECTED], Authenticated=true, Details=WebAuthenticationDetails [RemoteIpAddress=0:0:0:0:0:0:0:1, SessionId=null], Granted Authorities=[ROLE_KHACHHANG]]]
2026-04-20 21:48:01 [http-nio-8080-exec-8] DEBUG org.hibernate.SQL - 
    select
        tk1_0.matk,
        tk1_0.avatar,
        tk1_0.diachi,
        tk1_0.email,
        tk1_0.hoten,
        tk1_0.ngaytao,
        tk1_0.password,
        tk1_0.quyen,
        tk1_0.reset_token,
        tk1_0.sodienthoai,
        tk1_0.trangthai,
        tk1_0.username 
    from
        taikhoan tk1_0 
    where
        tk1_0.username=?
2026-04-20 21:48:01 [http-nio-8080-exec-8] DEBUG org.hibernate.SQL - 
    select
        count(tb1_0.id) 
    from
        thong_bao tb1_0 
    where
        tb1_0.tai_khoan_id=? 
        and not(tb1_0.da_doc)
2026-04-20 21:48:01 [http-nio-8080-exec-8] WARN  o.h.e.jdbc.spi.SqlExceptionHelper - SQL Error: 1146, SQLState: 42S02
2026-04-20 21:48:01 [http-nio-8080-exec-8] ERROR o.h.e.jdbc.spi.SqlExceptionHelper - Table 'qltv.thong_bao' doesn't exist
2026-04-20 21:48:01 [http-nio-8080-exec-8] DEBUG o.s.w.s.m.m.a.ExceptionHandlerExceptionResolver - Using @ExceptionHandler com.example.library.exception.GlobalExceptionHandler#handleGeneralException(Exception, HttpServletRequest, RedirectAttributes)
2026-04-20 21:48:01 [http-nio-8080-exec-8] ERROR c.e.l.e.GlobalExceptionHandler - Lỗi không lường trước xảy ra tại URL: http://localhost:8080/login. Chi tiết: 
org.springframework.dao.InvalidDataAccessResourceUsageException: JDBC exception executing SQL [select count(tb1_0.id) from thong_bao tb1_0 where tb1_0.tai_khoan_id=? and not(tb1_0.da_doc)] [Table 'qltv.thong_bao' doesn't exist] [n/a]; SQL [n/a]
	at org.springframework.orm.jpa.vendor.HibernateJpaDialect.convertHibernateAccessException(HibernateJpaDialect.java:277)
	at org.springframework.orm.jpa.vendor.HibernateJpaDialect.translateExceptionIfPossible(HibernateJpaDialect.java:241)
	at org.springframework.orm.jpa.AbstractEntityManagerFactoryBean.translateExceptionIfPossible(AbstractEntityManagerFactoryBean.java:550)
	at org.springframework.dao.support.ChainedPersistenceExceptionTranslator.translateExceptionIfPossible(ChainedPersistenceExceptionTranslator.java:61)
	at org.springframework.dao.support.DataAccessUtils.translateIfNecessary(DataAccessUtils.java:335)
	at org.springframework.dao.support.PersistenceExceptionTranslationInterceptor.invoke(PersistenceExceptionTranslationInterceptor.java:152)
	at org.springframework.aop.framework.ReflectiveMethodInvocation.proceed(ReflectiveMethodInvocation.java:184)
	at org.springframework.data.jpa.repository.support.CrudMethodMetadataPostProcessor$CrudMethodMetadataPopulatingMethodInterceptor.invoke(CrudMethodMetadataPostProcessor.java:135)
	at org.springframework.aop.framework.ReflectiveMethodInvocation.proceed(ReflectiveMethodInvocation.java:184)
	at org.springframework.aop.interceptor.ExposeInvocationInterceptor.invoke(ExposeInvocationInterceptor.java:97)
	at org.springframework.aop.framework.ReflectiveMethodInvocation.proceed(ReflectiveMethodInvocation.java:184)
	at org.springframework.aop.framework.JdkDynamicAopProxy.invoke(JdkDynamicAopProxy.java:220)
	at jdk.proxy4/jdk.proxy4.$Proxy138.countByTaiKhoanIdAndDaDocFalse(Unknown Source)
	at com.example.library.service.NotificationService.getUnreadCount(NotificationService.java:70)
	at com.example.library.controller.GlobalControllerAdvice.lambda$getUnreadCount$0(GlobalControllerAdvice.java:27)
	at java.base/java.util.Optional.map(Optional.java:260)
	at com.example.library.controller.GlobalControllerAdvice.getUnreadCount(GlobalControllerAdvice.java:27)
	at java.base/jdk.internal.reflect.DirectMethodHandleAccessor.invoke(DirectMethodHandleAccessor.java:103)
	at java.base/java.lang.reflect.Method.invoke(Method.java:580)
	at org.springframework.web.method.support.InvocableHandlerMethod.doInvoke(InvocableHandlerMethod.java:261)
	at org.springframework.web.method.support.InvocableHandlerMethod.invokeForRequest(InvocableHandlerMethod.java:189)
	at org.springframework.web.method.annotation.ModelFactory.invokeModelAttributeMethods(ModelFactory.java:143)
	at org.springframework.web.method.annotation.ModelFactory.initModel(ModelFactory.java:112)
	at org.springframework.web.servlet.mvc.method.annotation.RequestMappingHandlerAdapter.invokeHandlerMethod(RequestMappingHandlerAdapter.java:894)
	at org.springframework.web.servlet.mvc.method.annotation.RequestMappingHandlerAdapter.handleInternal(RequestMappingHandlerAdapter.java:829)
	at org.springframework.web.servlet.mvc.method.AbstractHandlerMethodAdapter.handle(AbstractHandlerMethodAdapter.java:87)
	at org.springframework.web.servlet.DispatcherServlet.doDispatch(DispatcherServlet.java:1089)
	at org.springframework.web.servlet.DispatcherServlet.doService(DispatcherServlet.java:979)
	at org.springframework.web.servlet.FrameworkServlet.processRequest(FrameworkServlet.java:1014)
	at org.springframework.web.servlet.FrameworkServlet.doGet(FrameworkServlet.java:903)
	at jakarta.servlet.http.HttpServlet.service(HttpServlet.java:564)
	at org.springframework.web.servlet.FrameworkServlet.service(FrameworkServlet.java:885)
	at jakarta.servlet.http.HttpServlet.service(HttpServlet.java:658)
	at org.apache.catalina.core.ApplicationFilterChain.internalDoFilter(ApplicationFilterChain.java:205)
	at org.apache.catalina.core.ApplicationFilterChain.doFilter(ApplicationFilterChain.java:149)
	at org.apache.tomcat.websocket.server.WsFilter.doFilter(WsFilter.java:51)
	at org.apache.catalina.core.ApplicationFilterChain.internalDoFilter(ApplicationFilterChain.java:174)
	at org.apache.catalina.core.ApplicationFilterChain.doFilter(ApplicationFilterChain.java:149)
	at org.springframework.web.filter.CompositeFilter$VirtualFilterChain.doFilter(CompositeFilter.java:108)
	at org.springframework.security.web.FilterChainProxy.lambda$doFilterInternal$3(FilterChainProxy.java:231)
	at org.springframework.security.web.FilterChainProxy$VirtualFilterChain.doFilter(FilterChainProxy.java:365)
	at org.springframework.security.web.access.intercept.AuthorizationFilter.doFilter(AuthorizationFilter.java:100)
	at org.springframework.security.web.FilterChainProxy$VirtualFilterChain.doFilter(FilterChainProxy.java:374)
	at org.springframework.security.web.access.ExceptionTranslationFilter.doFilter(ExceptionTranslationFilter.java:126)
	at org.springframework.security.web.access.ExceptionTranslationFilter.doFilter(ExceptionTranslationFilter.java:120)
	at org.springframework.security.web.FilterChainProxy$VirtualFilterChain.doFilter(FilterChainProxy.java:374)
	at org.springframework.security.web.authentication.AnonymousAuthenticationFilter.doFilter(AnonymousAuthenticationFilter.java:100)
	at org.springframework.security.web.FilterChainProxy$VirtualFilterChain.doFilter(FilterChainProxy.java:374)
	at org.springframework.security.web.servletapi.SecurityContextHolderAwareRequestFilter.doFilter(SecurityContextHolderAwareRequestFilter.java:179)
	at org.springframework.security.web.FilterChainProxy$VirtualFilterChain.doFilter(FilterChainProxy.java:374)
	at org.springframework.security.web.savedrequest.RequestCacheAwareFilter.doFilter(RequestCacheAwareFilter.java:63)
	at org.springframework.security.web.FilterChainProxy$VirtualFilterChain.doFilter(FilterChainProxy.java:374)
	at org.springframework.security.web.authentication.AbstractAuthenticationProcessingFilter.doFilter(AbstractAuthenticationProcessingFilter.java:227)
	at org.springframework.security.web.authentication.AbstractAuthenticationProcessingFilter.doFilter(AbstractAuthenticationProcessingFilter.java:221)
	at org.springframework.security.web.FilterChainProxy$VirtualFilterChain.doFilter(FilterChainProxy.java:374)
	at org.springframework.security.web.authentication.logout.LogoutFilter.doFilter(LogoutFilter.java:107)
	at org.springframework.security.web.authentication.logout.LogoutFilter.doFilter(LogoutFilter.java:93)
	at org.springframework.security.web.FilterChainProxy$VirtualFilterChain.doFilter(FilterChainProxy.java:374)
	at org.springframework.web.filter.CorsFilter.doFilterInternal(CorsFilter.java:91)
	at org.springframework.web.filter.OncePerRequestFilter.doFilter(OncePerRequestFilter.java:116)
	at org.springframework.security.web.FilterChainProxy$VirtualFilterChain.doFilter(FilterChainProxy.java:374)
	at org.springframework.security.web.header.HeaderWriterFilter.doHeadersAfter(HeaderWriterFilter.java:90)
	at org.springframework.security.web.header.HeaderWriterFilter.doFilterInternal(HeaderWriterFilter.java:75)
	at org.springframework.web.filter.OncePerRequestFilter.doFilter(OncePerRequestFilter.java:116)
	at org.springframework.security.web.FilterChainProxy$VirtualFilterChain.doFilter(FilterChainProxy.java:374)
	at org.springframework.security.web.context.SecurityContextHolderFilter.doFilter(SecurityContextHolderFilter.java:82)
	at org.springframework.security.web.context.SecurityContextHolderFilter.doFilter(SecurityContextHolderFilter.java:69)
	at org.springframework.security.web.FilterChainProxy$VirtualFilterChain.doFilter(FilterChainProxy.java:374)
	at org.springframework.security.web.context.request.async.WebAsyncManagerIntegrationFilter.doFilterInternal(WebAsyncManagerIntegrationFilter.java:62)
	at org.springframework.web.filter.OncePerRequestFilter.doFilter(OncePerRequestFilter.java:116)
	at org.springframework.security.web.FilterChainProxy$VirtualFilterChain.doFilter(FilterChainProxy.java:374)
	at org.springframework.security.web.session.DisableEncodeUrlFilter.doFilterInternal(DisableEncodeUrlFilter.java:42)
	at org.springframework.web.filter.OncePerRequestFilter.doFilter(OncePerRequestFilter.java:116)
	at org.springframework.security.web.FilterChainProxy$VirtualFilterChain.doFilter(FilterChainProxy.java:374)
	at org.springframework.security.web.FilterChainProxy.doFilterInternal(FilterChainProxy.java:233)
	at org.springframework.security.web.FilterChainProxy.doFilter(FilterChainProxy.java:191)
	at org.springframework.web.filter.CompositeFilter$VirtualFilterChain.doFilter(CompositeFilter.java:113)
	at org.springframework.web.servlet.handler.HandlerMappingIntrospector.lambda$createCacheFilter$3(HandlerMappingIntrospector.java:195)
	at org.springframework.web.filter.CompositeFilter$VirtualFilterChain.doFilter(CompositeFilter.java:113)
	at org.springframework.web.filter.CompositeFilter.doFilter(CompositeFilter.java:74)
	at org.springframework.security.config.annotation.web.configuration.WebMvcSecurityConfiguration$CompositeFilterChainProxy.doFilter(WebMvcSecurityConfiguration.java:225)
	at org.springframework.web.filter.DelegatingFilterProxy.invokeDelegate(DelegatingFilterProxy.java:352)
	at org.springframework.web.filter.DelegatingFilterProxy.doFilter(DelegatingFilterProxy.java:268)
	at org.apache.catalina.core.ApplicationFilterChain.internalDoFilter(ApplicationFilterChain.java:174)
	at org.apache.catalina.core.ApplicationFilterChain.doFilter(ApplicationFilterChain.java:149)
	at org.springframework.web.filter.RequestContextFilter.doFilterInternal(RequestContextFilter.java:100)
	at org.springframework.web.filter.OncePerRequestFilter.doFilter(OncePerRequestFilter.java:116)
	at org.apache.catalina.core.ApplicationFilterChain.internalDoFilter(ApplicationFilterChain.java:174)
	at org.apache.catalina.core.ApplicationFilterChain.doFilter(ApplicationFilterChain.java:149)
	at org.springframework.web.filter.FormContentFilter.doFilterInternal(FormContentFilter.java:93)
	at org.springframework.web.filter.OncePerRequestFilter.doFilter(OncePerRequestFilter.java:116)
	at org.apache.catalina.core.ApplicationFilterChain.internalDoFilter(ApplicationFilterChain.java:174)
	at org.apache.catalina.core.ApplicationFilterChain.doFilter(ApplicationFilterChain.java:149)
	at org.springframework.web.filter.CharacterEncodingFilter.doFilterInternal(CharacterEncodingFilter.java:201)
	at org.springframework.web.filter.OncePerRequestFilter.doFilter(OncePerRequestFilter.java:116)
	at org.apache.catalina.core.ApplicationFilterChain.internalDoFilter(ApplicationFilterChain.java:174)
	at org.apache.catalina.core.ApplicationFilterChain.doFilter(ApplicationFilterChain.java:149)
	at org.apache.catalina.core.StandardWrapperValve.invoke(StandardWrapperValve.java:167)
	at org.apache.catalina.core.StandardContextValve.invoke(StandardContextValve.java:90)
	at org.apache.catalina.authenticator.AuthenticatorBase.invoke(AuthenticatorBase.java:482)
	at org.apache.catalina.core.StandardHostValve.invoke(StandardHostValve.java:115)
	at org.apache.catalina.valves.ErrorReportValve.invoke(ErrorReportValve.java:93)
	at org.apache.catalina.core.StandardEngineValve.invoke(StandardEngineValve.java:74)
	at org.apache.catalina.connector.CoyoteAdapter.service(CoyoteAdapter.java:340)
	at org.apache.coyote.http11.Http11Processor.service(Http11Processor.java:391)
	at org.apache.coyote.AbstractProcessorLight.process(AbstractProcessorLight.java:63)
	at org.apache.coyote.AbstractProtocol$ConnectionHandler.process(AbstractProtocol.java:896)
	at org.apache.tomcat.util.net.NioEndpoint$SocketProcessor.doRun(NioEndpoint.java:1744)
	at org.apache.tomcat.util.net.SocketProcessorBase.run(SocketProcessorBase.java:52)
	at org.apache.tomcat.util.threads.ThreadPoolExecutor.runWorker(ThreadPoolExecutor.java:1191)
	at org.apache.tomcat.util.threads.ThreadPoolExecutor$Worker.run(ThreadPoolExecutor.java:659)
	at org.apache.tomcat.util.threads.TaskThread$WrappingRunnable.run(TaskThread.java:61)
	at java.base/java.lang.Thread.run(Thread.java:1570)
Caused by: org.hibernate.exception.SQLGrammarException: JDBC exception executing SQL [select count(tb1_0.id) from thong_bao tb1_0 where tb1_0.tai_khoan_id=? and not(tb1_0.da_doc)] [Table 'qltv.thong_bao' doesn't exist] [n/a]
	at org.hibernate.exception.internal.SQLExceptionTypeDelegate.convert(SQLExceptionTypeDelegate.java:66)
	at org.hibernate.exception.internal.StandardSQLExceptionConverter.convert(StandardSQLExceptionConverter.java:58)
	at org.hibernate.engine.jdbc.spi.SqlExceptionHelper.convert(SqlExceptionHelper.java:108)
	at org.hibernate.engine.jdbc.spi.SqlExceptionHelper.convert(SqlExceptionHelper.java:94)
	at org.hibernate.sql.results.jdbc.internal.DeferredResultSetAccess.executeQuery(DeferredResultSetAccess.java:265)
	at org.hibernate.sql.results.jdbc.internal.DeferredResultSetAccess.getResultSet(DeferredResultSetAccess.java:167)
	at org.hibernate.sql.results.jdbc.internal.JdbcValuesResultSetImpl.advanceNext(JdbcValuesResultSetImpl.java:218)
	at org.hibernate.sql.results.jdbc.internal.JdbcValuesResultSetImpl.processNext(JdbcValuesResultSetImpl.java:98)
	at org.hibernate.sql.results.jdbc.internal.AbstractJdbcValues.next(AbstractJdbcValues.java:19)
	at org.hibernate.sql.results.internal.RowProcessingStateStandardImpl.next(RowProcessingStateStandardImpl.java:66)
	at org.hibernate.sql.results.spi.ListResultsConsumer.consume(ListResultsConsumer.java:203)
	at org.hibernate.sql.results.spi.ListResultsConsumer.consume(ListResultsConsumer.java:33)
	at org.hibernate.sql.exec.internal.JdbcSelectExecutorStandardImpl.doExecuteQuery(JdbcSelectExecutorStandardImpl.java:209)
	at org.hibernate.sql.exec.internal.JdbcSelectExecutorStandardImpl.executeQuery(JdbcSelectExecutorStandardImpl.java:83)
	at org.hibernate.sql.exec.spi.JdbcSelectExecutor.list(JdbcSelectExecutor.java:76)
	at org.hibernate.sql.exec.spi.JdbcSelectExecutor.list(JdbcSelectExecutor.java:65)
	at org.hibernate.query.sqm.internal.ConcreteSqmSelectQueryPlan.lambda$new$2(ConcreteSqmSelectQueryPlan.java:137)
	at org.hibernate.query.sqm.internal.ConcreteSqmSelectQueryPlan.withCacheableSqmInterpretation(ConcreteSqmSelectQueryPlan.java:359)
	at org.hibernate.query.sqm.internal.ConcreteSqmSelectQueryPlan.performList(ConcreteSqmSelectQueryPlan.java:300)
	at org.hibernate.query.sqm.internal.QuerySqmImpl.doList(QuerySqmImpl.java:509)
	at org.hibernate.query.spi.AbstractSelectionQuery.list(AbstractSelectionQuery.java:427)
	at org.hibernate.query.spi.AbstractSelectionQuery.getSingleResult(AbstractSelectionQuery.java:564)
	at org.springframework.data.jpa.repository.query.JpaQueryExecution$SingleEntityExecution.doExecute(JpaQueryExecution.java:223)
	at org.springframework.data.jpa.repository.query.JpaQueryExecution.execute(JpaQueryExecution.java:92)
	at org.springframework.data.jpa.repository.query.AbstractJpaQuery.doExecute(AbstractJpaQuery.java:149)
	at org.springframework.data.jpa.repository.query.AbstractJpaQuery.execute(AbstractJpaQuery.java:137)
	at org.springframework.data.repository.core.support.RepositoryMethodInvoker.doInvoke(RepositoryMethodInvoker.java:170)
	at org.springframework.data.repository.core.support.RepositoryMethodInvoker.invoke(RepositoryMethodInvoker.java:158)
	at org.springframework.data.repository.core.support.QueryExecutorMethodInterceptor.doInvoke(QueryExecutorMethodInterceptor.java:164)
	at org.springframework.data.repository.core.support.QueryExecutorMethodInterceptor.invoke(QueryExecutorMethodInterceptor.java:143)
	at org.springframework.aop.framework.ReflectiveMethodInvocation.proceed(ReflectiveMethodInvocation.java:184)
	at org.springframework.data.projection.DefaultMethodInvokingMethodInterceptor.invoke(DefaultMethodInvokingMethodInterceptor.java:70)
	at org.springframework.aop.framework.ReflectiveMethodInvocation.proceed(ReflectiveMethodInvocation.java:184)
	at org.springframework.transaction.interceptor.TransactionInterceptor$1.proceedWithInvocation(TransactionInterceptor.java:123)
	at org.springframework.transaction.interceptor.TransactionAspectSupport.invokeWithinTransaction(TransactionAspectSupport.java:385)
	at org.springframework.transaction.interceptor.TransactionInterceptor.invoke(TransactionInterceptor.java:119)
	at org.springframework.aop.framework.ReflectiveMethodInvocation.proceed(ReflectiveMethodInvocation.java:184)
	at org.springframework.dao.support.PersistenceExceptionTranslationInterceptor.invoke(PersistenceExceptionTranslationInterceptor.java:137)
	... 107 common frames omitted
Caused by: java.sql.SQLSyntaxErrorException: Table 'qltv.thong_bao' doesn't exist
	at com.mysql.cj.jdbc.exceptions.SQLError.createSQLException(SQLError.java:121)
	at com.mysql.cj.jdbc.exceptions.SQLExceptionsMapping.translateException(SQLExceptionsMapping.java:122)
	at com.mysql.cj.jdbc.ClientPreparedStatement.executeInternal(ClientPreparedStatement.java:912)
	at com.mysql.cj.jdbc.ClientPreparedStatement.executeQuery(ClientPreparedStatement.java:968)
	at com.zaxxer.hikari.pool.ProxyPreparedStatement.executeQuery(ProxyPreparedStatement.java:52)
	at com.zaxxer.hikari.pool.HikariProxyPreparedStatement.executeQuery(HikariProxyPreparedStatement.java)
	at org.hibernate.sql.results.jdbc.internal.DeferredResultSetAccess.executeQuery(DeferredResultSetAccess.java:246)
	... 140 common frames omitted
2026-04-20 21:48:01 [http-nio-8080-exec-8] WARN  o.s.w.s.m.m.a.ExceptionHandlerExceptionResolver - Resolved [org.springframework.dao.InvalidDataAccessResourceUsageException: JDBC exception executing SQL [select count(tb1_0.id) from thong_bao tb1_0 where tb1_0.tai_khoan_id=? and not(tb1_0.da_doc)] [Table 'qltv.thong_bao' doesn't exist] [n/a]; SQL [n/a]]
2026-04-20 21:48:01 [http-nio-8080-exec-8] DEBUG o.s.web.servlet.DispatcherServlet - Using resolved error view: ModelAndView [view="redirect:http://localhost:8080/login"; model={}]
2026-04-20 21:48:01 [http-nio-8080-exec-8] DEBUG o.s.web.servlet.view.RedirectView - View name 'redirect:', model {}
2026-04-20 21:48:01 [http-nio-8080-exec-8] DEBUG o.s.web.servlet.DispatcherServlet - Completed 302 FOUND
2026-04-20 21:48:01 [http-nio-8080-exec-6] DEBUG o.s.security.web.FilterChainProxy - Securing GET /login
2026-04-20 21:48:01 [http-nio-8080-exec-6] DEBUG o.s.security.web.FilterChainProxy - Secured GET /login
2026-04-20 21:48:01 [http-nio-8080-exec-6] DEBUG o.s.web.servlet.DispatcherServlet - GET "/login", parameters={}
2026-04-20 21:48:01 [http-nio-8080-exec-6] DEBUG o.s.w.s.m.m.a.RequestMappingHandlerMapping - Mapped to com.example.library.controller.AuthController#loginPage(String, String, String, String, Model)
2026-04-20 21:48:01 [http-nio-8080-exec-6] DEBUG o.s.s.w.c.HttpSessionSecurityContextRepository - Retrieved SecurityContextImpl [Authentication=UsernamePasswordAuthenticationToken [Principal=org.springframework.security.core.userdetails.User [Username=Tanphong, Password=[PROTECTED], Enabled=true, AccountNonExpired=true, CredentialsNonExpired=true, AccountNonLocked=true, Granted Authorities=[ROLE_KHACHHANG]], Credentials=[PROTECTED], Authenticated=true, Details=WebAuthenticationDetails [RemoteIpAddress=0:0:0:0:0:0:0:1, SessionId=null], Granted Authorities=[ROLE_KHACHHANG]]]
2026-04-20 21:48:01 [http-nio-8080-exec-6] DEBUG org.hibernate.SQL - 
    select
        tk1_0.matk,
        tk1_0.avatar,
        tk1_0.diachi,
        tk1_0.email,
        tk1_0.hoten,
        tk1_0.ngaytao,
        tk1_0.password,
        tk1_0.quyen,
        tk1_0.reset_token,
        tk1_0.sodienthoai,
        tk1_0.trangthai,
        tk1_0.username 
    from
        taikhoan tk1_0 
    where
        tk1_0.username=?
2026-04-20 21:48:01 [http-nio-8080-exec-6] DEBUG org.hibernate.SQL - 
    select
        count(tb1_0.id) 
    from
        thong_bao tb1_0 
    where
        tb1_0.tai_khoan_id=? 
        and not(tb1_0.da_doc)
2026-04-20 21:48:01 [http-nio-8080-exec-6] WARN  o.h.e.jdbc.spi.SqlExceptionHelper - SQL Error: 1146, SQLState: 42S02
2026-04-20 21:48:01 [http-nio-8080-exec-6] ERROR o.h.e.jdbc.spi.SqlExceptionHelper - Table 'qltv.thong_bao' doesn't exist
2026-04-20 21:48:01 [http-nio-8080-exec-6] DEBUG o.s.w.s.m.m.a.ExceptionHandlerExceptionResolver - Using @ExceptionHandler com.example.library.exception.GlobalExceptionHandler#handleGeneralException(Exception, HttpServletRequest, RedirectAttributes)
2026-04-20 21:48:01 [http-nio-8080-exec-6] ERROR c.e.l.e.GlobalExceptionHandler - Lỗi không lường trước xảy ra tại URL: http://localhost:8080/login. Chi tiết: 
org.springframework.dao.InvalidDataAccessResourceUsageException: JDBC exception executing SQL [select count(tb1_0.id) from thong_bao tb1_0 where tb1_0.tai_khoan_id=? and not(tb1_0.da_doc)] [Table 'qltv.thong_bao' doesn't exist] [n/a]; SQL [n/a]
	at org.springframework.orm.jpa.vendor.HibernateJpaDialect.convertHibernateAccessException(HibernateJpaDialect.java:277)
	at org.springframework.orm.jpa.vendor.HibernateJpaDialect.translateExceptionIfPossible(HibernateJpaDialect.java:241)
	at org.springframework.orm.jpa.AbstractEntityManagerFactoryBean.translateExceptionIfPossible(AbstractEntityManagerFactoryBean.java:550)
	at org.springframework.dao.support.ChainedPersistenceExceptionTranslator.translateExceptionIfPossible(ChainedPersistenceExceptionTranslator.java:61)
	at org.springframework.dao.support.DataAccessUtils.translateIfNecessary(DataAccessUtils.java:335)
	at org.springframework.dao.support.PersistenceExceptionTranslationInterceptor.invoke(PersistenceExceptionTranslationInterceptor.java:152)
	at org.springframework.aop.framework.ReflectiveMethodInvocation.proceed(ReflectiveMethodInvocation.java:184)
	at org.springframework.data.jpa.repository.support.CrudMethodMetadataPostProcessor$CrudMethodMetadataPopulatingMethodInterceptor.invoke(CrudMethodMetadataPostProcessor.java:135)
	at org.springframework.aop.framework.ReflectiveMethodInvocation.proceed(ReflectiveMethodInvocation.java:184)
	at org.springframework.aop.interceptor.ExposeInvocationInterceptor.invoke(ExposeInvocationInterceptor.java:97)
	at org.springframework.aop.framework.ReflectiveMethodInvocation.proceed(ReflectiveMethodInvocation.java:184)
	at org.springframework.aop.framework.JdkDynamicAopProxy.invoke(JdkDynamicAopProxy.java:220)
	at jdk.proxy4/jdk.proxy4.$Proxy138.countByTaiKhoanIdAndDaDocFalse(Unknown Source)
	at com.example.library.service.NotificationService.getUnreadCount(NotificationService.java:70)
	at com.example.library.controller.GlobalControllerAdvice.lambda$getUnreadCount$0(GlobalControllerAdvice.java:27)
	at java.base/java.util.Optional.map(Optional.java:260)
	at com.example.library.controller.GlobalControllerAdvice.getUnreadCount(GlobalControllerAdvice.java:27)
	at java.base/jdk.internal.reflect.DirectMethodHandleAccessor.invoke(DirectMethodHandleAccessor.java:103)
	at java.base/java.lang.reflect.Method.invoke(Method.java:580)
	at org.springframework.web.method.support.InvocableHandlerMethod.doInvoke(InvocableHandlerMethod.java:261)
	at org.springframework.web.method.support.InvocableHandlerMethod.invokeForRequest(InvocableHandlerMethod.java:189)
	at org.springframework.web.method.annotation.ModelFactory.invokeModelAttributeMethods(ModelFactory.java:143)
	at org.springframework.web.method.annotation.ModelFactory.initModel(ModelFactory.java:112)
	at org.springframework.web.servlet.mvc.method.annotation.RequestMappingHandlerAdapter.invokeHandlerMethod(RequestMappingHandlerAdapter.java:894)
	at org.springframework.web.servlet.mvc.method.annotation.RequestMappingHandlerAdapter.handleInternal(RequestMappingHandlerAdapter.java:829)
	at org.springframework.web.servlet.mvc.method.AbstractHandlerMethodAdapter.handle(AbstractHandlerMethodAdapter.java:87)
	at org.springframework.web.servlet.DispatcherServlet.doDispatch(DispatcherServlet.java:1089)
	at org.springframework.web.servlet.DispatcherServlet.doService(DispatcherServlet.java:979)
	at org.springframework.web.servlet.FrameworkServlet.processRequest(FrameworkServlet.java:1014)
	at org.springframework.web.servlet.FrameworkServlet.doGet(FrameworkServlet.java:903)
	at jakarta.servlet.http.HttpServlet.service(HttpServlet.java:564)
	at org.springframework.web.servlet.FrameworkServlet.service(FrameworkServlet.java:885)
	at jakarta.servlet.http.HttpServlet.service(HttpServlet.java:658)
	at org.apache.catalina.core.ApplicationFilterChain.internalDoFilter(ApplicationFilterChain.java:205)
	at org.apache.catalina.core.ApplicationFilterChain.doFilter(ApplicationFilterChain.java:149)
	at org.apache.tomcat.websocket.server.WsFilter.doFilter(WsFilter.java:51)
	at org.apache.catalina.core.ApplicationFilterChain.internalDoFilter(ApplicationFilterChain.java:174)
	at org.apache.catalina.core.ApplicationFilterChain.doFilter(ApplicationFilterChain.java:149)
	at org.springframework.web.filter.CompositeFilter$VirtualFilterChain.doFilter(CompositeFilter.java:108)
	at org.springframework.security.web.FilterChainProxy.lambda$doFilterInternal$3(FilterChainProxy.java:231)
	at org.springframework.security.web.FilterChainProxy$VirtualFilterChain.doFilter(FilterChainProxy.java:365)
	at org.springframework.security.web.access.intercept.AuthorizationFilter.doFilter(AuthorizationFilter.java:100)
	at org.springframework.security.web.FilterChainProxy$VirtualFilterChain.doFilter(FilterChainProxy.java:374)
	at org.springframework.security.web.access.ExceptionTranslationFilter.doFilter(ExceptionTranslationFilter.java:126)
	at org.springframework.security.web.access.ExceptionTranslationFilter.doFilter(ExceptionTranslationFilter.java:120)
	at org.springframework.security.web.FilterChainProxy$VirtualFilterChain.doFilter(FilterChainProxy.java:374)
	at org.springframework.security.web.authentication.AnonymousAuthenticationFilter.doFilter(AnonymousAuthenticationFilter.java:100)
	at org.springframework.security.web.FilterChainProxy$VirtualFilterChain.doFilter(FilterChainProxy.java:374)
	at org.springframework.security.web.servletapi.SecurityContextHolderAwareRequestFilter.doFilter(SecurityContextHolderAwareRequestFilter.java:179)
	at org.springframework.security.web.FilterChainProxy$VirtualFilterChain.doFilter(FilterChainProxy.java:374)
	at org.springframework.security.web.savedrequest.RequestCacheAwareFilter.doFilter(RequestCacheAwareFilter.java:63)
	at org.springframework.security.web.FilterChainProxy$VirtualFilterChain.doFilter(FilterChainProxy.java:374)
	at org.springframework.security.web.authentication.AbstractAuthenticationProcessingFilter.doFilter(AbstractAuthenticationProcessingFilter.java:227)
	at org.springframework.security.web.authentication.AbstractAuthenticationProcessingFilter.doFilter(AbstractAuthenticationProcessingFilter.java:221)
	at org.springframework.security.web.FilterChainProxy$VirtualFilterChain.doFilter(FilterChainProxy.java:374)
	at org.springframework.security.web.authentication.logout.LogoutFilter.doFilter(LogoutFilter.java:107)
	at org.springframework.security.web.authentication.logout.LogoutFilter.doFilter(LogoutFilter.java:93)
	at org.springframework.security.web.FilterChainProxy$VirtualFilterChain.doFilter(FilterChainProxy.java:374)
	at org.springframework.web.filter.CorsFilter.doFilterInternal(CorsFilter.java:91)
	at org.springframework.web.filter.OncePerRequestFilter.doFilter(OncePerRequestFilter.java:116)
	at org.springframework.security.web.FilterChainProxy$VirtualFilterChain.doFilter(FilterChainProxy.java:374)
	at org.springframework.security.web.header.HeaderWriterFilter.doHeadersAfter(HeaderWriterFilter.java:90)
	at org.springframework.security.web.header.HeaderWriterFilter.doFilterInternal(HeaderWriterFilter.java:75)
	at org.springframework.web.filter.OncePerRequestFilter.doFilter(OncePerRequestFilter.java:116)
	at org.springframework.security.web.FilterChainProxy$VirtualFilterChain.doFilter(FilterChainProxy.java:374)
	at org.springframework.security.web.context.SecurityContextHolderFilter.doFilter(SecurityContextHolderFilter.java:82)
	at org.springframework.security.web.context.SecurityContextHolderFilter.doFilter(SecurityContextHolderFilter.java:69)
	at org.springframework.security.web.FilterChainProxy$VirtualFilterChain.doFilter(FilterChainProxy.java:374)
	at org.springframework.security.web.context.request.async.WebAsyncManagerIntegrationFilter.doFilterInternal(WebAsyncManagerIntegrationFilter.java:62)
	at org.springframework.web.filter.OncePerRequestFilter.doFilter(OncePerRequestFilter.java:116)
	at org.springframework.security.web.FilterChainProxy$VirtualFilterChain.doFilter(FilterChainProxy.java:374)
	at org.springframework.security.web.session.DisableEncodeUrlFilter.doFilterInternal(DisableEncodeUrlFilter.java:42)
	at org.springframework.web.filter.OncePerRequestFilter.doFilter(OncePerRequestFilter.java:116)
	at org.springframework.security.web.FilterChainProxy$VirtualFilterChain.doFilter(FilterChainProxy.java:374)
	at org.springframework.security.web.FilterChainProxy.doFilterInternal(FilterChainProxy.java:233)
	at org.springframework.security.web.FilterChainProxy.doFilter(FilterChainProxy.java:191)
	at org.springframework.web.filter.CompositeFilter$VirtualFilterChain.doFilter(CompositeFilter.java:113)
	at org.springframework.web.servlet.handler.HandlerMappingIntrospector.lambda$createCacheFilter$3(HandlerMappingIntrospector.java:195)
	at org.springframework.web.filter.CompositeFilter$VirtualFilterChain.doFilter(CompositeFilter.java:113)
	at org.springframework.web.filter.CompositeFilter.doFilter(CompositeFilter.java:74)
	at org.springframework.security.config.annotation.web.configuration.WebMvcSecurityConfiguration$CompositeFilterChainProxy.doFilter(WebMvcSecurityConfiguration.java:225)
	at org.springframework.web.filter.DelegatingFilterProxy.invokeDelegate(DelegatingFilterProxy.java:352)
	at org.springframework.web.filter.DelegatingFilterProxy.doFilter(DelegatingFilterProxy.java:268)
	at org.apache.catalina.core.ApplicationFilterChain.internalDoFilter(ApplicationFilterChain.java:174)
	at org.apache.catalina.core.ApplicationFilterChain.doFilter(ApplicationFilterChain.java:149)
	at org.springframework.web.filter.RequestContextFilter.doFilterInternal(RequestContextFilter.java:100)
	at org.springframework.web.filter.OncePerRequestFilter.doFilter(OncePerRequestFilter.java:116)
	at org.apache.catalina.core.ApplicationFilterChain.internalDoFilter(ApplicationFilterChain.java:174)
	at org.apache.catalina.core.ApplicationFilterChain.doFilter(ApplicationFilterChain.java:149)
	at org.springframework.web.filter.FormContentFilter.doFilterInternal(FormContentFilter.java:93)
	at org.springframework.web.filter.OncePerRequestFilter.doFilter(OncePerRequestFilter.java:116)
	at org.apache.catalina.core.ApplicationFilterChain.internalDoFilter(ApplicationFilterChain.java:174)
	at org.apache.catalina.core.ApplicationFilterChain.doFilter(ApplicationFilterChain.java:149)
	at org.springframework.web.filter.CharacterEncodingFilter.doFilterInternal(CharacterEncodingFilter.java:201)
	at org.springframework.web.filter.OncePerRequestFilter.doFilter(OncePerRequestFilter.java:116)
	at org.apache.catalina.core.ApplicationFilterChain.internalDoFilter(ApplicationFilterChain.java:174)
	at org.apache.catalina.core.ApplicationFilterChain.doFilter(ApplicationFilterChain.java:149)
	at org.apache.catalina.core.StandardWrapperValve.invoke(StandardWrapperValve.java:167)
	at org.apache.catalina.core.StandardContextValve.invoke(StandardContextValve.java:90)
	at org.apache.catalina.authenticator.AuthenticatorBase.invoke(AuthenticatorBase.java:482)
	at org.apache.catalina.core.StandardHostValve.invoke(StandardHostValve.java:115)
	at org.apache.catalina.valves.ErrorReportValve.invoke(ErrorReportValve.java:93)
	at org.apache.catalina.core.StandardEngineValve.invoke(StandardEngineValve.java:74)
	at org.apache.catalina.connector.CoyoteAdapter.service(CoyoteAdapter.java:340)
	at org.apache.coyote.http11.Http11Processor.service(Http11Processor.java:391)
	at org.apache.coyote.AbstractProcessorLight.process(AbstractProcessorLight.java:63)
	at org.apache.coyote.AbstractProtocol$ConnectionHandler.process(AbstractProtocol.java:896)
	at org.apache.tomcat.util.net.NioEndpoint$SocketProcessor.doRun(NioEndpoint.java:1744)
	at org.apache.tomcat.util.net.SocketProcessorBase.run(SocketProcessorBase.java:52)
	at org.apache.tomcat.util.threads.ThreadPoolExecutor.runWorker(ThreadPoolExecutor.java:1191)
	at org.apache.tomcat.util.threads.ThreadPoolExecutor$Worker.run(ThreadPoolExecutor.java:659)
	at org.apache.tomcat.util.threads.TaskThread$WrappingRunnable.run(TaskThread.java:61)
	at java.base/java.lang.Thread.run(Thread.java:1570)
Caused by: org.hibernate.exception.SQLGrammarException: JDBC exception executing SQL [select count(tb1_0.id) from thong_bao tb1_0 where tb1_0.tai_khoan_id=? and not(tb1_0.da_doc)] [Table 'qltv.thong_bao' doesn't exist] [n/a]
	at org.hibernate.exception.internal.SQLExceptionTypeDelegate.convert(SQLExceptionTypeDelegate.java:66)
	at org.hibernate.exception.internal.StandardSQLExceptionConverter.convert(StandardSQLExceptionConverter.java:58)
	at org.hibernate.engine.jdbc.spi.SqlExceptionHelper.convert(SqlExceptionHelper.java:108)
	at org.hibernate.engine.jdbc.spi.SqlExceptionHelper.convert(SqlExceptionHelper.java:94)
	at org.hibernate.sql.results.jdbc.internal.DeferredResultSetAccess.executeQuery(DeferredResultSetAccess.java:265)
	at org.hibernate.sql.results.jdbc.internal.DeferredResultSetAccess.getResultSet(DeferredResultSetAccess.java:167)
	at org.hibernate.sql.results.jdbc.internal.JdbcValuesResultSetImpl.advanceNext(JdbcValuesResultSetImpl.java:218)
	at org.hibernate.sql.results.jdbc.internal.JdbcValuesResultSetImpl.processNext(JdbcValuesResultSetImpl.java:98)
	at org.hibernate.sql.results.jdbc.internal.AbstractJdbcValues.next(AbstractJdbcValues.java:19)
	at org.hibernate.sql.results.internal.RowProcessingStateStandardImpl.next(RowProcessingStateStandardImpl.java:66)
	at org.hibernate.sql.results.spi.ListResultsConsumer.consume(ListResultsConsumer.java:203)
	at org.hibernate.sql.results.spi.ListResultsConsumer.consume(ListResultsConsumer.java:33)
	at org.hibernate.sql.exec.internal.JdbcSelectExecutorStandardImpl.doExecuteQuery(JdbcSelectExecutorStandardImpl.java:209)
	at org.hibernate.sql.exec.internal.JdbcSelectExecutorStandardImpl.executeQuery(JdbcSelectExecutorStandardImpl.java:83)
	at org.hibernate.sql.exec.spi.JdbcSelectExecutor.list(JdbcSelectExecutor.java:76)
	at org.hibernate.sql.exec.spi.JdbcSelectExecutor.list(JdbcSelectExecutor.java:65)
	at org.hibernate.query.sqm.internal.ConcreteSqmSelectQueryPlan.lambda$new$2(ConcreteSqmSelectQueryPlan.java:137)
	at org.hibernate.query.sqm.internal.ConcreteSqmSelectQueryPlan.withCacheableSqmInterpretation(ConcreteSqmSelectQueryPlan.java:359)
	at org.hibernate.query.sqm.internal.ConcreteSqmSelectQueryPlan.performList(ConcreteSqmSelectQueryPlan.java:300)
	at org.hibernate.query.sqm.internal.QuerySqmImpl.doList(QuerySqmImpl.java:509)
	at org.hibernate.query.spi.AbstractSelectionQuery.list(AbstractSelectionQuery.java:427)
	at org.hibernate.query.spi.AbstractSelectionQuery.getSingleResult(AbstractSelectionQuery.java:564)
	at org.springframework.data.jpa.repository.query.JpaQueryExecution$SingleEntityExecution.doExecute(JpaQueryExecution.java:223)
	at org.springframework.data.jpa.repository.query.JpaQueryExecution.execute(JpaQueryExecution.java:92)
	at org.springframework.data.jpa.repository.query.AbstractJpaQuery.doExecute(AbstractJpaQuery.java:149)
	at org.springframework.data.jpa.repository.query.AbstractJpaQuery.execute(AbstractJpaQuery.java:137)
	at org.springframework.data.repository.core.support.RepositoryMethodInvoker.doInvoke(RepositoryMethodInvoker.java:170)
	at org.springframework.data.repository.core.support.RepositoryMethodInvoker.invoke(RepositoryMethodInvoker.java:158)
	at org.springframework.data.repository.core.support.QueryExecutorMethodInterceptor.doInvoke(QueryExecutorMethodInterceptor.java:164)
	at org.springframework.data.repository.core.support.QueryExecutorMethodInterceptor.invoke(QueryExecutorMethodInterceptor.java:143)
	at org.springframework.aop.framework.ReflectiveMethodInvocation.proceed(ReflectiveMethodInvocation.java:184)
	at org.springframework.data.projection.DefaultMethodInvokingMethodInterceptor.invoke(DefaultMethodInvokingMethodInterceptor.java:70)
	at org.springframework.aop.framework.ReflectiveMethodInvocation.proceed(ReflectiveMethodInvocation.java:184)
	at org.springframework.transaction.interceptor.TransactionInterceptor$1.proceedWithInvocation(TransactionInterceptor.java:123)
	at org.springframework.transaction.interceptor.TransactionAspectSupport.invokeWithinTransaction(TransactionAspectSupport.java:385)
	at org.springframework.transaction.interceptor.TransactionInterceptor.invoke(TransactionInterceptor.java:119)
	at org.springframework.aop.framework.ReflectiveMethodInvocation.proceed(ReflectiveMethodInvocation.java:184)
	at org.springframework.dao.support.PersistenceExceptionTranslationInterceptor.invoke(PersistenceExceptionTranslationInterceptor.java:137)
	... 107 common frames omitted
Caused by: java.sql.SQLSyntaxErrorException: Table 'qltv.thong_bao' doesn't exist
	at com.mysql.cj.jdbc.exceptions.SQLError.createSQLException(SQLError.java:121)
	at com.mysql.cj.jdbc.exceptions.SQLExceptionsMapping.translateException(SQLExceptionsMapping.java:122)
	at com.mysql.cj.jdbc.ClientPreparedStatement.executeInternal(ClientPreparedStatement.java:912)
	at com.mysql.cj.jdbc.ClientPreparedStatement.executeQuery(ClientPreparedStatement.java:968)
	at com.zaxxer.hikari.pool.ProxyPreparedStatement.executeQuery(ProxyPreparedStatement.java:52)
	at com.zaxxer.hikari.pool.HikariProxyPreparedStatement.executeQuery(HikariProxyPreparedStatement.java)
	at org.hibernate.sql.results.jdbc.internal.DeferredResultSetAccess.executeQuery(DeferredResultSetAccess.java:246)
	... 140 common frames omitted
2026-04-20 21:48:02 [http-nio-8080-exec-6] WARN  o.s.w.s.m.m.a.ExceptionHandlerExceptionResolver - Resolved [org.springframework.dao.InvalidDataAccessResourceUsageException: JDBC exception executing SQL [select count(tb1_0.id) from thong_bao tb1_0 where tb1_0.tai_khoan_id=? and not(tb1_0.da_doc)] [Table 'qltv.thong_bao' doesn't exist] [n/a]; SQL [n/a]]
2026-04-20 21:48:02 [http-nio-8080-exec-6] DEBUG o.s.web.servlet.DispatcherServlet - Using resolved error view: ModelAndView [view="redirect:http://localhost:8080/login"; model={}]
2026-04-20 21:48:02 [http-nio-8080-exec-6] DEBUG o.s.web.servlet.view.RedirectView - View name 'redirect:', model {}
2026-04-20 21:48:02 [http-nio-8080-exec-6] DEBUG o.s.web.servlet.DispatcherServlet - Completed 302 FOUND
2026-04-20 21:48:02 [http-nio-8080-exec-10] DEBUG o.s.security.web.FilterChainProxy - Securing GET /login
2026-04-20 21:48:02 [http-nio-8080-exec-10] DEBUG o.s.security.web.FilterChainProxy - Secured GET /login
2026-04-20 21:48:02 [http-nio-8080-exec-10] DEBUG o.s.web.servlet.DispatcherServlet - GET "/login", parameters={}
2026-04-20 21:48:02 [http-nio-8080-exec-10] DEBUG o.s.w.s.m.m.a.RequestMappingHandlerMapping - Mapped to com.example.library.controller.AuthController#loginPage(String, String, String, String, Model)
2026-04-20 21:48:02 [http-nio-8080-exec-10] DEBUG o.s.s.w.c.HttpSessionSecurityContextRepository - Retrieved SecurityContextImpl [Authentication=UsernamePasswordAuthenticationToken [Principal=org.springframework.security.core.userdetails.User [Username=Tanphong, Password=[PROTECTED], Enabled=true, AccountNonExpired=true, CredentialsNonExpired=true, AccountNonLocked=true, Granted Authorities=[ROLE_KHACHHANG]], Credentials=[PROTECTED], Authenticated=true, Details=WebAuthenticationDetails [RemoteIpAddress=0:0:0:0:0:0:0:1, SessionId=null], Granted Authorities=[ROLE_KHACHHANG]]]
2026-04-20 21:48:02 [http-nio-8080-exec-10] DEBUG org.hibernate.SQL - 
    select
        tk1_0.matk,
        tk1_0.avatar,
        tk1_0.diachi,
        tk1_0.email,
        tk1_0.hoten,
        tk1_0.ngaytao,
        tk1_0.password,
        tk1_0.quyen,
        tk1_0.reset_token,
        tk1_0.sodienthoai,
        tk1_0.trangthai,
        tk1_0.username 
    from
        taikhoan tk1_0 
    where
        tk1_0.username=?
2026-04-20 21:48:02 [http-nio-8080-exec-10] DEBUG org.hibernate.SQL - 
    select
        count(tb1_0.id) 
    from
        thong_bao tb1_0 
    where
        tb1_0.tai_khoan_id=? 
        and not(tb1_0.da_doc)
2026-04-20 21:48:02 [http-nio-8080-exec-10] WARN  o.h.e.jdbc.spi.SqlExceptionHelper - SQL Error: 1146, SQLState: 42S02
2026-04-20 21:48:02 [http-nio-8080-exec-10] ERROR o.h.e.jdbc.spi.SqlExceptionHelper - Table 'qltv.thong_bao' doesn't exist
2026-04-20 21:48:02 [http-nio-8080-exec-10] DEBUG o.s.w.s.m.m.a.ExceptionHandlerExceptionResolver - Using @ExceptionHandler com.example.library.exception.GlobalExceptionHandler#handleGeneralException(Exception, HttpServletRequest, RedirectAttributes)
2026-04-20 21:48:02 [http-nio-8080-exec-10] ERROR c.e.l.e.GlobalExceptionHandler - Lỗi không lường trước xảy ra tại URL: http://localhost:8080/login. Chi tiết: 
org.springframework.dao.InvalidDataAccessResourceUsageException: JDBC exception executing SQL [select count(tb1_0.id) from thong_bao tb1_0 where tb1_0.tai_khoan_id=? and not(tb1_0.da_doc)] [Table 'qltv.thong_bao' doesn't exist] [n/a]; SQL [n/a]
	at org.springframework.orm.jpa.vendor.HibernateJpaDialect.convertHibernateAccessException(HibernateJpaDialect.java:277)
	at org.springframework.orm.jpa.vendor.HibernateJpaDialect.translateExceptionIfPossible(HibernateJpaDialect.java:241)
	at org.springframework.orm.jpa.AbstractEntityManagerFactoryBean.translateExceptionIfPossible(AbstractEntityManagerFactoryBean.java:550)
	at org.springframework.dao.support.ChainedPersistenceExceptionTranslator.translateExceptionIfPossible(ChainedPersistenceExceptionTranslator.java:61)
	at org.springframework.dao.support.DataAccessUtils.translateIfNecessary(DataAccessUtils.java:335)
	at org.springframework.dao.support.PersistenceExceptionTranslationInterceptor.invoke(PersistenceExceptionTranslationInterceptor.java:152)
	at org.springframework.aop.framework.ReflectiveMethodInvocation.proceed(ReflectiveMethodInvocation.java:184)
	at org.springframework.data.jpa.repository.support.CrudMethodMetadataPostProcessor$CrudMethodMetadataPopulatingMethodInterceptor.invoke(CrudMethodMetadataPostProcessor.java:135)
	at org.springframework.aop.framework.ReflectiveMethodInvocation.proceed(ReflectiveMethodInvocation.java:184)
	at org.springframework.aop.interceptor.ExposeInvocationInterceptor.invoke(ExposeInvocationInterceptor.java:97)
	at org.springframework.aop.framework.ReflectiveMethodInvocation.proceed(ReflectiveMethodInvocation.java:184)
	at org.springframework.aop.framework.JdkDynamicAopProxy.invoke(JdkDynamicAopProxy.java:220)
	at jdk.proxy4/jdk.proxy4.$Proxy138.countByTaiKhoanIdAndDaDocFalse(Unknown Source)
	at com.example.library.service.NotificationService.getUnreadCount(NotificationService.java:70)
	at com.example.library.controller.GlobalControllerAdvice.lambda$getUnreadCount$0(GlobalControllerAdvice.java:27)
	at java.base/java.util.Optional.map(Optional.java:260)
	at com.example.library.controller.GlobalControllerAdvice.getUnreadCount(GlobalControllerAdvice.java:27)
	at java.base/jdk.internal.reflect.DirectMethodHandleAccessor.invoke(DirectMethodHandleAccessor.java:103)
	at java.base/java.lang.reflect.Method.invoke(Method.java:580)
	at org.springframework.web.method.support.InvocableHandlerMethod.doInvoke(InvocableHandlerMethod.java:261)
	at org.springframework.web.method.support.InvocableHandlerMethod.invokeForRequest(InvocableHandlerMethod.java:189)
	at org.springframework.web.method.annotation.ModelFactory.invokeModelAttributeMethods(ModelFactory.java:143)
	at org.springframework.web.method.annotation.ModelFactory.initModel(ModelFactory.java:112)
	at org.springframework.web.servlet.mvc.method.annotation.RequestMappingHandlerAdapter.invokeHandlerMethod(RequestMappingHandlerAdapter.java:894)
	at org.springframework.web.servlet.mvc.method.annotation.RequestMappingHandlerAdapter.handleInternal(RequestMappingHandlerAdapter.java:829)
	at org.springframework.web.servlet.mvc.method.AbstractHandlerMethodAdapter.handle(AbstractHandlerMethodAdapter.java:87)
	at org.springframework.web.servlet.DispatcherServlet.doDispatch(DispatcherServlet.java:1089)
	at org.springframework.web.servlet.DispatcherServlet.doService(DispatcherServlet.java:979)
	at org.springframework.web.servlet.FrameworkServlet.processRequest(FrameworkServlet.java:1014)
	at org.springframework.web.servlet.FrameworkServlet.doGet(FrameworkServlet.java:903)
	at jakarta.servlet.http.HttpServlet.service(HttpServlet.java:564)
	at org.springframework.web.servlet.FrameworkServlet.service(FrameworkServlet.java:885)
	at jakarta.servlet.http.HttpServlet.service(HttpServlet.java:658)
	at org.apache.catalina.core.ApplicationFilterChain.internalDoFilter(ApplicationFilterChain.java:205)
	at org.apache.catalina.core.ApplicationFilterChain.doFilter(ApplicationFilterChain.java:149)
	at org.apache.tomcat.websocket.server.WsFilter.doFilter(WsFilter.java:51)
	at org.apache.catalina.core.ApplicationFilterChain.internalDoFilter(ApplicationFilterChain.java:174)
	at org.apache.catalina.core.ApplicationFilterChain.doFilter(ApplicationFilterChain.java:149)
	at org.springframework.web.filter.CompositeFilter$VirtualFilterChain.doFilter(CompositeFilter.java:108)
	at org.springframework.security.web.FilterChainProxy.lambda$doFilterInternal$3(FilterChainProxy.java:231)
	at org.springframework.security.web.FilterChainProxy$VirtualFilterChain.doFilter(FilterChainProxy.java:365)
	at org.springframework.security.web.access.intercept.AuthorizationFilter.doFilter(AuthorizationFilter.java:100)
	at org.springframework.security.web.FilterChainProxy$VirtualFilterChain.doFilter(FilterChainProxy.java:374)
	at org.springframework.security.web.access.ExceptionTranslationFilter.doFilter(ExceptionTranslationFilter.java:126)
	at org.springframework.security.web.access.ExceptionTranslationFilter.doFilter(ExceptionTranslationFilter.java:120)
	at org.springframework.security.web.FilterChainProxy$VirtualFilterChain.doFilter(FilterChainProxy.java:374)
	at org.springframework.security.web.authentication.AnonymousAuthenticationFilter.doFilter(AnonymousAuthenticationFilter.java:100)
	at org.springframework.security.web.FilterChainProxy$VirtualFilterChain.doFilter(FilterChainProxy.java:374)
	at org.springframework.security.web.servletapi.SecurityContextHolderAwareRequestFilter.doFilter(SecurityContextHolderAwareRequestFilter.java:179)
	at org.springframework.security.web.FilterChainProxy$VirtualFilterChain.doFilter(FilterChainProxy.java:374)
	at org.springframework.security.web.savedrequest.RequestCacheAwareFilter.doFilter(RequestCacheAwareFilter.java:63)
	at org.springframework.security.web.FilterChainProxy$VirtualFilterChain.doFilter(FilterChainProxy.java:374)
	at org.springframework.security.web.authentication.AbstractAuthenticationProcessingFilter.doFilter(AbstractAuthenticationProcessingFilter.java:227)
	at org.springframework.security.web.authentication.AbstractAuthenticationProcessingFilter.doFilter(AbstractAuthenticationProcessingFilter.java:221)
	at org.springframework.security.web.FilterChainProxy$VirtualFilterChain.doFilter(FilterChainProxy.java:374)
	at org.springframework.security.web.authentication.logout.LogoutFilter.doFilter(LogoutFilter.java:107)
	at org.springframework.security.web.authentication.logout.LogoutFilter.doFilter(LogoutFilter.java:93)
	at org.springframework.security.web.FilterChainProxy$VirtualFilterChain.doFilter(FilterChainProxy.java:374)
	at org.springframework.web.filter.CorsFilter.doFilterInternal(CorsFilter.java:91)
	at org.springframework.web.filter.OncePerRequestFilter.doFilter(OncePerRequestFilter.java:116)
	at org.springframework.security.web.FilterChainProxy$VirtualFilterChain.doFilter(FilterChainProxy.java:374)
	at org.springframework.security.web.header.HeaderWriterFilter.doHeadersAfter(HeaderWriterFilter.java:90)
	at org.springframework.security.web.header.HeaderWriterFilter.doFilterInternal(HeaderWriterFilter.java:75)
	at org.springframework.web.filter.OncePerRequestFilter.doFilter(OncePerRequestFilter.java:116)
	at org.springframework.security.web.FilterChainProxy$VirtualFilterChain.doFilter(FilterChainProxy.java:374)
	at org.springframework.security.web.context.SecurityContextHolderFilter.doFilter(SecurityContextHolderFilter.java:82)
	at org.springframework.security.web.context.SecurityContextHolderFilter.doFilter(SecurityContextHolderFilter.java:69)
	at org.springframework.security.web.FilterChainProxy$VirtualFilterChain.doFilter(FilterChainProxy.java:374)
	at org.springframework.security.web.context.request.async.WebAsyncManagerIntegrationFilter.doFilterInternal(WebAsyncManagerIntegrationFilter.java:62)
	at org.springframework.web.filter.OncePerRequestFilter.doFilter(OncePerRequestFilter.java:116)
	at org.springframework.security.web.FilterChainProxy$VirtualFilterChain.doFilter(FilterChainProxy.java:374)
	at org.springframework.security.web.session.DisableEncodeUrlFilter.doFilterInternal(DisableEncodeUrlFilter.java:42)
	at org.springframework.web.filter.OncePerRequestFilter.doFilter(OncePerRequestFilter.java:116)
	at org.springframework.security.web.FilterChainProxy$VirtualFilterChain.doFilter(FilterChainProxy.java:374)
	at org.springframework.security.web.FilterChainProxy.doFilterInternal(FilterChainProxy.java:233)
	at org.springframework.security.web.FilterChainProxy.doFilter(FilterChainProxy.java:191)
	at org.springframework.web.filter.CompositeFilter$VirtualFilterChain.doFilter(CompositeFilter.java:113)
	at org.springframework.web.servlet.handler.HandlerMappingIntrospector.lambda$createCacheFilter$3(HandlerMappingIntrospector.java:195)
	at org.springframework.web.filter.CompositeFilter$VirtualFilterChain.doFilter(CompositeFilter.java:113)
	at org.springframework.web.filter.CompositeFilter.doFilter(CompositeFilter.java:74)
	at org.springframework.security.config.annotation.web.configuration.WebMvcSecurityConfiguration$CompositeFilterChainProxy.doFilter(WebMvcSecurityConfiguration.java:225)
	at org.springframework.web.filter.DelegatingFilterProxy.invokeDelegate(DelegatingFilterProxy.java:352)
	at org.springframework.web.filter.DelegatingFilterProxy.doFilter(DelegatingFilterProxy.java:268)
	at org.apache.catalina.core.ApplicationFilterChain.internalDoFilter(ApplicationFilterChain.java:174)
	at org.apache.catalina.core.ApplicationFilterChain.doFilter(ApplicationFilterChain.java:149)
	at org.springframework.web.filter.RequestContextFilter.doFilterInternal(RequestContextFilter.java:100)
	at org.springframework.web.filter.OncePerRequestFilter.doFilter(OncePerRequestFilter.java:116)
	at org.apache.catalina.core.ApplicationFilterChain.internalDoFilter(ApplicationFilterChain.java:174)
	at org.apache.catalina.core.ApplicationFilterChain.doFilter(ApplicationFilterChain.java:149)
	at org.springframework.web.filter.FormContentFilter.doFilterInternal(FormContentFilter.java:93)
	at org.springframework.web.filter.OncePerRequestFilter.doFilter(OncePerRequestFilter.java:116)
	at org.apache.catalina.core.ApplicationFilterChain.internalDoFilter(ApplicationFilterChain.java:174)
	at org.apache.catalina.core.ApplicationFilterChain.doFilter(ApplicationFilterChain.java:149)
	at org.springframework.web.filter.CharacterEncodingFilter.doFilterInternal(CharacterEncodingFilter.java:201)
	at org.springframework.web.filter.OncePerRequestFilter.doFilter(OncePerRequestFilter.java:116)
	at org.apache.catalina.core.ApplicationFilterChain.internalDoFilter(ApplicationFilterChain.java:174)
	at org.apache.catalina.core.ApplicationFilterChain.doFilter(ApplicationFilterChain.java:149)
	at org.apache.catalina.core.StandardWrapperValve.invoke(StandardWrapperValve.java:167)
	at org.apache.catalina.core.StandardContextValve.invoke(StandardContextValve.java:90)
	at org.apache.catalina.authenticator.AuthenticatorBase.invoke(AuthenticatorBase.java:482)
	at org.apache.catalina.core.StandardHostValve.invoke(StandardHostValve.java:115)
	at org.apache.catalina.valves.ErrorReportValve.invoke(ErrorReportValve.java:93)
	at org.apache.catalina.core.StandardEngineValve.invoke(StandardEngineValve.java:74)
	at org.apache.catalina.connector.CoyoteAdapter.service(CoyoteAdapter.java:340)
	at org.apache.coyote.http11.Http11Processor.service(Http11Processor.java:391)
	at org.apache.coyote.AbstractProcessorLight.process(AbstractProcessorLight.java:63)
	at org.apache.coyote.AbstractProtocol$ConnectionHandler.process(AbstractProtocol.java:896)
	at org.apache.tomcat.util.net.NioEndpoint$SocketProcessor.doRun(NioEndpoint.java:1744)
	at org.apache.tomcat.util.net.SocketProcessorBase.run(SocketProcessorBase.java:52)
	at org.apache.tomcat.util.threads.ThreadPoolExecutor.runWorker(ThreadPoolExecutor.java:1191)
	at org.apache.tomcat.util.threads.ThreadPoolExecutor$Worker.run(ThreadPoolExecutor.java:659)
	at org.apache.tomcat.util.threads.TaskThread$WrappingRunnable.run(TaskThread.java:61)
	at java.base/java.lang.Thread.run(Thread.java:1570)
Caused by: org.hibernate.exception.SQLGrammarException: JDBC exception executing SQL [select count(tb1_0.id) from thong_bao tb1_0 where tb1_0.tai_khoan_id=? and not(tb1_0.da_doc)] [Table 'qltv.thong_bao' doesn't exist] [n/a]
	at org.hibernate.exception.internal.SQLExceptionTypeDelegate.convert(SQLExceptionTypeDelegate.java:66)
	at org.hibernate.exception.internal.StandardSQLExceptionConverter.convert(StandardSQLExceptionConverter.java:58)
	at org.hibernate.engine.jdbc.spi.SqlExceptionHelper.convert(SqlExceptionHelper.java:108)
	at org.hibernate.engine.jdbc.spi.SqlExceptionHelper.convert(SqlExceptionHelper.java:94)
	at org.hibernate.sql.results.jdbc.internal.DeferredResultSetAccess.executeQuery(DeferredResultSetAccess.java:265)
	at org.hibernate.sql.results.jdbc.internal.DeferredResultSetAccess.getResultSet(DeferredResultSetAccess.java:167)
	at org.hibernate.sql.results.jdbc.internal.JdbcValuesResultSetImpl.advanceNext(JdbcValuesResultSetImpl.java:218)
	at org.hibernate.sql.results.jdbc.internal.JdbcValuesResultSetImpl.processNext(JdbcValuesResultSetImpl.java:98)
	at org.hibernate.sql.results.jdbc.internal.AbstractJdbcValues.next(AbstractJdbcValues.java:19)
	at org.hibernate.sql.results.internal.RowProcessingStateStandardImpl.next(RowProcessingStateStandardImpl.java:66)
	at org.hibernate.sql.results.spi.ListResultsConsumer.consume(ListResultsConsumer.java:203)
	at org.hibernate.sql.results.spi.ListResultsConsumer.consume(ListResultsConsumer.java:33)
	at org.hibernate.sql.exec.internal.JdbcSelectExecutorStandardImpl.doExecuteQuery(JdbcSelectExecutorStandardImpl.java:209)
	at org.hibernate.sql.exec.internal.JdbcSelectExecutorStandardImpl.executeQuery(JdbcSelectExecutorStandardImpl.java:83)
	at org.hibernate.sql.exec.spi.JdbcSelectExecutor.list(JdbcSelectExecutor.java:76)
	at org.hibernate.sql.exec.spi.JdbcSelectExecutor.list(JdbcSelectExecutor.java:65)
	at org.hibernate.query.sqm.internal.ConcreteSqmSelectQueryPlan.lambda$new$2(ConcreteSqmSelectQueryPlan.java:137)
	at org.hibernate.query.sqm.internal.ConcreteSqmSelectQueryPlan.withCacheableSqmInterpretation(ConcreteSqmSelectQueryPlan.java:359)
	at org.hibernate.query.sqm.internal.ConcreteSqmSelectQueryPlan.performList(ConcreteSqmSelectQueryPlan.java:300)
	at org.hibernate.query.sqm.internal.QuerySqmImpl.doList(QuerySqmImpl.java:509)
	at org.hibernate.query.spi.AbstractSelectionQuery.list(AbstractSelectionQuery.java:427)
	at org.hibernate.query.spi.AbstractSelectionQuery.getSingleResult(AbstractSelectionQuery.java:564)
	at org.springframework.data.jpa.repository.query.JpaQueryExecution$SingleEntityExecution.doExecute(JpaQueryExecution.java:223)
	at org.springframework.data.jpa.repository.query.JpaQueryExecution.execute(JpaQueryExecution.java:92)
	at org.springframework.data.jpa.repository.query.AbstractJpaQuery.doExecute(AbstractJpaQuery.java:149)
	at org.springframework.data.jpa.repository.query.AbstractJpaQuery.execute(AbstractJpaQuery.java:137)
	at org.springframework.data.repository.core.support.RepositoryMethodInvoker.doInvoke(RepositoryMethodInvoker.java:170)
	at org.springframework.data.repository.core.support.RepositoryMethodInvoker.invoke(RepositoryMethodInvoker.java:158)
	at org.springframework.data.repository.core.support.QueryExecutorMethodInterceptor.doInvoke(QueryExecutorMethodInterceptor.java:164)
	at org.springframework.data.repository.core.support.QueryExecutorMethodInterceptor.invoke(QueryExecutorMethodInterceptor.java:143)
	at org.springframework.aop.framework.ReflectiveMethodInvocation.proceed(ReflectiveMethodInvocation.java:184)
	at org.springframework.data.projection.DefaultMethodInvokingMethodInterceptor.invoke(DefaultMethodInvokingMethodInterceptor.java:70)
	at org.springframework.aop.framework.ReflectiveMethodInvocation.proceed(ReflectiveMethodInvocation.java:184)
	at org.springframework.transaction.interceptor.TransactionInterceptor$1.proceedWithInvocation(TransactionInterceptor.java:123)
	at org.springframework.transaction.interceptor.TransactionAspectSupport.invokeWithinTransaction(TransactionAspectSupport.java:385)
	at org.springframework.transaction.interceptor.TransactionInterceptor.invoke(TransactionInterceptor.java:119)
	at org.springframework.aop.framework.ReflectiveMethodInvocation.proceed(ReflectiveMethodInvocation.java:184)
	at org.springframework.dao.support.PersistenceExceptionTranslationInterceptor.invoke(PersistenceExceptionTranslationInterceptor.java:137)
	... 107 common frames omitted
Caused by: java.sql.SQLSyntaxErrorException: Table 'qltv.thong_bao' doesn't exist
	at com.mysql.cj.jdbc.exceptions.SQLError.createSQLException(SQLError.java:121)
	at com.mysql.cj.jdbc.exceptions.SQLExceptionsMapping.translateException(SQLExceptionsMapping.java:122)
	at com.mysql.cj.jdbc.ClientPreparedStatement.executeInternal(ClientPreparedStatement.java:912)
	at com.mysql.cj.jdbc.ClientPreparedStatement.executeQuery(ClientPreparedStatement.java:968)
	at com.zaxxer.hikari.pool.ProxyPreparedStatement.executeQuery(ProxyPreparedStatement.java:52)
	at com.zaxxer.hikari.pool.HikariProxyPreparedStatement.executeQuery(HikariProxyPreparedStatement.java)
	at org.hibernate.sql.results.jdbc.internal.DeferredResultSetAccess.executeQuery(DeferredResultSetAccess.java:246)
	... 140 common frames omitted
2026-04-20 21:48:02 [http-nio-8080-exec-10] WARN  o.s.w.s.m.m.a.ExceptionHandlerExceptionResolver - Resolved [org.springframework.dao.InvalidDataAccessResourceUsageException: JDBC exception executing SQL [select count(tb1_0.id) from thong_bao tb1_0 where tb1_0.tai_khoan_id=? and not(tb1_0.da_doc)] [Table 'qltv.thong_bao' doesn't exist] [n/a]; SQL [n/a]]
2026-04-20 21:48:02 [http-nio-8080-exec-10] DEBUG o.s.web.servlet.DispatcherServlet - Using resolved error view: ModelAndView [view="redirect:http://localhost:8080/login"; model={}]
2026-04-20 21:48:02 [http-nio-8080-exec-10] DEBUG o.s.web.servlet.view.RedirectView - View name 'redirect:', model {}
2026-04-20 21:48:02 [http-nio-8080-exec-10] DEBUG o.s.web.servlet.DispatcherServlet - Completed 302 FOUND
2026-04-20 21:48:02 [http-nio-8080-exec-1] DEBUG o.s.security.web.FilterChainProxy - Securing GET /login
2026-04-20 21:48:02 [http-nio-8080-exec-1] DEBUG o.s.security.web.FilterChainProxy - Secured GET /login
2026-04-20 21:48:02 [http-nio-8080-exec-1] DEBUG o.s.web.servlet.DispatcherServlet - GET "/login", parameters={}
2026-04-20 21:48:02 [http-nio-8080-exec-1] DEBUG o.s.w.s.m.m.a.RequestMappingHandlerMapping - Mapped to com.example.library.controller.AuthController#loginPage(String, String, String, String, Model)
2026-04-20 21:48:02 [http-nio-8080-exec-1] DEBUG o.s.s.w.c.HttpSessionSecurityContextRepository - Retrieved SecurityContextImpl [Authentication=UsernamePasswordAuthenticationToken [Principal=org.springframework.security.core.userdetails.User [Username=Tanphong, Password=[PROTECTED], Enabled=true, AccountNonExpired=true, CredentialsNonExpired=true, AccountNonLocked=true, Granted Authorities=[ROLE_KHACHHANG]], Credentials=[PROTECTED], Authenticated=true, Details=WebAuthenticationDetails [RemoteIpAddress=0:0:0:0:0:0:0:1, SessionId=null], Granted Authorities=[ROLE_KHACHHANG]]]
2026-04-20 21:48:02 [http-nio-8080-exec-1] DEBUG org.hibernate.SQL - 
    select
        tk1_0.matk,
        tk1_0.avatar,
        tk1_0.diachi,
        tk1_0.email,
        tk1_0.hoten,
        tk1_0.ngaytao,
        tk1_0.password,
        tk1_0.quyen,
        tk1_0.reset_token,
        tk1_0.sodienthoai,
        tk1_0.trangthai,
        tk1_0.username 
    from
        taikhoan tk1_0 
    where
        tk1_0.username=?
2026-04-20 21:48:02 [http-nio-8080-exec-1] DEBUG org.hibernate.SQL - 
    select
        count(tb1_0.id) 
    from
        thong_bao tb1_0 
    where
        tb1_0.tai_khoan_id=? 
        and not(tb1_0.da_doc)
2026-04-20 21:48:02 [http-nio-8080-exec-1] WARN  o.h.e.jdbc.spi.SqlExceptionHelper - SQL Error: 1146, SQLState: 42S02
2026-04-20 21:48:02 [http-nio-8080-exec-1] ERROR o.h.e.jdbc.spi.SqlExceptionHelper - Table 'qltv.thong_bao' doesn't exist
2026-04-20 21:48:02 [http-nio-8080-exec-1] DEBUG o.s.w.s.m.m.a.ExceptionHandlerExceptionResolver - Using @ExceptionHandler com.example.library.exception.GlobalExceptionHandler#handleGeneralException(Exception, HttpServletRequest, RedirectAttributes)
2026-04-20 21:48:02 [http-nio-8080-exec-1] ERROR c.e.l.e.GlobalExceptionHandler - Lỗi không lường trước xảy ra tại URL: http://localhost:8080/login. Chi tiết: 
org.springframework.dao.InvalidDataAccessResourceUsageException: JDBC exception executing SQL [select count(tb1_0.id) from thong_bao tb1_0 where tb1_0.tai_khoan_id=? and not(tb1_0.da_doc)] [Table 'qltv.thong_bao' doesn't exist] [n/a]; SQL [n/a]
	at org.springframework.orm.jpa.vendor.HibernateJpaDialect.convertHibernateAccessException(HibernateJpaDialect.java:277)
	at org.springframework.orm.jpa.vendor.HibernateJpaDialect.translateExceptionIfPossible(HibernateJpaDialect.java:241)
	at org.springframework.orm.jpa.AbstractEntityManagerFactoryBean.translateExceptionIfPossible(AbstractEntityManagerFactoryBean.java:550)
	at org.springframework.dao.support.ChainedPersistenceExceptionTranslator.translateExceptionIfPossible(ChainedPersistenceExceptionTranslator.java:61)
	at org.springframework.dao.support.DataAccessUtils.translateIfNecessary(DataAccessUtils.java:335)
	at org.springframework.dao.support.PersistenceExceptionTranslationInterceptor.invoke(PersistenceExceptionTranslationInterceptor.java:152)
	at org.springframework.aop.framework.ReflectiveMethodInvocation.proceed(ReflectiveMethodInvocation.java:184)
	at org.springframework.data.jpa.repository.support.CrudMethodMetadataPostProcessor$CrudMethodMetadataPopulatingMethodInterceptor.invoke(CrudMethodMetadataPostProcessor.java:135)
	at org.springframework.aop.framework.ReflectiveMethodInvocation.proceed(ReflectiveMethodInvocation.java:184)
	at org.springframework.aop.interceptor.ExposeInvocationInterceptor.invoke(ExposeInvocationInterceptor.java:97)
	at org.springframework.aop.framework.ReflectiveMethodInvocation.proceed(ReflectiveMethodInvocation.java:184)
	at org.springframework.aop.framework.JdkDynamicAopProxy.invoke(JdkDynamicAopProxy.java:220)
	at jdk.proxy4/jdk.proxy4.$Proxy138.countByTaiKhoanIdAndDaDocFalse(Unknown Source)
	at com.example.library.service.NotificationService.getUnreadCount(NotificationService.java:70)
	at com.example.library.controller.GlobalControllerAdvice.lambda$getUnreadCount$0(GlobalControllerAdvice.java:27)
	at java.base/java.util.Optional.map(Optional.java:260)
	at com.example.library.controller.GlobalControllerAdvice.getUnreadCount(GlobalControllerAdvice.java:27)
	at java.base/jdk.internal.reflect.DirectMethodHandleAccessor.invoke(DirectMethodHandleAccessor.java:103)
	at java.base/java.lang.reflect.Method.invoke(Method.java:580)
	at org.springframework.web.method.support.InvocableHandlerMethod.doInvoke(InvocableHandlerMethod.java:261)
	at org.springframework.web.method.support.InvocableHandlerMethod.invokeForRequest(InvocableHandlerMethod.java:189)
	at org.springframework.web.method.annotation.ModelFactory.invokeModelAttributeMethods(ModelFactory.java:143)
	at org.springframework.web.method.annotation.ModelFactory.initModel(ModelFactory.java:112)
	at org.springframework.web.servlet.mvc.method.annotation.RequestMappingHandlerAdapter.invokeHandlerMethod(RequestMappingHandlerAdapter.java:894)
	at org.springframework.web.servlet.mvc.method.annotation.RequestMappingHandlerAdapter.handleInternal(RequestMappingHandlerAdapter.java:829)
	at org.springframework.web.servlet.mvc.method.AbstractHandlerMethodAdapter.handle(AbstractHandlerMethodAdapter.java:87)
	at org.springframework.web.servlet.DispatcherServlet.doDispatch(DispatcherServlet.java:1089)
	at org.springframework.web.servlet.DispatcherServlet.doService(DispatcherServlet.java:979)
	at org.springframework.web.servlet.FrameworkServlet.processRequest(FrameworkServlet.java:1014)
	at org.springframework.web.servlet.FrameworkServlet.doGet(FrameworkServlet.java:903)
	at jakarta.servlet.http.HttpServlet.service(HttpServlet.java:564)
	at org.springframework.web.servlet.FrameworkServlet.service(FrameworkServlet.java:885)
	at jakarta.servlet.http.HttpServlet.service(HttpServlet.java:658)
	at org.apache.catalina.core.ApplicationFilterChain.internalDoFilter(ApplicationFilterChain.java:205)
	at org.apache.catalina.core.ApplicationFilterChain.doFilter(ApplicationFilterChain.java:149)
	at org.apache.tomcat.websocket.server.WsFilter.doFilter(WsFilter.java:51)
	at org.apache.catalina.core.ApplicationFilterChain.internalDoFilter(ApplicationFilterChain.java:174)
	at org.apache.catalina.core.ApplicationFilterChain.doFilter(ApplicationFilterChain.java:149)
	at org.springframework.web.filter.CompositeFilter$VirtualFilterChain.doFilter(CompositeFilter.java:108)
	at org.springframework.security.web.FilterChainProxy.lambda$doFilterInternal$3(FilterChainProxy.java:231)
	at org.springframework.security.web.FilterChainProxy$VirtualFilterChain.doFilter(FilterChainProxy.java:365)
	at org.springframework.security.web.access.intercept.AuthorizationFilter.doFilter(AuthorizationFilter.java:100)
	at org.springframework.security.web.FilterChainProxy$VirtualFilterChain.doFilter(FilterChainProxy.java:374)
	at org.springframework.security.web.access.ExceptionTranslationFilter.doFilter(ExceptionTranslationFilter.java:126)
	at org.springframework.security.web.access.ExceptionTranslationFilter.doFilter(ExceptionTranslationFilter.java:120)
	at org.springframework.security.web.FilterChainProxy$VirtualFilterChain.doFilter(FilterChainProxy.java:374)
	at org.springframework.security.web.authentication.AnonymousAuthenticationFilter.doFilter(AnonymousAuthenticationFilter.java:100)
	at org.springframework.security.web.FilterChainProxy$VirtualFilterChain.doFilter(FilterChainProxy.java:374)
	at org.springframework.security.web.servletapi.SecurityContextHolderAwareRequestFilter.doFilter(SecurityContextHolderAwareRequestFilter.java:179)
	at org.springframework.security.web.FilterChainProxy$VirtualFilterChain.doFilter(FilterChainProxy.java:374)
	at org.springframework.security.web.savedrequest.RequestCacheAwareFilter.doFilter(RequestCacheAwareFilter.java:63)
	at org.springframework.security.web.FilterChainProxy$VirtualFilterChain.doFilter(FilterChainProxy.java:374)
	at org.springframework.security.web.authentication.AbstractAuthenticationProcessingFilter.doFilter(AbstractAuthenticationProcessingFilter.java:227)
	at org.springframework.security.web.authentication.AbstractAuthenticationProcessingFilter.doFilter(AbstractAuthenticationProcessingFilter.java:221)
	at org.springframework.security.web.FilterChainProxy$VirtualFilterChain.doFilter(FilterChainProxy.java:374)
	at org.springframework.security.web.authentication.logout.LogoutFilter.doFilter(LogoutFilter.java:107)
	at org.springframework.security.web.authentication.logout.LogoutFilter.doFilter(LogoutFilter.java:93)
	at org.springframework.security.web.FilterChainProxy$VirtualFilterChain.doFilter(FilterChainProxy.java:374)
	at org.springframework.web.filter.CorsFilter.doFilterInternal(CorsFilter.java:91)
	at org.springframework.web.filter.OncePerRequestFilter.doFilter(OncePerRequestFilter.java:116)
	at org.springframework.security.web.FilterChainProxy$VirtualFilterChain.doFilter(FilterChainProxy.java:374)
	at org.springframework.security.web.header.HeaderWriterFilter.doHeadersAfter(HeaderWriterFilter.java:90)
	at org.springframework.security.web.header.HeaderWriterFilter.doFilterInternal(HeaderWriterFilter.java:75)
	at org.springframework.web.filter.OncePerRequestFilter.doFilter(OncePerRequestFilter.java:116)
	at org.springframework.security.web.FilterChainProxy$VirtualFilterChain.doFilter(FilterChainProxy.java:374)
	at org.springframework.security.web.context.SecurityContextHolderFilter.doFilter(SecurityContextHolderFilter.java:82)
	at org.springframework.security.web.context.SecurityContextHolderFilter.doFilter(SecurityContextHolderFilter.java:69)
	at org.springframework.security.web.FilterChainProxy$VirtualFilterChain.doFilter(FilterChainProxy.java:374)
	at org.springframework.security.web.context.request.async.WebAsyncManagerIntegrationFilter.doFilterInternal(WebAsyncManagerIntegrationFilter.java:62)
	at org.springframework.web.filter.OncePerRequestFilter.doFilter(OncePerRequestFilter.java:116)
	at org.springframework.security.web.FilterChainProxy$VirtualFilterChain.doFilter(FilterChainProxy.java:374)
	at org.springframework.security.web.session.DisableEncodeUrlFilter.doFilterInternal(DisableEncodeUrlFilter.java:42)
	at org.springframework.web.filter.OncePerRequestFilter.doFilter(OncePerRequestFilter.java:116)
	at org.springframework.security.web.FilterChainProxy$VirtualFilterChain.doFilter(FilterChainProxy.java:374)
	at org.springframework.security.web.FilterChainProxy.doFilterInternal(FilterChainProxy.java:233)
	at org.springframework.security.web.FilterChainProxy.doFilter(FilterChainProxy.java:191)
	at org.springframework.web.filter.CompositeFilter$VirtualFilterChain.doFilter(CompositeFilter.java:113)
	at org.springframework.web.servlet.handler.HandlerMappingIntrospector.lambda$createCacheFilter$3(HandlerMappingIntrospector.java:195)
	at org.springframework.web.filter.CompositeFilter$VirtualFilterChain.doFilter(CompositeFilter.java:113)
	at org.springframework.web.filter.CompositeFilter.doFilter(CompositeFilter.java:74)
	at org.springframework.security.config.annotation.web.configuration.WebMvcSecurityConfiguration$CompositeFilterChainProxy.doFilter(WebMvcSecurityConfiguration.java:225)
	at org.springframework.web.filter.DelegatingFilterProxy.invokeDelegate(DelegatingFilterProxy.java:352)
	at org.springframework.web.filter.DelegatingFilterProxy.doFilter(DelegatingFilterProxy.java:268)
	at org.apache.catalina.core.ApplicationFilterChain.internalDoFilter(ApplicationFilterChain.java:174)
	at org.apache.catalina.core.ApplicationFilterChain.doFilter(ApplicationFilterChain.java:149)
	at org.springframework.web.filter.RequestContextFilter.doFilterInternal(RequestContextFilter.java:100)
	at org.springframework.web.filter.OncePerRequestFilter.doFilter(OncePerRequestFilter.java:116)
	at org.apache.catalina.core.ApplicationFilterChain.internalDoFilter(ApplicationFilterChain.java:174)
	at org.apache.catalina.core.ApplicationFilterChain.doFilter(ApplicationFilterChain.java:149)
	at org.springframework.web.filter.FormContentFilter.doFilterInternal(FormContentFilter.java:93)
	at org.springframework.web.filter.OncePerRequestFilter.doFilter(OncePerRequestFilter.java:116)
	at org.apache.catalina.core.ApplicationFilterChain.internalDoFilter(ApplicationFilterChain.java:174)
	at org.apache.catalina.core.ApplicationFilterChain.doFilter(ApplicationFilterChain.java:149)
	at org.springframework.web.filter.CharacterEncodingFilter.doFilterInternal(CharacterEncodingFilter.java:201)
	at org.springframework.web.filter.OncePerRequestFilter.doFilter(OncePerRequestFilter.java:116)
	at org.apache.catalina.core.ApplicationFilterChain.internalDoFilter(ApplicationFilterChain.java:174)
	at org.apache.catalina.core.ApplicationFilterChain.doFilter(ApplicationFilterChain.java:149)
	at org.apache.catalina.core.StandardWrapperValve.invoke(StandardWrapperValve.java:167)
	at org.apache.catalina.core.StandardContextValve.invoke(StandardContextValve.java:90)
	at org.apache.catalina.authenticator.AuthenticatorBase.invoke(AuthenticatorBase.java:482)
	at org.apache.catalina.core.StandardHostValve.invoke(StandardHostValve.java:115)
	at org.apache.catalina.valves.ErrorReportValve.invoke(ErrorReportValve.java:93)
	at org.apache.catalina.core.StandardEngineValve.invoke(StandardEngineValve.java:74)
	at org.apache.catalina.connector.CoyoteAdapter.service(CoyoteAdapter.java:340)
	at org.apache.coyote.http11.Http11Processor.service(Http11Processor.java:391)
	at org.apache.coyote.AbstractProcessorLight.process(AbstractProcessorLight.java:63)
	at org.apache.coyote.AbstractProtocol$ConnectionHandler.process(AbstractProtocol.java:896)
	at org.apache.tomcat.util.net.NioEndpoint$SocketProcessor.doRun(NioEndpoint.java:1744)
	at org.apache.tomcat.util.net.SocketProcessorBase.run(SocketProcessorBase.java:52)
	at org.apache.tomcat.util.threads.ThreadPoolExecutor.runWorker(ThreadPoolExecutor.java:1191)
	at org.apache.tomcat.util.threads.ThreadPoolExecutor$Worker.run(ThreadPoolExecutor.java:659)
	at org.apache.tomcat.util.threads.TaskThread$WrappingRunnable.run(TaskThread.java:61)
	at java.base/java.lang.Thread.run(Thread.java:1570)
Caused by: org.hibernate.exception.SQLGrammarException: JDBC exception executing SQL [select count(tb1_0.id) from thong_bao tb1_0 where tb1_0.tai_khoan_id=? and not(tb1_0.da_doc)] [Table 'qltv.thong_bao' doesn't exist] [n/a]
	at org.hibernate.exception.internal.SQLExceptionTypeDelegate.convert(SQLExceptionTypeDelegate.java:66)
	at org.hibernate.exception.internal.StandardSQLExceptionConverter.convert(StandardSQLExceptionConverter.java:58)
	at org.hibernate.engine.jdbc.spi.SqlExceptionHelper.convert(SqlExceptionHelper.java:108)
	at org.hibernate.engine.jdbc.spi.SqlExceptionHelper.convert(SqlExceptionHelper.java:94)
	at org.hibernate.sql.results.jdbc.internal.DeferredResultSetAccess.executeQuery(DeferredResultSetAccess.java:265)
	at org.hibernate.sql.results.jdbc.internal.DeferredResultSetAccess.getResultSet(DeferredResultSetAccess.java:167)
	at org.hibernate.sql.results.jdbc.internal.JdbcValuesResultSetImpl.advanceNext(JdbcValuesResultSetImpl.java:218)
	at org.hibernate.sql.results.jdbc.internal.JdbcValuesResultSetImpl.processNext(JdbcValuesResultSetImpl.java:98)
	at org.hibernate.sql.results.jdbc.internal.AbstractJdbcValues.next(AbstractJdbcValues.java:19)
	at org.hibernate.sql.results.internal.RowProcessingStateStandardImpl.next(RowProcessingStateStandardImpl.java:66)
	at org.hibernate.sql.results.spi.ListResultsConsumer.consume(ListResultsConsumer.java:203)
	at org.hibernate.sql.results.spi.ListResultsConsumer.consume(ListResultsConsumer.java:33)
	at org.hibernate.sql.exec.internal.JdbcSelectExecutorStandardImpl.doExecuteQuery(JdbcSelectExecutorStandardImpl.java:209)
	at org.hibernate.sql.exec.internal.JdbcSelectExecutorStandardImpl.executeQuery(JdbcSelectExecutorStandardImpl.java:83)
	at org.hibernate.sql.exec.spi.JdbcSelectExecutor.list(JdbcSelectExecutor.java:76)
	at org.hibernate.sql.exec.spi.JdbcSelectExecutor.list(JdbcSelectExecutor.java:65)
	at org.hibernate.query.sqm.internal.ConcreteSqmSelectQueryPlan.lambda$new$2(ConcreteSqmSelectQueryPlan.java:137)
	at org.hibernate.query.sqm.internal.ConcreteSqmSelectQueryPlan.withCacheableSqmInterpretation(ConcreteSqmSelectQueryPlan.java:359)
	at org.hibernate.query.sqm.internal.ConcreteSqmSelectQueryPlan.performList(ConcreteSqmSelectQueryPlan.java:300)
	at org.hibernate.query.sqm.internal.QuerySqmImpl.doList(QuerySqmImpl.java:509)
	at org.hibernate.query.spi.AbstractSelectionQuery.list(AbstractSelectionQuery.java:427)
	at org.hibernate.query.spi.AbstractSelectionQuery.getSingleResult(AbstractSelectionQuery.java:564)
	at org.springframework.data.jpa.repository.query.JpaQueryExecution$SingleEntityExecution.doExecute(JpaQueryExecution.java:223)
	at org.springframework.data.jpa.repository.query.JpaQueryExecution.execute(JpaQueryExecution.java:92)
	at org.springframework.data.jpa.repository.query.AbstractJpaQuery.doExecute(AbstractJpaQuery.java:149)
	at org.springframework.data.jpa.repository.query.AbstractJpaQuery.execute(AbstractJpaQuery.java:137)
	at org.springframework.data.repository.core.support.RepositoryMethodInvoker.doInvoke(RepositoryMethodInvoker.java:170)
	at org.springframework.data.repository.core.support.RepositoryMethodInvoker.invoke(RepositoryMethodInvoker.java:158)
	at org.springframework.data.repository.core.support.QueryExecutorMethodInterceptor.doInvoke(QueryExecutorMethodInterceptor.java:164)
	at org.springframework.data.repository.core.support.QueryExecutorMethodInterceptor.invoke(QueryExecutorMethodInterceptor.java:143)
	at org.springframework.aop.framework.ReflectiveMethodInvocation.proceed(ReflectiveMethodInvocation.java:184)
	at org.springframework.data.projection.DefaultMethodInvokingMethodInterceptor.invoke(DefaultMethodInvokingMethodInterceptor.java:70)
	at org.springframework.aop.framework.ReflectiveMethodInvocation.proceed(ReflectiveMethodInvocation.java:184)
	at org.springframework.transaction.interceptor.TransactionInterceptor$1.proceedWithInvocation(TransactionInterceptor.java:123)
	at org.springframework.transaction.interceptor.TransactionAspectSupport.invokeWithinTransaction(TransactionAspectSupport.java:385)
	at org.springframework.transaction.interceptor.TransactionInterceptor.invoke(TransactionInterceptor.java:119)
	at org.springframework.aop.framework.ReflectiveMethodInvocation.proceed(ReflectiveMethodInvocation.java:184)
	at org.springframework.dao.support.PersistenceExceptionTranslationInterceptor.invoke(PersistenceExceptionTranslationInterceptor.java:137)
	... 107 common frames omitted
Caused by: java.sql.SQLSyntaxErrorException: Table 'qltv.thong_bao' doesn't exist
	at com.mysql.cj.jdbc.exceptions.SQLError.createSQLException(SQLError.java:121)
	at com.mysql.cj.jdbc.exceptions.SQLExceptionsMapping.translateException(SQLExceptionsMapping.java:122)
	at com.mysql.cj.jdbc.ClientPreparedStatement.executeInternal(ClientPreparedStatement.java:912)
	at com.mysql.cj.jdbc.ClientPreparedStatement.executeQuery(ClientPreparedStatement.java:968)
	at com.zaxxer.hikari.pool.ProxyPreparedStatement.executeQuery(ProxyPreparedStatement.java:52)
	at com.zaxxer.hikari.pool.HikariProxyPreparedStatement.executeQuery(HikariProxyPreparedStatement.java)
	at org.hibernate.sql.results.jdbc.internal.DeferredResultSetAccess.executeQuery(DeferredResultSetAccess.java:246)
	... 140 common frames omitted
2026-04-20 21:48:02 [http-nio-8080-exec-1] WARN  o.s.w.s.m.m.a.ExceptionHandlerExceptionResolver - Resolved [org.springframework.dao.InvalidDataAccessResourceUsageException: JDBC exception executing SQL [select count(tb1_0.id) from thong_bao tb1_0 where tb1_0.tai_khoan_id=? and not(tb1_0.da_doc)] [Table 'qltv.thong_bao' doesn't exist] [n/a]; SQL [n/a]]
2026-04-20 21:48:02 [http-nio-8080-exec-1] DEBUG o.s.web.servlet.DispatcherServlet - Using resolved error view: ModelAndView [view="redirect:http://localhost:8080/login"; model={}]
2026-04-20 21:48:02 [http-nio-8080-exec-1] DEBUG o.s.web.servlet.view.RedirectView - View name 'redirect:', model {}
2026-04-20 21:48:02 [http-nio-8080-exec-1] DEBUG o.s.web.servlet.DispatcherServlet - Completed 302 FOUND
2026-04-20 21:48:02 [http-nio-8080-exec-2] DEBUG o.s.security.web.FilterChainProxy - Securing GET /login
2026-04-20 21:48:02 [http-nio-8080-exec-2] DEBUG o.s.security.web.FilterChainProxy - Secured GET /login
2026-04-20 21:48:02 [http-nio-8080-exec-2] DEBUG o.s.web.servlet.DispatcherServlet - GET "/login", parameters={}
2026-04-20 21:48:02 [http-nio-8080-exec-2] DEBUG o.s.w.s.m.m.a.RequestMappingHandlerMapping - Mapped to com.example.library.controller.AuthController#loginPage(String, String, String, String, Model)
2026-04-20 21:48:02 [http-nio-8080-exec-2] DEBUG o.s.s.w.c.HttpSessionSecurityContextRepository - Retrieved SecurityContextImpl [Authentication=UsernamePasswordAuthenticationToken [Principal=org.springframework.security.core.userdetails.User [Username=Tanphong, Password=[PROTECTED], Enabled=true, AccountNonExpired=true, CredentialsNonExpired=true, AccountNonLocked=true, Granted Authorities=[ROLE_KHACHHANG]], Credentials=[PROTECTED], Authenticated=true, Details=WebAuthenticationDetails [RemoteIpAddress=0:0:0:0:0:0:0:1, SessionId=null], Granted Authorities=[ROLE_KHACHHANG]]]
2026-04-20 21:48:02 [http-nio-8080-exec-2] DEBUG org.hibernate.SQL - 
    select
        tk1_0.matk,
        tk1_0.avatar,
        tk1_0.diachi,
        tk1_0.email,
        tk1_0.hoten,
        tk1_0.ngaytao,
        tk1_0.password,
        tk1_0.quyen,
        tk1_0.reset_token,
        tk1_0.sodienthoai,
        tk1_0.trangthai,
        tk1_0.username 
    from
        taikhoan tk1_0 
    where
        tk1_0.username=?
2026-04-20 21:48:02 [http-nio-8080-exec-2] DEBUG org.hibernate.SQL - 
    select
        count(tb1_0.id) 
    from
        thong_bao tb1_0 
    where
        tb1_0.tai_khoan_id=? 
        and not(tb1_0.da_doc)
2026-04-20 21:48:02 [http-nio-8080-exec-2] WARN  o.h.e.jdbc.spi.SqlExceptionHelper - SQL Error: 1146, SQLState: 42S02
2026-04-20 21:48:02 [http-nio-8080-exec-2] ERROR o.h.e.jdbc.spi.SqlExceptionHelper - Table 'qltv.thong_bao' doesn't exist
2026-04-20 21:48:02 [http-nio-8080-exec-2] DEBUG o.s.w.s.m.m.a.ExceptionHandlerExceptionResolver - Using @ExceptionHandler com.example.library.exception.GlobalExceptionHandler#handleGeneralException(Exception, HttpServletRequest, RedirectAttributes)
2026-04-20 21:48:02 [http-nio-8080-exec-2] ERROR c.e.l.e.GlobalExceptionHandler - Lỗi không lường trước xảy ra tại URL: http://localhost:8080/login. Chi tiết: 
org.springframework.dao.InvalidDataAccessResourceUsageException: JDBC exception executing SQL [select count(tb1_0.id) from thong_bao tb1_0 where tb1_0.tai_khoan_id=? and not(tb1_0.da_doc)] [Table 'qltv.thong_bao' doesn't exist] [n/a]; SQL [n/a]
	at org.springframework.orm.jpa.vendor.HibernateJpaDialect.convertHibernateAccessException(HibernateJpaDialect.java:277)
	at org.springframework.orm.jpa.vendor.HibernateJpaDialect.translateExceptionIfPossible(HibernateJpaDialect.java:241)
	at org.springframework.orm.jpa.AbstractEntityManagerFactoryBean.translateExceptionIfPossible(AbstractEntityManagerFactoryBean.java:550)
	at org.springframework.dao.support.ChainedPersistenceExceptionTranslator.translateExceptionIfPossible(ChainedPersistenceExceptionTranslator.java:61)
	at org.springframework.dao.support.DataAccessUtils.translateIfNecessary(DataAccessUtils.java:335)
	at org.springframework.dao.support.PersistenceExceptionTranslationInterceptor.invoke(PersistenceExceptionTranslationInterceptor.java:152)
	at org.springframework.aop.framework.ReflectiveMethodInvocation.proceed(ReflectiveMethodInvocation.java:184)
	at org.springframework.data.jpa.repository.support.CrudMethodMetadataPostProcessor$CrudMethodMetadataPopulatingMethodInterceptor.invoke(CrudMethodMetadataPostProcessor.java:135)
	at org.springframework.aop.framework.ReflectiveMethodInvocation.proceed(ReflectiveMethodInvocation.java:184)
	at org.springframework.aop.interceptor.ExposeInvocationInterceptor.invoke(ExposeInvocationInterceptor.java:97)
	at org.springframework.aop.framework.ReflectiveMethodInvocation.proceed(ReflectiveMethodInvocation.java:184)
	at org.springframework.aop.framework.JdkDynamicAopProxy.invoke(JdkDynamicAopProxy.java:220)
	at jdk.proxy4/jdk.proxy4.$Proxy138.countByTaiKhoanIdAndDaDocFalse(Unknown Source)
	at com.example.library.service.NotificationService.getUnreadCount(NotificationService.java:70)
	at com.example.library.controller.GlobalControllerAdvice.lambda$getUnreadCount$0(GlobalControllerAdvice.java:27)
	at java.base/java.util.Optional.map(Optional.java:260)
	at com.example.library.controller.GlobalControllerAdvice.getUnreadCount(GlobalControllerAdvice.java:27)
	at java.base/jdk.internal.reflect.DirectMethodHandleAccessor.invoke(DirectMethodHandleAccessor.java:103)
	at java.base/java.lang.reflect.Method.invoke(Method.java:580)
	at org.springframework.web.method.support.InvocableHandlerMethod.doInvoke(InvocableHandlerMethod.java:261)
	at org.springframework.web.method.support.InvocableHandlerMethod.invokeForRequest(InvocableHandlerMethod.java:189)
	at org.springframework.web.method.annotation.ModelFactory.invokeModelAttributeMethods(ModelFactory.java:143)
	at org.springframework.web.method.annotation.ModelFactory.initModel(ModelFactory.java:112)
	at org.springframework.web.servlet.mvc.method.annotation.RequestMappingHandlerAdapter.invokeHandlerMethod(RequestMappingHandlerAdapter.java:894)
	at org.springframework.web.servlet.mvc.method.annotation.RequestMappingHandlerAdapter.handleInternal(RequestMappingHandlerAdapter.java:829)
	at org.springframework.web.servlet.mvc.method.AbstractHandlerMethodAdapter.handle(AbstractHandlerMethodAdapter.java:87)
	at org.springframework.web.servlet.DispatcherServlet.doDispatch(DispatcherServlet.java:1089)
	at org.springframework.web.servlet.DispatcherServlet.doService(DispatcherServlet.java:979)
	at org.springframework.web.servlet.FrameworkServlet.processRequest(FrameworkServlet.java:1014)
	at org.springframework.web.servlet.FrameworkServlet.doGet(FrameworkServlet.java:903)
	at jakarta.servlet.http.HttpServlet.service(HttpServlet.java:564)
	at org.springframework.web.servlet.FrameworkServlet.service(FrameworkServlet.java:885)
	at jakarta.servlet.http.HttpServlet.service(HttpServlet.java:658)
	at org.apache.catalina.core.ApplicationFilterChain.internalDoFilter(ApplicationFilterChain.java:205)
	at org.apache.catalina.core.ApplicationFilterChain.doFilter(ApplicationFilterChain.java:149)
	at org.apache.tomcat.websocket.server.WsFilter.doFilter(WsFilter.java:51)
	at org.apache.catalina.core.ApplicationFilterChain.internalDoFilter(ApplicationFilterChain.java:174)
	at org.apache.catalina.core.ApplicationFilterChain.doFilter(ApplicationFilterChain.java:149)
	at org.springframework.web.filter.CompositeFilter$VirtualFilterChain.doFilter(CompositeFilter.java:108)
	at org.springframework.security.web.FilterChainProxy.lambda$doFilterInternal$3(FilterChainProxy.java:231)
	at org.springframework.security.web.FilterChainProxy$VirtualFilterChain.doFilter(FilterChainProxy.java:365)
	at org.springframework.security.web.access.intercept.AuthorizationFilter.doFilter(AuthorizationFilter.java:100)
	at org.springframework.security.web.FilterChainProxy$VirtualFilterChain.doFilter(FilterChainProxy.java:374)
	at org.springframework.security.web.access.ExceptionTranslationFilter.doFilter(ExceptionTranslationFilter.java:126)
	at org.springframework.security.web.access.ExceptionTranslationFilter.doFilter(ExceptionTranslationFilter.java:120)
	at org.springframework.security.web.FilterChainProxy$VirtualFilterChain.doFilter(FilterChainProxy.java:374)
	at org.springframework.security.web.authentication.AnonymousAuthenticationFilter.doFilter(AnonymousAuthenticationFilter.java:100)
	at org.springframework.security.web.FilterChainProxy$VirtualFilterChain.doFilter(FilterChainProxy.java:374)
	at org.springframework.security.web.servletapi.SecurityContextHolderAwareRequestFilter.doFilter(SecurityContextHolderAwareRequestFilter.java:179)
	at org.springframework.security.web.FilterChainProxy$VirtualFilterChain.doFilter(FilterChainProxy.java:374)
	at org.springframework.security.web.savedrequest.RequestCacheAwareFilter.doFilter(RequestCacheAwareFilter.java:63)
	at org.springframework.security.web.FilterChainProxy$VirtualFilterChain.doFilter(FilterChainProxy.java:374)
	at org.springframework.security.web.authentication.AbstractAuthenticationProcessingFilter.doFilter(AbstractAuthenticationProcessingFilter.java:227)
	at org.springframework.security.web.authentication.AbstractAuthenticationProcessingFilter.doFilter(AbstractAuthenticationProcessingFilter.java:221)
	at org.springframework.security.web.FilterChainProxy$VirtualFilterChain.doFilter(FilterChainProxy.java:374)
	at org.springframework.security.web.authentication.logout.LogoutFilter.doFilter(LogoutFilter.java:107)
	at org.springframework.security.web.authentication.logout.LogoutFilter.doFilter(LogoutFilter.java:93)
	at org.springframework.security.web.FilterChainProxy$VirtualFilterChain.doFilter(FilterChainProxy.java:374)
	at org.springframework.web.filter.CorsFilter.doFilterInternal(CorsFilter.java:91)
	at org.springframework.web.filter.OncePerRequestFilter.doFilter(OncePerRequestFilter.java:116)
	at org.springframework.security.web.FilterChainProxy$VirtualFilterChain.doFilter(FilterChainProxy.java:374)
	at org.springframework.security.web.header.HeaderWriterFilter.doHeadersAfter(HeaderWriterFilter.java:90)
	at org.springframework.security.web.header.HeaderWriterFilter.doFilterInternal(HeaderWriterFilter.java:75)
	at org.springframework.web.filter.OncePerRequestFilter.doFilter(OncePerRequestFilter.java:116)
	at org.springframework.security.web.FilterChainProxy$VirtualFilterChain.doFilter(FilterChainProxy.java:374)
	at org.springframework.security.web.context.SecurityContextHolderFilter.doFilter(SecurityContextHolderFilter.java:82)
	at org.springframework.security.web.context.SecurityContextHolderFilter.doFilter(SecurityContextHolderFilter.java:69)
	at org.springframework.security.web.FilterChainProxy$VirtualFilterChain.doFilter(FilterChainProxy.java:374)
	at org.springframework.security.web.context.request.async.WebAsyncManagerIntegrationFilter.doFilterInternal(WebAsyncManagerIntegrationFilter.java:62)
	at org.springframework.web.filter.OncePerRequestFilter.doFilter(OncePerRequestFilter.java:116)
	at org.springframework.security.web.FilterChainProxy$VirtualFilterChain.doFilter(FilterChainProxy.java:374)
	at org.springframework.security.web.session.DisableEncodeUrlFilter.doFilterInternal(DisableEncodeUrlFilter.java:42)
	at org.springframework.web.filter.OncePerRequestFilter.doFilter(OncePerRequestFilter.java:116)
	at org.springframework.security.web.FilterChainProxy$VirtualFilterChain.doFilter(FilterChainProxy.java:374)
	at org.springframework.security.web.FilterChainProxy.doFilterInternal(FilterChainProxy.java:233)
	at org.springframework.security.web.FilterChainProxy.doFilter(FilterChainProxy.java:191)
	at org.springframework.web.filter.CompositeFilter$VirtualFilterChain.doFilter(CompositeFilter.java:113)
	at org.springframework.web.servlet.handler.HandlerMappingIntrospector.lambda$createCacheFilter$3(HandlerMappingIntrospector.java:195)
	at org.springframework.web.filter.CompositeFilter$VirtualFilterChain.doFilter(CompositeFilter.java:113)
	at org.springframework.web.filter.CompositeFilter.doFilter(CompositeFilter.java:74)
	at org.springframework.security.config.annotation.web.configuration.WebMvcSecurityConfiguration$CompositeFilterChainProxy.doFilter(WebMvcSecurityConfiguration.java:225)
	at org.springframework.web.filter.DelegatingFilterProxy.invokeDelegate(DelegatingFilterProxy.java:352)
	at org.springframework.web.filter.DelegatingFilterProxy.doFilter(DelegatingFilterProxy.java:268)
	at org.apache.catalina.core.ApplicationFilterChain.internalDoFilter(ApplicationFilterChain.java:174)
	at org.apache.catalina.core.ApplicationFilterChain.doFilter(ApplicationFilterChain.java:149)
	at org.springframework.web.filter.RequestContextFilter.doFilterInternal(RequestContextFilter.java:100)
	at org.springframework.web.filter.OncePerRequestFilter.doFilter(OncePerRequestFilter.java:116)
	at org.apache.catalina.core.ApplicationFilterChain.internalDoFilter(ApplicationFilterChain.java:174)
	at org.apache.catalina.core.ApplicationFilterChain.doFilter(ApplicationFilterChain.java:149)
	at org.springframework.web.filter.FormContentFilter.doFilterInternal(FormContentFilter.java:93)
	at org.springframework.web.filter.OncePerRequestFilter.doFilter(OncePerRequestFilter.java:116)
	at org.apache.catalina.core.ApplicationFilterChain.internalDoFilter(ApplicationFilterChain.java:174)
	at org.apache.catalina.core.ApplicationFilterChain.doFilter(ApplicationFilterChain.java:149)
	at org.springframework.web.filter.CharacterEncodingFilter.doFilterInternal(CharacterEncodingFilter.java:201)
	at org.springframework.web.filter.OncePerRequestFilter.doFilter(OncePerRequestFilter.java:116)
	at org.apache.catalina.core.ApplicationFilterChain.internalDoFilter(ApplicationFilterChain.java:174)
	at org.apache.catalina.core.ApplicationFilterChain.doFilter(ApplicationFilterChain.java:149)
	at org.apache.catalina.core.StandardWrapperValve.invoke(StandardWrapperValve.java:167)
	at org.apache.catalina.core.StandardContextValve.invoke(StandardContextValve.java:90)
	at org.apache.catalina.authenticator.AuthenticatorBase.invoke(AuthenticatorBase.java:482)
	at org.apache.catalina.core.StandardHostValve.invoke(StandardHostValve.java:115)
	at org.apache.catalina.valves.ErrorReportValve.invoke(ErrorReportValve.java:93)
	at org.apache.catalina.core.StandardEngineValve.invoke(StandardEngineValve.java:74)
	at org.apache.catalina.connector.CoyoteAdapter.service(CoyoteAdapter.java:340)
	at org.apache.coyote.http11.Http11Processor.service(Http11Processor.java:391)
	at org.apache.coyote.AbstractProcessorLight.process(AbstractProcessorLight.java:63)
	at org.apache.coyote.AbstractProtocol$ConnectionHandler.process(AbstractProtocol.java:896)
	at org.apache.tomcat.util.net.NioEndpoint$SocketProcessor.doRun(NioEndpoint.java:1744)
	at org.apache.tomcat.util.net.SocketProcessorBase.run(SocketProcessorBase.java:52)
	at org.apache.tomcat.util.threads.ThreadPoolExecutor.runWorker(ThreadPoolExecutor.java:1191)
	at org.apache.tomcat.util.threads.ThreadPoolExecutor$Worker.run(ThreadPoolExecutor.java:659)
	at org.apache.tomcat.util.threads.TaskThread$WrappingRunnable.run(TaskThread.java:61)
	at java.base/java.lang.Thread.run(Thread.java:1570)
Caused by: org.hibernate.exception.SQLGrammarException: JDBC exception executing SQL [select count(tb1_0.id) from thong_bao tb1_0 where tb1_0.tai_khoan_id=? and not(tb1_0.da_doc)] [Table 'qltv.thong_bao' doesn't exist] [n/a]
	at org.hibernate.exception.internal.SQLExceptionTypeDelegate.convert(SQLExceptionTypeDelegate.java:66)
	at org.hibernate.exception.internal.StandardSQLExceptionConverter.convert(StandardSQLExceptionConverter.java:58)
	at org.hibernate.engine.jdbc.spi.SqlExceptionHelper.convert(SqlExceptionHelper.java:108)
	at org.hibernate.engine.jdbc.spi.SqlExceptionHelper.convert(SqlExceptionHelper.java:94)
	at org.hibernate.sql.results.jdbc.internal.DeferredResultSetAccess.executeQuery(DeferredResultSetAccess.java:265)
	at org.hibernate.sql.results.jdbc.internal.DeferredResultSetAccess.getResultSet(DeferredResultSetAccess.java:167)
	at org.hibernate.sql.results.jdbc.internal.JdbcValuesResultSetImpl.advanceNext(JdbcValuesResultSetImpl.java:218)
	at org.hibernate.sql.results.jdbc.internal.JdbcValuesResultSetImpl.processNext(JdbcValuesResultSetImpl.java:98)
	at org.hibernate.sql.results.jdbc.internal.AbstractJdbcValues.next(AbstractJdbcValues.java:19)
	at org.hibernate.sql.results.internal.RowProcessingStateStandardImpl.next(RowProcessingStateStandardImpl.java:66)
	at org.hibernate.sql.results.spi.ListResultsConsumer.consume(ListResultsConsumer.java:203)
	at org.hibernate.sql.results.spi.ListResultsConsumer.consume(ListResultsConsumer.java:33)
	at org.hibernate.sql.exec.internal.JdbcSelectExecutorStandardImpl.doExecuteQuery(JdbcSelectExecutorStandardImpl.java:209)
	at org.hibernate.sql.exec.internal.JdbcSelectExecutorStandardImpl.executeQuery(JdbcSelectExecutorStandardImpl.java:83)
	at org.hibernate.sql.exec.spi.JdbcSelectExecutor.list(JdbcSelectExecutor.java:76)
	at org.hibernate.sql.exec.spi.JdbcSelectExecutor.list(JdbcSelectExecutor.java:65)
	at org.hibernate.query.sqm.internal.ConcreteSqmSelectQueryPlan.lambda$new$2(ConcreteSqmSelectQueryPlan.java:137)
	at org.hibernate.query.sqm.internal.ConcreteSqmSelectQueryPlan.withCacheableSqmInterpretation(ConcreteSqmSelectQueryPlan.java:359)
	at org.hibernate.query.sqm.internal.ConcreteSqmSelectQueryPlan.performList(ConcreteSqmSelectQueryPlan.java:300)
	at org.hibernate.query.sqm.internal.QuerySqmImpl.doList(QuerySqmImpl.java:509)
	at org.hibernate.query.spi.AbstractSelectionQuery.list(AbstractSelectionQuery.java:427)
	at org.hibernate.query.spi.AbstractSelectionQuery.getSingleResult(AbstractSelectionQuery.java:564)
	at org.springframework.data.jpa.repository.query.JpaQueryExecution$SingleEntityExecution.doExecute(JpaQueryExecution.java:223)
	at org.springframework.data.jpa.repository.query.JpaQueryExecution.execute(JpaQueryExecution.java:92)
	at org.springframework.data.jpa.repository.query.AbstractJpaQuery.doExecute(AbstractJpaQuery.java:149)
	at org.springframework.data.jpa.repository.query.AbstractJpaQuery.execute(AbstractJpaQuery.java:137)
	at org.springframework.data.repository.core.support.RepositoryMethodInvoker.doInvoke(RepositoryMethodInvoker.java:170)
	at org.springframework.data.repository.core.support.RepositoryMethodInvoker.invoke(RepositoryMethodInvoker.java:158)
	at org.springframework.data.repository.core.support.QueryExecutorMethodInterceptor.doInvoke(QueryExecutorMethodInterceptor.java:164)
	at org.springframework.data.repository.core.support.QueryExecutorMethodInterceptor.invoke(QueryExecutorMethodInterceptor.java:143)
	at org.springframework.aop.framework.ReflectiveMethodInvocation.proceed(ReflectiveMethodInvocation.java:184)
	at org.springframework.data.projection.DefaultMethodInvokingMethodInterceptor.invoke(DefaultMethodInvokingMethodInterceptor.java:70)
	at org.springframework.aop.framework.ReflectiveMethodInvocation.proceed(ReflectiveMethodInvocation.java:184)
	at org.springframework.transaction.interceptor.TransactionInterceptor$1.proceedWithInvocation(TransactionInterceptor.java:123)
	at org.springframework.transaction.interceptor.TransactionAspectSupport.invokeWithinTransaction(TransactionAspectSupport.java:385)
	at org.springframework.transaction.interceptor.TransactionInterceptor.invoke(TransactionInterceptor.java:119)
	at org.springframework.aop.framework.ReflectiveMethodInvocation.proceed(ReflectiveMethodInvocation.java:184)
	at org.springframework.dao.support.PersistenceExceptionTranslationInterceptor.invoke(PersistenceExceptionTranslationInterceptor.java:137)
	... 107 common frames omitted
Caused by: java.sql.SQLSyntaxErrorException: Table 'qltv.thong_bao' doesn't exist
	at com.mysql.cj.jdbc.exceptions.SQLError.createSQLException(SQLError.java:121)
	at com.mysql.cj.jdbc.exceptions.SQLExceptionsMapping.translateException(SQLExceptionsMapping.java:122)
	at com.mysql.cj.jdbc.ClientPreparedStatement.executeInternal(ClientPreparedStatement.java:912)
	at com.mysql.cj.jdbc.ClientPreparedStatement.executeQuery(ClientPreparedStatement.java:968)
	at com.zaxxer.hikari.pool.ProxyPreparedStatement.executeQuery(ProxyPreparedStatement.java:52)
	at com.zaxxer.hikari.pool.HikariProxyPreparedStatement.executeQuery(HikariProxyPreparedStatement.java)
	at org.hibernate.sql.results.jdbc.internal.DeferredResultSetAccess.executeQuery(DeferredResultSetAccess.java:246)
	... 140 common frames omitted
2026-04-20 21:48:02 [http-nio-8080-exec-2] WARN  o.s.w.s.m.m.a.ExceptionHandlerExceptionResolver - Resolved [org.springframework.dao.InvalidDataAccessResourceUsageException: JDBC exception executing SQL [select count(tb1_0.id) from thong_bao tb1_0 where tb1_0.tai_khoan_id=? and not(tb1_0.da_doc)] [Table 'qltv.thong_bao' doesn't exist] [n/a]; SQL [n/a]]
2026-04-20 21:48:02 [http-nio-8080-exec-2] DEBUG o.s.web.servlet.DispatcherServlet - Using resolved error view: ModelAndView [view="redirect:http://localhost:8080/login"; model={}]
2026-04-20 21:48:02 [http-nio-8080-exec-2] DEBUG o.s.web.servlet.view.RedirectView - View name 'redirect:', model {}
2026-04-20 21:48:02 [http-nio-8080-exec-2] DEBUG o.s.web.servlet.DispatcherServlet - Completed 302 FOUND
2026-04-20 21:48:02 [http-nio-8080-exec-3] DEBUG o.s.security.web.FilterChainProxy - Securing GET /login
2026-04-20 21:48:02 [http-nio-8080-exec-3] DEBUG o.s.security.web.FilterChainProxy - Secured GET /login
2026-04-20 21:48:02 [http-nio-8080-exec-3] DEBUG o.s.web.servlet.DispatcherServlet - GET "/login", parameters={}
2026-04-20 21:48:02 [http-nio-8080-exec-3] DEBUG o.s.w.s.m.m.a.RequestMappingHandlerMapping - Mapped to com.example.library.controller.AuthController#loginPage(String, String, String, String, Model)
2026-04-20 21:48:02 [http-nio-8080-exec-3] DEBUG o.s.s.w.c.HttpSessionSecurityContextRepository - Retrieved SecurityContextImpl [Authentication=UsernamePasswordAuthenticationToken [Principal=org.springframework.security.core.userdetails.User [Username=Tanphong, Password=[PROTECTED], Enabled=true, AccountNonExpired=true, CredentialsNonExpired=true, AccountNonLocked=true, Granted Authorities=[ROLE_KHACHHANG]], Credentials=[PROTECTED], Authenticated=true, Details=WebAuthenticationDetails [RemoteIpAddress=0:0:0:0:0:0:0:1, SessionId=null], Granted Authorities=[ROLE_KHACHHANG]]]
2026-04-20 21:48:02 [http-nio-8080-exec-3] DEBUG org.hibernate.SQL - 
    select
        tk1_0.matk,
        tk1_0.avatar,
        tk1_0.diachi,
        tk1_0.email,
        tk1_0.hoten,
        tk1_0.ngaytao,
        tk1_0.password,
        tk1_0.quyen,
        tk1_0.reset_token,
        tk1_0.sodienthoai,
        tk1_0.trangthai,
        tk1_0.username 
    from
        taikhoan tk1_0 
    where
        tk1_0.username=?
2026-04-20 21:48:02 [http-nio-8080-exec-3] DEBUG org.hibernate.SQL - 
    select
        count(tb1_0.id) 
    from
        thong_bao tb1_0 
    where
        tb1_0.tai_khoan_id=? 
        and not(tb1_0.da_doc)
2026-04-20 21:48:02 [http-nio-8080-exec-3] WARN  o.h.e.jdbc.spi.SqlExceptionHelper - SQL Error: 1146, SQLState: 42S02
2026-04-20 21:48:02 [http-nio-8080-exec-3] ERROR o.h.e.jdbc.spi.SqlExceptionHelper - Table 'qltv.thong_bao' doesn't exist
2026-04-20 21:48:02 [http-nio-8080-exec-3] DEBUG o.s.w.s.m.m.a.ExceptionHandlerExceptionResolver - Using @ExceptionHandler com.example.library.exception.GlobalExceptionHandler#handleGeneralException(Exception, HttpServletRequest, RedirectAttributes)
2026-04-20 21:48:02 [http-nio-8080-exec-3] ERROR c.e.l.e.GlobalExceptionHandler - Lỗi không lường trước xảy ra tại URL: http://localhost:8080/login. Chi tiết: 
org.springframework.dao.InvalidDataAccessResourceUsageException: JDBC exception executing SQL [select count(tb1_0.id) from thong_bao tb1_0 where tb1_0.tai_khoan_id=? and not(tb1_0.da_doc)] [Table 'qltv.thong_bao' doesn't exist] [n/a]; SQL [n/a]
	at org.springframework.orm.jpa.vendor.HibernateJpaDialect.convertHibernateAccessException(HibernateJpaDialect.java:277)
	at org.springframework.orm.jpa.vendor.HibernateJpaDialect.translateExceptionIfPossible(HibernateJpaDialect.java:241)
	at org.springframework.orm.jpa.AbstractEntityManagerFactoryBean.translateExceptionIfPossible(AbstractEntityManagerFactoryBean.java:550)
	at org.springframework.dao.support.ChainedPersistenceExceptionTranslator.translateExceptionIfPossible(ChainedPersistenceExceptionTranslator.java:61)
	at org.springframework.dao.support.DataAccessUtils.translateIfNecessary(DataAccessUtils.java:335)
	at org.springframework.dao.support.PersistenceExceptionTranslationInterceptor.invoke(PersistenceExceptionTranslationInterceptor.java:152)
	at org.springframework.aop.framework.ReflectiveMethodInvocation.proceed(ReflectiveMethodInvocation.java:184)
	at org.springframework.data.jpa.repository.support.CrudMethodMetadataPostProcessor$CrudMethodMetadataPopulatingMethodInterceptor.invoke(CrudMethodMetadataPostProcessor.java:135)
	at org.springframework.aop.framework.ReflectiveMethodInvocation.proceed(ReflectiveMethodInvocation.java:184)
	at org.springframework.aop.interceptor.ExposeInvocationInterceptor.invoke(ExposeInvocationInterceptor.java:97)
	at org.springframework.aop.framework.ReflectiveMethodInvocation.proceed(ReflectiveMethodInvocation.java:184)
	at org.springframework.aop.framework.JdkDynamicAopProxy.invoke(JdkDynamicAopProxy.java:220)
	at jdk.proxy4/jdk.proxy4.$Proxy138.countByTaiKhoanIdAndDaDocFalse(Unknown Source)
	at com.example.library.service.NotificationService.getUnreadCount(NotificationService.java:70)
	at com.example.library.controller.GlobalControllerAdvice.lambda$getUnreadCount$0(GlobalControllerAdvice.java:27)
	at java.base/java.util.Optional.map(Optional.java:260)
	at com.example.library.controller.GlobalControllerAdvice.getUnreadCount(GlobalControllerAdvice.java:27)
	at java.base/jdk.internal.reflect.DirectMethodHandleAccessor.invoke(DirectMethodHandleAccessor.java:103)
	at java.base/java.lang.reflect.Method.invoke(Method.java:580)
	at org.springframework.web.method.support.InvocableHandlerMethod.doInvoke(InvocableHandlerMethod.java:261)
	at org.springframework.web.method.support.InvocableHandlerMethod.invokeForRequest(InvocableHandlerMethod.java:189)
	at org.springframework.web.method.annotation.ModelFactory.invokeModelAttributeMethods(ModelFactory.java:143)
	at org.springframework.web.method.annotation.ModelFactory.initModel(ModelFactory.java:112)
	at org.springframework.web.servlet.mvc.method.annotation.RequestMappingHandlerAdapter.invokeHandlerMethod(RequestMappingHandlerAdapter.java:894)
	at org.springframework.web.servlet.mvc.method.annotation.RequestMappingHandlerAdapter.handleInternal(RequestMappingHandlerAdapter.java:829)
	at org.springframework.web.servlet.mvc.method.AbstractHandlerMethodAdapter.handle(AbstractHandlerMethodAdapter.java:87)
	at org.springframework.web.servlet.DispatcherServlet.doDispatch(DispatcherServlet.java:1089)
	at org.springframework.web.servlet.DispatcherServlet.doService(DispatcherServlet.java:979)
	at org.springframework.web.servlet.FrameworkServlet.processRequest(FrameworkServlet.java:1014)
	at org.springframework.web.servlet.FrameworkServlet.doGet(FrameworkServlet.java:903)
	at jakarta.servlet.http.HttpServlet.service(HttpServlet.java:564)
	at org.springframework.web.servlet.FrameworkServlet.service(FrameworkServlet.java:885)
	at jakarta.servlet.http.HttpServlet.service(HttpServlet.java:658)
	at org.apache.catalina.core.ApplicationFilterChain.internalDoFilter(ApplicationFilterChain.java:205)
	at org.apache.catalina.core.ApplicationFilterChain.doFilter(ApplicationFilterChain.java:149)
	at org.apache.tomcat.websocket.server.WsFilter.doFilter(WsFilter.java:51)
	at org.apache.catalina.core.ApplicationFilterChain.internalDoFilter(ApplicationFilterChain.java:174)
	at org.apache.catalina.core.ApplicationFilterChain.doFilter(ApplicationFilterChain.java:149)
	at org.springframework.web.filter.CompositeFilter$VirtualFilterChain.doFilter(CompositeFilter.java:108)
	at org.springframework.security.web.FilterChainProxy.lambda$doFilterInternal$3(FilterChainProxy.java:231)
	at org.springframework.security.web.FilterChainProxy$VirtualFilterChain.doFilter(FilterChainProxy.java:365)
	at org.springframework.security.web.access.intercept.AuthorizationFilter.doFilter(AuthorizationFilter.java:100)
	at org.springframework.security.web.FilterChainProxy$VirtualFilterChain.doFilter(FilterChainProxy.java:374)
	at org.springframework.security.web.access.ExceptionTranslationFilter.doFilter(ExceptionTranslationFilter.java:126)
	at org.springframework.security.web.access.ExceptionTranslationFilter.doFilter(ExceptionTranslationFilter.java:120)
	at org.springframework.security.web.FilterChainProxy$VirtualFilterChain.doFilter(FilterChainProxy.java:374)
	at org.springframework.security.web.authentication.AnonymousAuthenticationFilter.doFilter(AnonymousAuthenticationFilter.java:100)
	at org.springframework.security.web.FilterChainProxy$VirtualFilterChain.doFilter(FilterChainProxy.java:374)
	at org.springframework.security.web.servletapi.SecurityContextHolderAwareRequestFilter.doFilter(SecurityContextHolderAwareRequestFilter.java:179)
	at org.springframework.security.web.FilterChainProxy$VirtualFilterChain.doFilter(FilterChainProxy.java:374)
	at org.springframework.security.web.savedrequest.RequestCacheAwareFilter.doFilter(RequestCacheAwareFilter.java:63)
	at org.springframework.security.web.FilterChainProxy$VirtualFilterChain.doFilter(FilterChainProxy.java:374)
	at org.springframework.security.web.authentication.AbstractAuthenticationProcessingFilter.doFilter(AbstractAuthenticationProcessingFilter.java:227)
	at org.springframework.security.web.authentication.AbstractAuthenticationProcessingFilter.doFilter(AbstractAuthenticationProcessingFilter.java:221)
	at org.springframework.security.web.FilterChainProxy$VirtualFilterChain.doFilter(FilterChainProxy.java:374)
	at org.springframework.security.web.authentication.logout.LogoutFilter.doFilter(LogoutFilter.java:107)
	at org.springframework.security.web.authentication.logout.LogoutFilter.doFilter(LogoutFilter.java:93)
	at org.springframework.security.web.FilterChainProxy$VirtualFilterChain.doFilter(FilterChainProxy.java:374)
	at org.springframework.web.filter.CorsFilter.doFilterInternal(CorsFilter.java:91)
	at org.springframework.web.filter.OncePerRequestFilter.doFilter(OncePerRequestFilter.java:116)
	at org.springframework.security.web.FilterChainProxy$VirtualFilterChain.doFilter(FilterChainProxy.java:374)
	at org.springframework.security.web.header.HeaderWriterFilter.doHeadersAfter(HeaderWriterFilter.java:90)
	at org.springframework.security.web.header.HeaderWriterFilter.doFilterInternal(HeaderWriterFilter.java:75)
	at org.springframework.web.filter.OncePerRequestFilter.doFilter(OncePerRequestFilter.java:116)
	at org.springframework.security.web.FilterChainProxy$VirtualFilterChain.doFilter(FilterChainProxy.java:374)
	at org.springframework.security.web.context.SecurityContextHolderFilter.doFilter(SecurityContextHolderFilter.java:82)
	at org.springframework.security.web.context.SecurityContextHolderFilter.doFilter(SecurityContextHolderFilter.java:69)
	at org.springframework.security.web.FilterChainProxy$VirtualFilterChain.doFilter(FilterChainProxy.java:374)
	at org.springframework.security.web.context.request.async.WebAsyncManagerIntegrationFilter.doFilterInternal(WebAsyncManagerIntegrationFilter.java:62)
	at org.springframework.web.filter.OncePerRequestFilter.doFilter(OncePerRequestFilter.java:116)
	at org.springframework.security.web.FilterChainProxy$VirtualFilterChain.doFilter(FilterChainProxy.java:374)
	at org.springframework.security.web.session.DisableEncodeUrlFilter.doFilterInternal(DisableEncodeUrlFilter.java:42)
	at org.springframework.web.filter.OncePerRequestFilter.doFilter(OncePerRequestFilter.java:116)
	at org.springframework.security.web.FilterChainProxy$VirtualFilterChain.doFilter(FilterChainProxy.java:374)
	at org.springframework.security.web.FilterChainProxy.doFilterInternal(FilterChainProxy.java:233)
	at org.springframework.security.web.FilterChainProxy.doFilter(FilterChainProxy.java:191)
	at org.springframework.web.filter.CompositeFilter$VirtualFilterChain.doFilter(CompositeFilter.java:113)
	at org.springframework.web.servlet.handler.HandlerMappingIntrospector.lambda$createCacheFilter$3(HandlerMappingIntrospector.java:195)
	at org.springframework.web.filter.CompositeFilter$VirtualFilterChain.doFilter(CompositeFilter.java:113)
	at org.springframework.web.filter.CompositeFilter.doFilter(CompositeFilter.java:74)
	at org.springframework.security.config.annotation.web.configuration.WebMvcSecurityConfiguration$CompositeFilterChainProxy.doFilter(WebMvcSecurityConfiguration.java:225)
	at org.springframework.web.filter.DelegatingFilterProxy.invokeDelegate(DelegatingFilterProxy.java:352)
	at org.springframework.web.filter.DelegatingFilterProxy.doFilter(DelegatingFilterProxy.java:268)
	at org.apache.catalina.core.ApplicationFilterChain.internalDoFilter(ApplicationFilterChain.java:174)
	at org.apache.catalina.core.ApplicationFilterChain.doFilter(ApplicationFilterChain.java:149)
	at org.springframework.web.filter.RequestContextFilter.doFilterInternal(RequestContextFilter.java:100)
	at org.springframework.web.filter.OncePerRequestFilter.doFilter(OncePerRequestFilter.java:116)
	at org.apache.catalina.core.ApplicationFilterChain.internalDoFilter(ApplicationFilterChain.java:174)
	at org.apache.catalina.core.ApplicationFilterChain.doFilter(ApplicationFilterChain.java:149)
	at org.springframework.web.filter.FormContentFilter.doFilterInternal(FormContentFilter.java:93)
	at org.springframework.web.filter.OncePerRequestFilter.doFilter(OncePerRequestFilter.java:116)
	at org.apache.catalina.core.ApplicationFilterChain.internalDoFilter(ApplicationFilterChain.java:174)
	at org.apache.catalina.core.ApplicationFilterChain.doFilter(ApplicationFilterChain.java:149)
	at org.springframework.web.filter.CharacterEncodingFilter.doFilterInternal(CharacterEncodingFilter.java:201)
	at org.springframework.web.filter.OncePerRequestFilter.doFilter(OncePerRequestFilter.java:116)
	at org.apache.catalina.core.ApplicationFilterChain.internalDoFilter(ApplicationFilterChain.java:174)
	at org.apache.catalina.core.ApplicationFilterChain.doFilter(ApplicationFilterChain.java:149)
	at org.apache.catalina.core.StandardWrapperValve.invoke(StandardWrapperValve.java:167)
	at org.apache.catalina.core.StandardContextValve.invoke(StandardContextValve.java:90)
	at org.apache.catalina.authenticator.AuthenticatorBase.invoke(AuthenticatorBase.java:482)
	at org.apache.catalina.core.StandardHostValve.invoke(StandardHostValve.java:115)
	at org.apache.catalina.valves.ErrorReportValve.invoke(ErrorReportValve.java:93)
	at org.apache.catalina.core.StandardEngineValve.invoke(StandardEngineValve.java:74)
	at org.apache.catalina.connector.CoyoteAdapter.service(CoyoteAdapter.java:340)
	at org.apache.coyote.http11.Http11Processor.service(Http11Processor.java:391)
	at org.apache.coyote.AbstractProcessorLight.process(AbstractProcessorLight.java:63)
	at org.apache.coyote.AbstractProtocol$ConnectionHandler.process(AbstractProtocol.java:896)
	at org.apache.tomcat.util.net.NioEndpoint$SocketProcessor.doRun(NioEndpoint.java:1744)
	at org.apache.tomcat.util.net.SocketProcessorBase.run(SocketProcessorBase.java:52)
	at org.apache.tomcat.util.threads.ThreadPoolExecutor.runWorker(ThreadPoolExecutor.java:1191)
	at org.apache.tomcat.util.threads.ThreadPoolExecutor$Worker.run(ThreadPoolExecutor.java:659)
	at org.apache.tomcat.util.threads.TaskThread$WrappingRunnable.run(TaskThread.java:61)
	at java.base/java.lang.Thread.run(Thread.java:1570)
Caused by: org.hibernate.exception.SQLGrammarException: JDBC exception executing SQL [select count(tb1_0.id) from thong_bao tb1_0 where tb1_0.tai_khoan_id=? and not(tb1_0.da_doc)] [Table 'qltv.thong_bao' doesn't exist] [n/a]
	at org.hibernate.exception.internal.SQLExceptionTypeDelegate.convert(SQLExceptionTypeDelegate.java:66)
	at org.hibernate.exception.internal.StandardSQLExceptionConverter.convert(StandardSQLExceptionConverter.java:58)
	at org.hibernate.engine.jdbc.spi.SqlExceptionHelper.convert(SqlExceptionHelper.java:108)
	at org.hibernate.engine.jdbc.spi.SqlExceptionHelper.convert(SqlExceptionHelper.java:94)
	at org.hibernate.sql.results.jdbc.internal.DeferredResultSetAccess.executeQuery(DeferredResultSetAccess.java:265)
	at org.hibernate.sql.results.jdbc.internal.DeferredResultSetAccess.getResultSet(DeferredResultSetAccess.java:167)
	at org.hibernate.sql.results.jdbc.internal.JdbcValuesResultSetImpl.advanceNext(JdbcValuesResultSetImpl.java:218)
	at org.hibernate.sql.results.jdbc.internal.JdbcValuesResultSetImpl.processNext(JdbcValuesResultSetImpl.java:98)
	at org.hibernate.sql.results.jdbc.internal.AbstractJdbcValues.next(AbstractJdbcValues.java:19)
	at org.hibernate.sql.results.internal.RowProcessingStateStandardImpl.next(RowProcessingStateStandardImpl.java:66)
	at org.hibernate.sql.results.spi.ListResultsConsumer.consume(ListResultsConsumer.java:203)
	at org.hibernate.sql.results.spi.ListResultsConsumer.consume(ListResultsConsumer.java:33)
	at org.hibernate.sql.exec.internal.JdbcSelectExecutorStandardImpl.doExecuteQuery(JdbcSelectExecutorStandardImpl.java:209)
	at org.hibernate.sql.exec.internal.JdbcSelectExecutorStandardImpl.executeQuery(JdbcSelectExecutorStandardImpl.java:83)
	at org.hibernate.sql.exec.spi.JdbcSelectExecutor.list(JdbcSelectExecutor.java:76)
	at org.hibernate.sql.exec.spi.JdbcSelectExecutor.list(JdbcSelectExecutor.java:65)
	at org.hibernate.query.sqm.internal.ConcreteSqmSelectQueryPlan.lambda$new$2(ConcreteSqmSelectQueryPlan.java:137)
	at org.hibernate.query.sqm.internal.ConcreteSqmSelectQueryPlan.withCacheableSqmInterpretation(ConcreteSqmSelectQueryPlan.java:359)
	at org.hibernate.query.sqm.internal.ConcreteSqmSelectQueryPlan.performList(ConcreteSqmSelectQueryPlan.java:300)
	at org.hibernate.query.sqm.internal.QuerySqmImpl.doList(QuerySqmImpl.java:509)
	at org.hibernate.query.spi.AbstractSelectionQuery.list(AbstractSelectionQuery.java:427)
	at org.hibernate.query.spi.AbstractSelectionQuery.getSingleResult(AbstractSelectionQuery.java:564)
	at org.springframework.data.jpa.repository.query.JpaQueryExecution$SingleEntityExecution.doExecute(JpaQueryExecution.java:223)
	at org.springframework.data.jpa.repository.query.JpaQueryExecution.execute(JpaQueryExecution.java:92)
	at org.springframework.data.jpa.repository.query.AbstractJpaQuery.doExecute(AbstractJpaQuery.java:149)
	at org.springframework.data.jpa.repository.query.AbstractJpaQuery.execute(AbstractJpaQuery.java:137)
	at org.springframework.data.repository.core.support.RepositoryMethodInvoker.doInvoke(RepositoryMethodInvoker.java:170)
	at org.springframework.data.repository.core.support.RepositoryMethodInvoker.invoke(RepositoryMethodInvoker.java:158)
	at org.springframework.data.repository.core.support.QueryExecutorMethodInterceptor.doInvoke(QueryExecutorMethodInterceptor.java:164)
	at org.springframework.data.repository.core.support.QueryExecutorMethodInterceptor.invoke(QueryExecutorMethodInterceptor.java:143)
	at org.springframework.aop.framework.ReflectiveMethodInvocation.proceed(ReflectiveMethodInvocation.java:184)
	at org.springframework.data.projection.DefaultMethodInvokingMethodInterceptor.invoke(DefaultMethodInvokingMethodInterceptor.java:70)
	at org.springframework.aop.framework.ReflectiveMethodInvocation.proceed(ReflectiveMethodInvocation.java:184)
	at org.springframework.transaction.interceptor.TransactionInterceptor$1.proceedWithInvocation(TransactionInterceptor.java:123)
	at org.springframework.transaction.interceptor.TransactionAspectSupport.invokeWithinTransaction(TransactionAspectSupport.java:385)
	at org.springframework.transaction.interceptor.TransactionInterceptor.invoke(TransactionInterceptor.java:119)
	at org.springframework.aop.framework.ReflectiveMethodInvocation.proceed(ReflectiveMethodInvocation.java:184)
	at org.springframework.dao.support.PersistenceExceptionTranslationInterceptor.invoke(PersistenceExceptionTranslationInterceptor.java:137)
	... 107 common frames omitted
Caused by: java.sql.SQLSyntaxErrorException: Table 'qltv.thong_bao' doesn't exist
	at com.mysql.cj.jdbc.exceptions.SQLError.createSQLException(SQLError.java:121)
	at com.mysql.cj.jdbc.exceptions.SQLExceptionsMapping.translateException(SQLExceptionsMapping.java:122)
	at com.mysql.cj.jdbc.ClientPreparedStatement.executeInternal(ClientPreparedStatement.java:912)
	at com.mysql.cj.jdbc.ClientPreparedStatement.executeQuery(ClientPreparedStatement.java:968)
	at com.zaxxer.hikari.pool.ProxyPreparedStatement.executeQuery(ProxyPreparedStatement.java:52)
	at com.zaxxer.hikari.pool.HikariProxyPreparedStatement.executeQuery(HikariProxyPreparedStatement.java)
	at org.hibernate.sql.results.jdbc.internal.DeferredResultSetAccess.executeQuery(DeferredResultSetAccess.java:246)
	... 140 common frames omitted
2026-04-20 21:48:02 [http-nio-8080-exec-3] WARN  o.s.w.s.m.m.a.ExceptionHandlerExceptionResolver - Resolved [org.springframework.dao.InvalidDataAccessResourceUsageException: JDBC exception executing SQL [select count(tb1_0.id) from thong_bao tb1_0 where tb1_0.tai_khoan_id=? and not(tb1_0.da_doc)] [Table 'qltv.thong_bao' doesn't exist] [n/a]; SQL [n/a]]
2026-04-20 21:48:02 [http-nio-8080-exec-3] DEBUG o.s.web.servlet.DispatcherServlet - Using resolved error view: ModelAndView [view="redirect:http://localhost:8080/login"; model={}]
2026-04-20 21:48:02 [http-nio-8080-exec-3] DEBUG o.s.web.servlet.view.RedirectView - View name 'redirect:', model {}
2026-04-20 21:48:02 [http-nio-8080-exec-3] DEBUG o.s.web.servlet.DispatcherServlet - Completed 302 FOUND
2026-04-20 21:48:02 [http-nio-8080-exec-4] DEBUG o.s.security.web.FilterChainProxy - Securing GET /login
2026-04-20 21:48:02 [http-nio-8080-exec-4] DEBUG o.s.security.web.FilterChainProxy - Secured GET /login
2026-04-20 21:48:02 [http-nio-8080-exec-4] DEBUG o.s.web.servlet.DispatcherServlet - GET "/login", parameters={}
2026-04-20 21:48:02 [http-nio-8080-exec-4] DEBUG o.s.w.s.m.m.a.RequestMappingHandlerMapping - Mapped to com.example.library.controller.AuthController#loginPage(String, String, String, String, Model)
2026-04-20 21:48:02 [http-nio-8080-exec-4] DEBUG o.s.s.w.c.HttpSessionSecurityContextRepository - Retrieved SecurityContextImpl [Authentication=UsernamePasswordAuthenticationToken [Principal=org.springframework.security.core.userdetails.User [Username=Tanphong, Password=[PROTECTED], Enabled=true, AccountNonExpired=true, CredentialsNonExpired=true, AccountNonLocked=true, Granted Authorities=[ROLE_KHACHHANG]], Credentials=[PROTECTED], Authenticated=true, Details=WebAuthenticationDetails [RemoteIpAddress=0:0:0:0:0:0:0:1, SessionId=null], Granted Authorities=[ROLE_KHACHHANG]]]
2026-04-20 21:48:02 [http-nio-8080-exec-4] DEBUG org.hibernate.SQL - 
    select
        tk1_0.matk,
        tk1_0.avatar,
        tk1_0.diachi,
        tk1_0.email,
        tk1_0.hoten,
        tk1_0.ngaytao,
        tk1_0.password,
        tk1_0.quyen,
        tk1_0.reset_token,
        tk1_0.sodienthoai,
        tk1_0.trangthai,
        tk1_0.username 
    from
        taikhoan tk1_0 
    where
        tk1_0.username=?
2026-04-20 21:48:02 [http-nio-8080-exec-4] DEBUG org.hibernate.SQL - 
    select
        count(tb1_0.id) 
    from
        thong_bao tb1_0 
    where
        tb1_0.tai_khoan_id=? 
        and not(tb1_0.da_doc)
2026-04-20 21:48:02 [http-nio-8080-exec-4] WARN  o.h.e.jdbc.spi.SqlExceptionHelper - SQL Error: 1146, SQLState: 42S02
2026-04-20 21:48:02 [http-nio-8080-exec-4] ERROR o.h.e.jdbc.spi.SqlExceptionHelper - Table 'qltv.thong_bao' doesn't exist
2026-04-20 21:48:02 [http-nio-8080-exec-4] DEBUG o.s.w.s.m.m.a.ExceptionHandlerExceptionResolver - Using @ExceptionHandler com.example.library.exception.GlobalExceptionHandler#handleGeneralException(Exception, HttpServletRequest, RedirectAttributes)
2026-04-20 21:48:02 [http-nio-8080-exec-4] ERROR c.e.l.e.GlobalExceptionHandler - Lỗi không lường trước xảy ra tại URL: http://localhost:8080/login. Chi tiết: 
org.springframework.dao.InvalidDataAccessResourceUsageException: JDBC exception executing SQL [select count(tb1_0.id) from thong_bao tb1_0 where tb1_0.tai_khoan_id=? and not(tb1_0.da_doc)] [Table 'qltv.thong_bao' doesn't exist] [n/a]; SQL [n/a]
	at org.springframework.orm.jpa.vendor.HibernateJpaDialect.convertHibernateAccessException(HibernateJpaDialect.java:277)
	at org.springframework.orm.jpa.vendor.HibernateJpaDialect.translateExceptionIfPossible(HibernateJpaDialect.java:241)
	at org.springframework.orm.jpa.AbstractEntityManagerFactoryBean.translateExceptionIfPossible(AbstractEntityManagerFactoryBean.java:550)
	at org.springframework.dao.support.ChainedPersistenceExceptionTranslator.translateExceptionIfPossible(ChainedPersistenceExceptionTranslator.java:61)
	at org.springframework.dao.support.DataAccessUtils.translateIfNecessary(DataAccessUtils.java:335)
	at org.springframework.dao.support.PersistenceExceptionTranslationInterceptor.invoke(PersistenceExceptionTranslationInterceptor.java:152)
	at org.springframework.aop.framework.ReflectiveMethodInvocation.proceed(ReflectiveMethodInvocation.java:184)
	at org.springframework.data.jpa.repository.support.CrudMethodMetadataPostProcessor$CrudMethodMetadataPopulatingMethodInterceptor.invoke(CrudMethodMetadataPostProcessor.java:135)
	at org.springframework.aop.framework.ReflectiveMethodInvocation.proceed(ReflectiveMethodInvocation.java:184)
	at org.springframework.aop.interceptor.ExposeInvocationInterceptor.invoke(ExposeInvocationInterceptor.java:97)
	at org.springframework.aop.framework.ReflectiveMethodInvocation.proceed(ReflectiveMethodInvocation.java:184)
	at org.springframework.aop.framework.JdkDynamicAopProxy.invoke(JdkDynamicAopProxy.java:220)
	at jdk.proxy4/jdk.proxy4.$Proxy138.countByTaiKhoanIdAndDaDocFalse(Unknown Source)
	at com.example.library.service.NotificationService.getUnreadCount(NotificationService.java:70)
	at com.example.library.controller.GlobalControllerAdvice.lambda$getUnreadCount$0(GlobalControllerAdvice.java:27)
	at java.base/java.util.Optional.map(Optional.java:260)
	at com.example.library.controller.GlobalControllerAdvice.getUnreadCount(GlobalControllerAdvice.java:27)
	at java.base/jdk.internal.reflect.DirectMethodHandleAccessor.invoke(DirectMethodHandleAccessor.java:103)
	at java.base/java.lang.reflect.Method.invoke(Method.java:580)
	at org.springframework.web.method.support.InvocableHandlerMethod.doInvoke(InvocableHandlerMethod.java:261)
	at org.springframework.web.method.support.InvocableHandlerMethod.invokeForRequest(InvocableHandlerMethod.java:189)
	at org.springframework.web.method.annotation.ModelFactory.invokeModelAttributeMethods(ModelFactory.java:143)
	at org.springframework.web.method.annotation.ModelFactory.initModel(ModelFactory.java:112)
	at org.springframework.web.servlet.mvc.method.annotation.RequestMappingHandlerAdapter.invokeHandlerMethod(RequestMappingHandlerAdapter.java:894)
	at org.springframework.web.servlet.mvc.method.annotation.RequestMappingHandlerAdapter.handleInternal(RequestMappingHandlerAdapter.java:829)
	at org.springframework.web.servlet.mvc.method.AbstractHandlerMethodAdapter.handle(AbstractHandlerMethodAdapter.java:87)
	at org.springframework.web.servlet.DispatcherServlet.doDispatch(DispatcherServlet.java:1089)
	at org.springframework.web.servlet.DispatcherServlet.doService(DispatcherServlet.java:979)
	at org.springframework.web.servlet.FrameworkServlet.processRequest(FrameworkServlet.java:1014)
	at org.springframework.web.servlet.FrameworkServlet.doGet(FrameworkServlet.java:903)
	at jakarta.servlet.http.HttpServlet.service(HttpServlet.java:564)
	at org.springframework.web.servlet.FrameworkServlet.service(FrameworkServlet.java:885)
	at jakarta.servlet.http.HttpServlet.service(HttpServlet.java:658)
	at org.apache.catalina.core.ApplicationFilterChain.internalDoFilter(ApplicationFilterChain.java:205)
	at org.apache.catalina.core.ApplicationFilterChain.doFilter(ApplicationFilterChain.java:149)
	at org.apache.tomcat.websocket.server.WsFilter.doFilter(WsFilter.java:51)
	at org.apache.catalina.core.ApplicationFilterChain.internalDoFilter(ApplicationFilterChain.java:174)
	at org.apache.catalina.core.ApplicationFilterChain.doFilter(ApplicationFilterChain.java:149)
	at org.springframework.web.filter.CompositeFilter$VirtualFilterChain.doFilter(CompositeFilter.java:108)
	at org.springframework.security.web.FilterChainProxy.lambda$doFilterInternal$3(FilterChainProxy.java:231)
	at org.springframework.security.web.FilterChainProxy$VirtualFilterChain.doFilter(FilterChainProxy.java:365)
	at org.springframework.security.web.access.intercept.AuthorizationFilter.doFilter(AuthorizationFilter.java:100)
	at org.springframework.security.web.FilterChainProxy$VirtualFilterChain.doFilter(FilterChainProxy.java:374)
	at org.springframework.security.web.access.ExceptionTranslationFilter.doFilter(ExceptionTranslationFilter.java:126)
	at org.springframework.security.web.access.ExceptionTranslationFilter.doFilter(ExceptionTranslationFilter.java:120)
	at org.springframework.security.web.FilterChainProxy$VirtualFilterChain.doFilter(FilterChainProxy.java:374)
	at org.springframework.security.web.authentication.AnonymousAuthenticationFilter.doFilter(AnonymousAuthenticationFilter.java:100)
	at org.springframework.security.web.FilterChainProxy$VirtualFilterChain.doFilter(FilterChainProxy.java:374)
	at org.springframework.security.web.servletapi.SecurityContextHolderAwareRequestFilter.doFilter(SecurityContextHolderAwareRequestFilter.java:179)
	at org.springframework.security.web.FilterChainProxy$VirtualFilterChain.doFilter(FilterChainProxy.java:374)
	at org.springframework.security.web.savedrequest.RequestCacheAwareFilter.doFilter(RequestCacheAwareFilter.java:63)
	at org.springframework.security.web.FilterChainProxy$VirtualFilterChain.doFilter(FilterChainProxy.java:374)
	at org.springframework.security.web.authentication.AbstractAuthenticationProcessingFilter.doFilter(AbstractAuthenticationProcessingFilter.java:227)
	at org.springframework.security.web.authentication.AbstractAuthenticationProcessingFilter.doFilter(AbstractAuthenticationProcessingFilter.java:221)
	at org.springframework.security.web.FilterChainProxy$VirtualFilterChain.doFilter(FilterChainProxy.java:374)
	at org.springframework.security.web.authentication.logout.LogoutFilter.doFilter(LogoutFilter.java:107)
	at org.springframework.security.web.authentication.logout.LogoutFilter.doFilter(LogoutFilter.java:93)
	at org.springframework.security.web.FilterChainProxy$VirtualFilterChain.doFilter(FilterChainProxy.java:374)
	at org.springframework.web.filter.CorsFilter.doFilterInternal(CorsFilter.java:91)
	at org.springframework.web.filter.OncePerRequestFilter.doFilter(OncePerRequestFilter.java:116)
	at org.springframework.security.web.FilterChainProxy$VirtualFilterChain.doFilter(FilterChainProxy.java:374)
	at org.springframework.security.web.header.HeaderWriterFilter.doHeadersAfter(HeaderWriterFilter.java:90)
	at org.springframework.security.web.header.HeaderWriterFilter.doFilterInternal(HeaderWriterFilter.java:75)
	at org.springframework.web.filter.OncePerRequestFilter.doFilter(OncePerRequestFilter.java:116)
	at org.springframework.security.web.FilterChainProxy$VirtualFilterChain.doFilter(FilterChainProxy.java:374)
	at org.springframework.security.web.context.SecurityContextHolderFilter.doFilter(SecurityContextHolderFilter.java:82)
	at org.springframework.security.web.context.SecurityContextHolderFilter.doFilter(SecurityContextHolderFilter.java:69)
	at org.springframework.security.web.FilterChainProxy$VirtualFilterChain.doFilter(FilterChainProxy.java:374)
	at org.springframework.security.web.context.request.async.WebAsyncManagerIntegrationFilter.doFilterInternal(WebAsyncManagerIntegrationFilter.java:62)
	at org.springframework.web.filter.OncePerRequestFilter.doFilter(OncePerRequestFilter.java:116)
	at org.springframework.security.web.FilterChainProxy$VirtualFilterChain.doFilter(FilterChainProxy.java:374)
	at org.springframework.security.web.session.DisableEncodeUrlFilter.doFilterInternal(DisableEncodeUrlFilter.java:42)
	at org.springframework.web.filter.OncePerRequestFilter.doFilter(OncePerRequestFilter.java:116)
	at org.springframework.security.web.FilterChainProxy$VirtualFilterChain.doFilter(FilterChainProxy.java:374)
	at org.springframework.security.web.FilterChainProxy.doFilterInternal(FilterChainProxy.java:233)
	at org.springframework.security.web.FilterChainProxy.doFilter(FilterChainProxy.java:191)
	at org.springframework.web.filter.CompositeFilter$VirtualFilterChain.doFilter(CompositeFilter.java:113)
	at org.springframework.web.servlet.handler.HandlerMappingIntrospector.lambda$createCacheFilter$3(HandlerMappingIntrospector.java:195)
	at org.springframework.web.filter.CompositeFilter$VirtualFilterChain.doFilter(CompositeFilter.java:113)
	at org.springframework.web.filter.CompositeFilter.doFilter(CompositeFilter.java:74)
	at org.springframework.security.config.annotation.web.configuration.WebMvcSecurityConfiguration$CompositeFilterChainProxy.doFilter(WebMvcSecurityConfiguration.java:225)
	at org.springframework.web.filter.DelegatingFilterProxy.invokeDelegate(DelegatingFilterProxy.java:352)
	at org.springframework.web.filter.DelegatingFilterProxy.doFilter(DelegatingFilterProxy.java:268)
	at org.apache.catalina.core.ApplicationFilterChain.internalDoFilter(ApplicationFilterChain.java:174)
	at org.apache.catalina.core.ApplicationFilterChain.doFilter(ApplicationFilterChain.java:149)
	at org.springframework.web.filter.RequestContextFilter.doFilterInternal(RequestContextFilter.java:100)
	at org.springframework.web.filter.OncePerRequestFilter.doFilter(OncePerRequestFilter.java:116)
	at org.apache.catalina.core.ApplicationFilterChain.internalDoFilter(ApplicationFilterChain.java:174)
	at org.apache.catalina.core.ApplicationFilterChain.doFilter(ApplicationFilterChain.java:149)
	at org.springframework.web.filter.FormContentFilter.doFilterInternal(FormContentFilter.java:93)
	at org.springframework.web.filter.OncePerRequestFilter.doFilter(OncePerRequestFilter.java:116)
	at org.apache.catalina.core.ApplicationFilterChain.internalDoFilter(ApplicationFilterChain.java:174)
	at org.apache.catalina.core.ApplicationFilterChain.doFilter(ApplicationFilterChain.java:149)
	at org.springframework.web.filter.CharacterEncodingFilter.doFilterInternal(CharacterEncodingFilter.java:201)
	at org.springframework.web.filter.OncePerRequestFilter.doFilter(OncePerRequestFilter.java:116)
	at org.apache.catalina.core.ApplicationFilterChain.internalDoFilter(ApplicationFilterChain.java:174)
	at org.apache.catalina.core.ApplicationFilterChain.doFilter(ApplicationFilterChain.java:149)
	at org.apache.catalina.core.StandardWrapperValve.invoke(StandardWrapperValve.java:167)
	at org.apache.catalina.core.StandardContextValve.invoke(StandardContextValve.java:90)
	at org.apache.catalina.authenticator.AuthenticatorBase.invoke(AuthenticatorBase.java:482)
	at org.apache.catalina.core.StandardHostValve.invoke(StandardHostValve.java:115)
	at org.apache.catalina.valves.ErrorReportValve.invoke(ErrorReportValve.java:93)
	at org.apache.catalina.core.StandardEngineValve.invoke(StandardEngineValve.java:74)
	at org.apache.catalina.connector.CoyoteAdapter.service(CoyoteAdapter.java:340)
	at org.apache.coyote.http11.Http11Processor.service(Http11Processor.java:391)
	at org.apache.coyote.AbstractProcessorLight.process(AbstractProcessorLight.java:63)
	at org.apache.coyote.AbstractProtocol$ConnectionHandler.process(AbstractProtocol.java:896)
	at org.apache.tomcat.util.net.NioEndpoint$SocketProcessor.doRun(NioEndpoint.java:1744)
	at org.apache.tomcat.util.net.SocketProcessorBase.run(SocketProcessorBase.java:52)
	at org.apache.tomcat.util.threads.ThreadPoolExecutor.runWorker(ThreadPoolExecutor.java:1191)
	at org.apache.tomcat.util.threads.ThreadPoolExecutor$Worker.run(ThreadPoolExecutor.java:659)
	at org.apache.tomcat.util.threads.TaskThread$WrappingRunnable.run(TaskThread.java:61)
	at java.base/java.lang.Thread.run(Thread.java:1570)
Caused by: org.hibernate.exception.SQLGrammarException: JDBC exception executing SQL [select count(tb1_0.id) from thong_bao tb1_0 where tb1_0.tai_khoan_id=? and not(tb1_0.da_doc)] [Table 'qltv.thong_bao' doesn't exist] [n/a]
	at org.hibernate.exception.internal.SQLExceptionTypeDelegate.convert(SQLExceptionTypeDelegate.java:66)
	at org.hibernate.exception.internal.StandardSQLExceptionConverter.convert(StandardSQLExceptionConverter.java:58)
	at org.hibernate.engine.jdbc.spi.SqlExceptionHelper.convert(SqlExceptionHelper.java:108)
	at org.hibernate.engine.jdbc.spi.SqlExceptionHelper.convert(SqlExceptionHelper.java:94)
	at org.hibernate.sql.results.jdbc.internal.DeferredResultSetAccess.executeQuery(DeferredResultSetAccess.java:265)
	at org.hibernate.sql.results.jdbc.internal.DeferredResultSetAccess.getResultSet(DeferredResultSetAccess.java:167)
	at org.hibernate.sql.results.jdbc.internal.JdbcValuesResultSetImpl.advanceNext(JdbcValuesResultSetImpl.java:218)
	at org.hibernate.sql.results.jdbc.internal.JdbcValuesResultSetImpl.processNext(JdbcValuesResultSetImpl.java:98)
	at org.hibernate.sql.results.jdbc.internal.AbstractJdbcValues.next(AbstractJdbcValues.java:19)
	at org.hibernate.sql.results.internal.RowProcessingStateStandardImpl.next(RowProcessingStateStandardImpl.java:66)
	at org.hibernate.sql.results.spi.ListResultsConsumer.consume(ListResultsConsumer.java:203)
	at org.hibernate.sql.results.spi.ListResultsConsumer.consume(ListResultsConsumer.java:33)
	at org.hibernate.sql.exec.internal.JdbcSelectExecutorStandardImpl.doExecuteQuery(JdbcSelectExecutorStandardImpl.java:209)
	at org.hibernate.sql.exec.internal.JdbcSelectExecutorStandardImpl.executeQuery(JdbcSelectExecutorStandardImpl.java:83)
	at org.hibernate.sql.exec.spi.JdbcSelectExecutor.list(JdbcSelectExecutor.java:76)
	at org.hibernate.sql.exec.spi.JdbcSelectExecutor.list(JdbcSelectExecutor.java:65)
	at org.hibernate.query.sqm.internal.ConcreteSqmSelectQueryPlan.lambda$new$2(ConcreteSqmSelectQueryPlan.java:137)
	at org.hibernate.query.sqm.internal.ConcreteSqmSelectQueryPlan.withCacheableSqmInterpretation(ConcreteSqmSelectQueryPlan.java:359)
	at org.hibernate.query.sqm.internal.ConcreteSqmSelectQueryPlan.performList(ConcreteSqmSelectQueryPlan.java:300)
	at org.hibernate.query.sqm.internal.QuerySqmImpl.doList(QuerySqmImpl.java:509)
	at org.hibernate.query.spi.AbstractSelectionQuery.list(AbstractSelectionQuery.java:427)
	at org.hibernate.query.spi.AbstractSelectionQuery.getSingleResult(AbstractSelectionQuery.java:564)
	at org.springframework.data.jpa.repository.query.JpaQueryExecution$SingleEntityExecution.doExecute(JpaQueryExecution.java:223)
	at org.springframework.data.jpa.repository.query.JpaQueryExecution.execute(JpaQueryExecution.java:92)
	at org.springframework.data.jpa.repository.query.AbstractJpaQuery.doExecute(AbstractJpaQuery.java:149)
	at org.springframework.data.jpa.repository.query.AbstractJpaQuery.execute(AbstractJpaQuery.java:137)
	at org.springframework.data.repository.core.support.RepositoryMethodInvoker.doInvoke(RepositoryMethodInvoker.java:170)
	at org.springframework.data.repository.core.support.RepositoryMethodInvoker.invoke(RepositoryMethodInvoker.java:158)
	at org.springframework.data.repository.core.support.QueryExecutorMethodInterceptor.doInvoke(QueryExecutorMethodInterceptor.java:164)
	at org.springframework.data.repository.core.support.QueryExecutorMethodInterceptor.invoke(QueryExecutorMethodInterceptor.java:143)
	at org.springframework.aop.framework.ReflectiveMethodInvocation.proceed(ReflectiveMethodInvocation.java:184)
	at org.springframework.data.projection.DefaultMethodInvokingMethodInterceptor.invoke(DefaultMethodInvokingMethodInterceptor.java:70)
	at org.springframework.aop.framework.ReflectiveMethodInvocation.proceed(ReflectiveMethodInvocation.java:184)
	at org.springframework.transaction.interceptor.TransactionInterceptor$1.proceedWithInvocation(TransactionInterceptor.java:123)
	at org.springframework.transaction.interceptor.TransactionAspectSupport.invokeWithinTransaction(TransactionAspectSupport.java:385)
	at org.springframework.transaction.interceptor.TransactionInterceptor.invoke(TransactionInterceptor.java:119)
	at org.springframework.aop.framework.ReflectiveMethodInvocation.proceed(ReflectiveMethodInvocation.java:184)
	at org.springframework.dao.support.PersistenceExceptionTranslationInterceptor.invoke(PersistenceExceptionTranslationInterceptor.java:137)
	... 107 common frames omitted
Caused by: java.sql.SQLSyntaxErrorException: Table 'qltv.thong_bao' doesn't exist
	at com.mysql.cj.jdbc.exceptions.SQLError.createSQLException(SQLError.java:121)
	at com.mysql.cj.jdbc.exceptions.SQLExceptionsMapping.translateException(SQLExceptionsMapping.java:122)
	at com.mysql.cj.jdbc.ClientPreparedStatement.executeInternal(ClientPreparedStatement.java:912)
	at com.mysql.cj.jdbc.ClientPreparedStatement.executeQuery(ClientPreparedStatement.java:968)
	at com.zaxxer.hikari.pool.ProxyPreparedStatement.executeQuery(ProxyPreparedStatement.java:52)
	at com.zaxxer.hikari.pool.HikariProxyPreparedStatement.executeQuery(HikariProxyPreparedStatement.java)
	at org.hibernate.sql.results.jdbc.internal.DeferredResultSetAccess.executeQuery(DeferredResultSetAccess.java:246)
	... 140 common frames omitted
2026-04-20 21:48:02 [http-nio-8080-exec-4] WARN  o.s.w.s.m.m.a.ExceptionHandlerExceptionResolver - Resolved [org.springframework.dao.InvalidDataAccessResourceUsageException: JDBC exception executing SQL [select count(tb1_0.id) from thong_bao tb1_0 where tb1_0.tai_khoan_id=? and not(tb1_0.da_doc)] [Table 'qltv.thong_bao' doesn't exist] [n/a]; SQL [n/a]]
2026-04-20 21:48:02 [http-nio-8080-exec-4] DEBUG o.s.web.servlet.DispatcherServlet - Using resolved error view: ModelAndView [view="redirect:http://localhost:8080/login"; model={}]
2026-04-20 21:48:02 [http-nio-8080-exec-4] DEBUG o.s.web.servlet.view.RedirectView - View name 'redirect:', model {}
2026-04-20 21:48:02 [http-nio-8080-exec-4] DEBUG o.s.web.servlet.DispatcherServlet - Completed 302 FOUND
2026-04-20 21:48:02 [http-nio-8080-exec-7] DEBUG o.s.security.web.FilterChainProxy - Securing GET /login
2026-04-20 21:48:02 [http-nio-8080-exec-7] DEBUG o.s.security.web.FilterChainProxy - Secured GET /login
2026-04-20 21:48:02 [http-nio-8080-exec-7] DEBUG o.s.web.servlet.DispatcherServlet - GET "/login", parameters={}
2026-04-20 21:48:02 [http-nio-8080-exec-7] DEBUG o.s.w.s.m.m.a.RequestMappingHandlerMapping - Mapped to com.example.library.controller.AuthController#loginPage(String, String, String, String, Model)
2026-04-20 21:48:02 [http-nio-8080-exec-7] DEBUG o.s.s.w.c.HttpSessionSecurityContextRepository - Retrieved SecurityContextImpl [Authentication=UsernamePasswordAuthenticationToken [Principal=org.springframework.security.core.userdetails.User [Username=Tanphong, Password=[PROTECTED], Enabled=true, AccountNonExpired=true, CredentialsNonExpired=true, AccountNonLocked=true, Granted Authorities=[ROLE_KHACHHANG]], Credentials=[PROTECTED], Authenticated=true, Details=WebAuthenticationDetails [RemoteIpAddress=0:0:0:0:0:0:0:1, SessionId=null], Granted Authorities=[ROLE_KHACHHANG]]]
2026-04-20 21:48:02 [http-nio-8080-exec-7] DEBUG org.hibernate.SQL - 
    select
        tk1_0.matk,
        tk1_0.avatar,
        tk1_0.diachi,
        tk1_0.email,
        tk1_0.hoten,
        tk1_0.ngaytao,
        tk1_0.password,
        tk1_0.quyen,
        tk1_0.reset_token,
        tk1_0.sodienthoai,
        tk1_0.trangthai,
        tk1_0.username 
    from
        taikhoan tk1_0 
    where
        tk1_0.username=?
2026-04-20 21:48:02 [http-nio-8080-exec-7] DEBUG org.hibernate.SQL - 
    select
        count(tb1_0.id) 
    from
        thong_bao tb1_0 
    where
        tb1_0.tai_khoan_id=? 
        and not(tb1_0.da_doc)
2026-04-20 21:48:02 [http-nio-8080-exec-7] WARN  o.h.e.jdbc.spi.SqlExceptionHelper - SQL Error: 1146, SQLState: 42S02
2026-04-20 21:48:02 [http-nio-8080-exec-7] ERROR o.h.e.jdbc.spi.SqlExceptionHelper - Table 'qltv.thong_bao' doesn't exist
2026-04-20 21:48:02 [http-nio-8080-exec-7] DEBUG o.s.w.s.m.m.a.ExceptionHandlerExceptionResolver - Using @ExceptionHandler com.example.library.exception.GlobalExceptionHandler#handleGeneralException(Exception, HttpServletRequest, RedirectAttributes)
2026-04-20 21:48:02 [http-nio-8080-exec-7] ERROR c.e.l.e.GlobalExceptionHandler - Lỗi không lường trước xảy ra tại URL: http://localhost:8080/login. Chi tiết: 
org.springframework.dao.InvalidDataAccessResourceUsageException: JDBC exception executing SQL [select count(tb1_0.id) from thong_bao tb1_0 where tb1_0.tai_khoan_id=? and not(tb1_0.da_doc)] [Table 'qltv.thong_bao' doesn't exist] [n/a]; SQL [n/a]
	at org.springframework.orm.jpa.vendor.HibernateJpaDialect.convertHibernateAccessException(HibernateJpaDialect.java:277)
	at org.springframework.orm.jpa.vendor.HibernateJpaDialect.translateExceptionIfPossible(HibernateJpaDialect.java:241)
	at org.springframework.orm.jpa.AbstractEntityManagerFactoryBean.translateExceptionIfPossible(AbstractEntityManagerFactoryBean.java:550)
	at org.springframework.dao.support.ChainedPersistenceExceptionTranslator.translateExceptionIfPossible(ChainedPersistenceExceptionTranslator.java:61)
	at org.springframework.dao.support.DataAccessUtils.translateIfNecessary(DataAccessUtils.java:335)
	at org.springframework.dao.support.PersistenceExceptionTranslationInterceptor.invoke(PersistenceExceptionTranslationInterceptor.java:152)
	at org.springframework.aop.framework.ReflectiveMethodInvocation.proceed(ReflectiveMethodInvocation.java:184)
	at org.springframework.data.jpa.repository.support.CrudMethodMetadataPostProcessor$CrudMethodMetadataPopulatingMethodInterceptor.invoke(CrudMethodMetadataPostProcessor.java:135)
	at org.springframework.aop.framework.ReflectiveMethodInvocation.proceed(ReflectiveMethodInvocation.java:184)
	at org.springframework.aop.interceptor.ExposeInvocationInterceptor.invoke(ExposeInvocationInterceptor.java:97)
	at org.springframework.aop.framework.ReflectiveMethodInvocation.proceed(ReflectiveMethodInvocation.java:184)
	at org.springframework.aop.framework.JdkDynamicAopProxy.invoke(JdkDynamicAopProxy.java:220)
	at jdk.proxy4/jdk.proxy4.$Proxy138.countByTaiKhoanIdAndDaDocFalse(Unknown Source)
	at com.example.library.service.NotificationService.getUnreadCount(NotificationService.java:70)
	at com.example.library.controller.GlobalControllerAdvice.lambda$getUnreadCount$0(GlobalControllerAdvice.java:27)
	at java.base/java.util.Optional.map(Optional.java:260)
	at com.example.library.controller.GlobalControllerAdvice.getUnreadCount(GlobalControllerAdvice.java:27)
	at java.base/jdk.internal.reflect.DirectMethodHandleAccessor.invoke(DirectMethodHandleAccessor.java:103)
	at java.base/java.lang.reflect.Method.invoke(Method.java:580)
	at org.springframework.web.method.support.InvocableHandlerMethod.doInvoke(InvocableHandlerMethod.java:261)
	at org.springframework.web.method.support.InvocableHandlerMethod.invokeForRequest(InvocableHandlerMethod.java:189)
	at org.springframework.web.method.annotation.ModelFactory.invokeModelAttributeMethods(ModelFactory.java:143)
	at org.springframework.web.method.annotation.ModelFactory.initModel(ModelFactory.java:112)
	at org.springframework.web.servlet.mvc.method.annotation.RequestMappingHandlerAdapter.invokeHandlerMethod(RequestMappingHandlerAdapter.java:894)
	at org.springframework.web.servlet.mvc.method.annotation.RequestMappingHandlerAdapter.handleInternal(RequestMappingHandlerAdapter.java:829)
	at org.springframework.web.servlet.mvc.method.AbstractHandlerMethodAdapter.handle(AbstractHandlerMethodAdapter.java:87)
	at org.springframework.web.servlet.DispatcherServlet.doDispatch(DispatcherServlet.java:1089)
	at org.springframework.web.servlet.DispatcherServlet.doService(DispatcherServlet.java:979)
	at org.springframework.web.servlet.FrameworkServlet.processRequest(FrameworkServlet.java:1014)
	at org.springframework.web.servlet.FrameworkServlet.doGet(FrameworkServlet.java:903)
	at jakarta.servlet.http.HttpServlet.service(HttpServlet.java:564)
	at org.springframework.web.servlet.FrameworkServlet.service(FrameworkServlet.java:885)
	at jakarta.servlet.http.HttpServlet.service(HttpServlet.java:658)
	at org.apache.catalina.core.ApplicationFilterChain.internalDoFilter(ApplicationFilterChain.java:205)
	at org.apache.catalina.core.ApplicationFilterChain.doFilter(ApplicationFilterChain.java:149)
	at org.apache.tomcat.websocket.server.WsFilter.doFilter(WsFilter.java:51)
	at org.apache.catalina.core.ApplicationFilterChain.internalDoFilter(ApplicationFilterChain.java:174)
	at org.apache.catalina.core.ApplicationFilterChain.doFilter(ApplicationFilterChain.java:149)
	at org.springframework.web.filter.CompositeFilter$VirtualFilterChain.doFilter(CompositeFilter.java:108)
	at org.springframework.security.web.FilterChainProxy.lambda$doFilterInternal$3(FilterChainProxy.java:231)
	at org.springframework.security.web.FilterChainProxy$VirtualFilterChain.doFilter(FilterChainProxy.java:365)
	at org.springframework.security.web.access.intercept.AuthorizationFilter.doFilter(AuthorizationFilter.java:100)
	at org.springframework.security.web.FilterChainProxy$VirtualFilterChain.doFilter(FilterChainProxy.java:374)
	at org.springframework.security.web.access.ExceptionTranslationFilter.doFilter(ExceptionTranslationFilter.java:126)
	at org.springframework.security.web.access.ExceptionTranslationFilter.doFilter(ExceptionTranslationFilter.java:120)
	at org.springframework.security.web.FilterChainProxy$VirtualFilterChain.doFilter(FilterChainProxy.java:374)
	at org.springframework.security.web.authentication.AnonymousAuthenticationFilter.doFilter(AnonymousAuthenticationFilter.java:100)
	at org.springframework.security.web.FilterChainProxy$VirtualFilterChain.doFilter(FilterChainProxy.java:374)
	at org.springframework.security.web.servletapi.SecurityContextHolderAwareRequestFilter.doFilter(SecurityContextHolderAwareRequestFilter.java:179)
	at org.springframework.security.web.FilterChainProxy$VirtualFilterChain.doFilter(FilterChainProxy.java:374)
	at org.springframework.security.web.savedrequest.RequestCacheAwareFilter.doFilter(RequestCacheAwareFilter.java:63)
	at org.springframework.security.web.FilterChainProxy$VirtualFilterChain.doFilter(FilterChainProxy.java:374)
	at org.springframework.security.web.authentication.AbstractAuthenticationProcessingFilter.doFilter(AbstractAuthenticationProcessingFilter.java:227)
	at org.springframework.security.web.authentication.AbstractAuthenticationProcessingFilter.doFilter(AbstractAuthenticationProcessingFilter.java:221)
	at org.springframework.security.web.FilterChainProxy$VirtualFilterChain.doFilter(FilterChainProxy.java:374)
	at org.springframework.security.web.authentication.logout.LogoutFilter.doFilter(LogoutFilter.java:107)
	at org.springframework.security.web.authentication.logout.LogoutFilter.doFilter(LogoutFilter.java:93)
	at org.springframework.security.web.FilterChainProxy$VirtualFilterChain.doFilter(FilterChainProxy.java:374)
	at org.springframework.web.filter.CorsFilter.doFilterInternal(CorsFilter.java:91)
	at org.springframework.web.filter.OncePerRequestFilter.doFilter(OncePerRequestFilter.java:116)
	at org.springframework.security.web.FilterChainProxy$VirtualFilterChain.doFilter(FilterChainProxy.java:374)
	at org.springframework.security.web.header.HeaderWriterFilter.doHeadersAfter(HeaderWriterFilter.java:90)
	at org.springframework.security.web.header.HeaderWriterFilter.doFilterInternal(HeaderWriterFilter.java:75)
	at org.springframework.web.filter.OncePerRequestFilter.doFilter(OncePerRequestFilter.java:116)
	at org.springframework.security.web.FilterChainProxy$VirtualFilterChain.doFilter(FilterChainProxy.java:374)
	at org.springframework.security.web.context.SecurityContextHolderFilter.doFilter(SecurityContextHolderFilter.java:82)
	at org.springframework.security.web.context.SecurityContextHolderFilter.doFilter(SecurityContextHolderFilter.java:69)
	at org.springframework.security.web.FilterChainProxy$VirtualFilterChain.doFilter(FilterChainProxy.java:374)
	at org.springframework.security.web.context.request.async.WebAsyncManagerIntegrationFilter.doFilterInternal(WebAsyncManagerIntegrationFilter.java:62)
	at org.springframework.web.filter.OncePerRequestFilter.doFilter(OncePerRequestFilter.java:116)
	at org.springframework.security.web.FilterChainProxy$VirtualFilterChain.doFilter(FilterChainProxy.java:374)
	at org.springframework.security.web.session.DisableEncodeUrlFilter.doFilterInternal(DisableEncodeUrlFilter.java:42)
	at org.springframework.web.filter.OncePerRequestFilter.doFilter(OncePerRequestFilter.java:116)
	at org.springframework.security.web.FilterChainProxy$VirtualFilterChain.doFilter(FilterChainProxy.java:374)
	at org.springframework.security.web.FilterChainProxy.doFilterInternal(FilterChainProxy.java:233)
	at org.springframework.security.web.FilterChainProxy.doFilter(FilterChainProxy.java:191)
	at org.springframework.web.filter.CompositeFilter$VirtualFilterChain.doFilter(CompositeFilter.java:113)
	at org.springframework.web.servlet.handler.HandlerMappingIntrospector.lambda$createCacheFilter$3(HandlerMappingIntrospector.java:195)
	at org.springframework.web.filter.CompositeFilter$VirtualFilterChain.doFilter(CompositeFilter.java:113)
	at org.springframework.web.filter.CompositeFilter.doFilter(CompositeFilter.java:74)
	at org.springframework.security.config.annotation.web.configuration.WebMvcSecurityConfiguration$CompositeFilterChainProxy.doFilter(WebMvcSecurityConfiguration.java:225)
	at org.springframework.web.filter.DelegatingFilterProxy.invokeDelegate(DelegatingFilterProxy.java:352)
	at org.springframework.web.filter.DelegatingFilterProxy.doFilter(DelegatingFilterProxy.java:268)
	at org.apache.catalina.core.ApplicationFilterChain.internalDoFilter(ApplicationFilterChain.java:174)
	at org.apache.catalina.core.ApplicationFilterChain.doFilter(ApplicationFilterChain.java:149)
	at org.springframework.web.filter.RequestContextFilter.doFilterInternal(RequestContextFilter.java:100)
	at org.springframework.web.filter.OncePerRequestFilter.doFilter(OncePerRequestFilter.java:116)
	at org.apache.catalina.core.ApplicationFilterChain.internalDoFilter(ApplicationFilterChain.java:174)
	at org.apache.catalina.core.ApplicationFilterChain.doFilter(ApplicationFilterChain.java:149)
	at org.springframework.web.filter.FormContentFilter.doFilterInternal(FormContentFilter.java:93)
	at org.springframework.web.filter.OncePerRequestFilter.doFilter(OncePerRequestFilter.java:116)
	at org.apache.catalina.core.ApplicationFilterChain.internalDoFilter(ApplicationFilterChain.java:174)
	at org.apache.catalina.core.ApplicationFilterChain.doFilter(ApplicationFilterChain.java:149)
	at org.springframework.web.filter.CharacterEncodingFilter.doFilterInternal(CharacterEncodingFilter.java:201)
	at org.springframework.web.filter.OncePerRequestFilter.doFilter(OncePerRequestFilter.java:116)
	at org.apache.catalina.core.ApplicationFilterChain.internalDoFilter(ApplicationFilterChain.java:174)
	at org.apache.catalina.core.ApplicationFilterChain.doFilter(ApplicationFilterChain.java:149)
	at org.apache.catalina.core.StandardWrapperValve.invoke(StandardWrapperValve.java:167)
	at org.apache.catalina.core.StandardContextValve.invoke(StandardContextValve.java:90)
	at org.apache.catalina.authenticator.AuthenticatorBase.invoke(AuthenticatorBase.java:482)
	at org.apache.catalina.core.StandardHostValve.invoke(StandardHostValve.java:115)
	at org.apache.catalina.valves.ErrorReportValve.invoke(ErrorReportValve.java:93)
	at org.apache.catalina.core.StandardEngineValve.invoke(StandardEngineValve.java:74)
	at org.apache.catalina.connector.CoyoteAdapter.service(CoyoteAdapter.java:340)
	at org.apache.coyote.http11.Http11Processor.service(Http11Processor.java:391)
	at org.apache.coyote.AbstractProcessorLight.process(AbstractProcessorLight.java:63)
	at org.apache.coyote.AbstractProtocol$ConnectionHandler.process(AbstractProtocol.java:896)
	at org.apache.tomcat.util.net.NioEndpoint$SocketProcessor.doRun(NioEndpoint.java:1744)
	at org.apache.tomcat.util.net.SocketProcessorBase.run(SocketProcessorBase.java:52)
	at org.apache.tomcat.util.threads.ThreadPoolExecutor.runWorker(ThreadPoolExecutor.java:1191)
	at org.apache.tomcat.util.threads.ThreadPoolExecutor$Worker.run(ThreadPoolExecutor.java:659)
	at org.apache.tomcat.util.threads.TaskThread$WrappingRunnable.run(TaskThread.java:61)
	at java.base/java.lang.Thread.run(Thread.java:1570)
Caused by: org.hibernate.exception.SQLGrammarException: JDBC exception executing SQL [select count(tb1_0.id) from thong_bao tb1_0 where tb1_0.tai_khoan_id=? and not(tb1_0.da_doc)] [Table 'qltv.thong_bao' doesn't exist] [n/a]
	at org.hibernate.exception.internal.SQLExceptionTypeDelegate.convert(SQLExceptionTypeDelegate.java:66)
	at org.hibernate.exception.internal.StandardSQLExceptionConverter.convert(StandardSQLExceptionConverter.java:58)
	at org.hibernate.engine.jdbc.spi.SqlExceptionHelper.convert(SqlExceptionHelper.java:108)
	at org.hibernate.engine.jdbc.spi.SqlExceptionHelper.convert(SqlExceptionHelper.java:94)
	at org.hibernate.sql.results.jdbc.internal.DeferredResultSetAccess.executeQuery(DeferredResultSetAccess.java:265)
	at org.hibernate.sql.results.jdbc.internal.DeferredResultSetAccess.getResultSet(DeferredResultSetAccess.java:167)
	at org.hibernate.sql.results.jdbc.internal.JdbcValuesResultSetImpl.advanceNext(JdbcValuesResultSetImpl.java:218)
	at org.hibernate.sql.results.jdbc.internal.JdbcValuesResultSetImpl.processNext(JdbcValuesResultSetImpl.java:98)
	at org.hibernate.sql.results.jdbc.internal.AbstractJdbcValues.next(AbstractJdbcValues.java:19)
	at org.hibernate.sql.results.internal.RowProcessingStateStandardImpl.next(RowProcessingStateStandardImpl.java:66)
	at org.hibernate.sql.results.spi.ListResultsConsumer.consume(ListResultsConsumer.java:203)
	at org.hibernate.sql.results.spi.ListResultsConsumer.consume(ListResultsConsumer.java:33)
	at org.hibernate.sql.exec.internal.JdbcSelectExecutorStandardImpl.doExecuteQuery(JdbcSelectExecutorStandardImpl.java:209)
	at org.hibernate.sql.exec.internal.JdbcSelectExecutorStandardImpl.executeQuery(JdbcSelectExecutorStandardImpl.java:83)
	at org.hibernate.sql.exec.spi.JdbcSelectExecutor.list(JdbcSelectExecutor.java:76)
	at org.hibernate.sql.exec.spi.JdbcSelectExecutor.list(JdbcSelectExecutor.java:65)
	at org.hibernate.query.sqm.internal.ConcreteSqmSelectQueryPlan.lambda$new$2(ConcreteSqmSelectQueryPlan.java:137)
	at org.hibernate.query.sqm.internal.ConcreteSqmSelectQueryPlan.withCacheableSqmInterpretation(ConcreteSqmSelectQueryPlan.java:359)
	at org.hibernate.query.sqm.internal.ConcreteSqmSelectQueryPlan.performList(ConcreteSqmSelectQueryPlan.java:300)
	at org.hibernate.query.sqm.internal.QuerySqmImpl.doList(QuerySqmImpl.java:509)
	at org.hibernate.query.spi.AbstractSelectionQuery.list(AbstractSelectionQuery.java:427)
	at org.hibernate.query.spi.AbstractSelectionQuery.getSingleResult(AbstractSelectionQuery.java:564)
	at org.springframework.data.jpa.repository.query.JpaQueryExecution$SingleEntityExecution.doExecute(JpaQueryExecution.java:223)
	at org.springframework.data.jpa.repository.query.JpaQueryExecution.execute(JpaQueryExecution.java:92)
	at org.springframework.data.jpa.repository.query.AbstractJpaQuery.doExecute(AbstractJpaQuery.java:149)
	at org.springframework.data.jpa.repository.query.AbstractJpaQuery.execute(AbstractJpaQuery.java:137)
	at org.springframework.data.repository.core.support.RepositoryMethodInvoker.doInvoke(RepositoryMethodInvoker.java:170)
	at org.springframework.data.repository.core.support.RepositoryMethodInvoker.invoke(RepositoryMethodInvoker.java:158)
	at org.springframework.data.repository.core.support.QueryExecutorMethodInterceptor.doInvoke(QueryExecutorMethodInterceptor.java:164)
	at org.springframework.data.repository.core.support.QueryExecutorMethodInterceptor.invoke(QueryExecutorMethodInterceptor.java:143)
	at org.springframework.aop.framework.ReflectiveMethodInvocation.proceed(ReflectiveMethodInvocation.java:184)
	at org.springframework.data.projection.DefaultMethodInvokingMethodInterceptor.invoke(DefaultMethodInvokingMethodInterceptor.java:70)
	at org.springframework.aop.framework.ReflectiveMethodInvocation.proceed(ReflectiveMethodInvocation.java:184)
	at org.springframework.transaction.interceptor.TransactionInterceptor$1.proceedWithInvocation(TransactionInterceptor.java:123)
	at org.springframework.transaction.interceptor.TransactionAspectSupport.invokeWithinTransaction(TransactionAspectSupport.java:385)
	at org.springframework.transaction.interceptor.TransactionInterceptor.invoke(TransactionInterceptor.java:119)
	at org.springframework.aop.framework.ReflectiveMethodInvocation.proceed(ReflectiveMethodInvocation.java:184)
	at org.springframework.dao.support.PersistenceExceptionTranslationInterceptor.invoke(PersistenceExceptionTranslationInterceptor.java:137)
	... 107 common frames omitted
Caused by: java.sql.SQLSyntaxErrorException: Table 'qltv.thong_bao' doesn't exist
	at com.mysql.cj.jdbc.exceptions.SQLError.createSQLException(SQLError.java:121)
	at com.mysql.cj.jdbc.exceptions.SQLExceptionsMapping.translateException(SQLExceptionsMapping.java:122)
	at com.mysql.cj.jdbc.ClientPreparedStatement.executeInternal(ClientPreparedStatement.java:912)
	at com.mysql.cj.jdbc.ClientPreparedStatement.executeQuery(ClientPreparedStatement.java:968)
	at com.zaxxer.hikari.pool.ProxyPreparedStatement.executeQuery(ProxyPreparedStatement.java:52)
	at com.zaxxer.hikari.pool.HikariProxyPreparedStatement.executeQuery(HikariProxyPreparedStatement.java)
	at org.hibernate.sql.results.jdbc.internal.DeferredResultSetAccess.executeQuery(DeferredResultSetAccess.java:246)
	... 140 common frames omitted
2026-04-20 21:48:02 [http-nio-8080-exec-7] WARN  o.s.w.s.m.m.a.ExceptionHandlerExceptionResolver - Resolved [org.springframework.dao.InvalidDataAccessResourceUsageException: JDBC exception executing SQL [select count(tb1_0.id) from thong_bao tb1_0 where tb1_0.tai_khoan_id=? and not(tb1_0.da_doc)] [Table 'qltv.thong_bao' doesn't exist] [n/a]; SQL [n/a]]
2026-04-20 21:48:02 [http-nio-8080-exec-7] DEBUG o.s.web.servlet.DispatcherServlet - Using resolved error view: ModelAndView [view="redirect:http://localhost:8080/login"; model={}]
2026-04-20 21:48:02 [http-nio-8080-exec-7] DEBUG o.s.web.servlet.view.RedirectView - View name 'redirect:', model {}
2026-04-20 21:48:02 [http-nio-8080-exec-7] DEBUG o.s.web.servlet.DispatcherServlet - Completed 302 FOUND
2026-04-20 21:48:02 [http-nio-8080-exec-5] DEBUG o.s.security.web.FilterChainProxy - Securing GET /login
2026-04-20 21:48:02 [http-nio-8080-exec-5] DEBUG o.s.security.web.FilterChainProxy - Secured GET /login
2026-04-20 21:48:02 [http-nio-8080-exec-5] DEBUG o.s.web.servlet.DispatcherServlet - GET "/login", parameters={}
2026-04-20 21:48:02 [http-nio-8080-exec-5] DEBUG o.s.w.s.m.m.a.RequestMappingHandlerMapping - Mapped to com.example.library.controller.AuthController#loginPage(String, String, String, String, Model)
2026-04-20 21:48:02 [http-nio-8080-exec-5] DEBUG o.s.s.w.c.HttpSessionSecurityContextRepository - Retrieved SecurityContextImpl [Authentication=UsernamePasswordAuthenticationToken [Principal=org.springframework.security.core.userdetails.User [Username=Tanphong, Password=[PROTECTED], Enabled=true, AccountNonExpired=true, CredentialsNonExpired=true, AccountNonLocked=true, Granted Authorities=[ROLE_KHACHHANG]], Credentials=[PROTECTED], Authenticated=true, Details=WebAuthenticationDetails [RemoteIpAddress=0:0:0:0:0:0:0:1, SessionId=null], Granted Authorities=[ROLE_KHACHHANG]]]
2026-04-20 21:48:02 [http-nio-8080-exec-5] DEBUG org.hibernate.SQL - 
    select
        tk1_0.matk,
        tk1_0.avatar,
        tk1_0.diachi,
        tk1_0.email,
        tk1_0.hoten,
        tk1_0.ngaytao,
        tk1_0.password,
        tk1_0.quyen,
        tk1_0.reset_token,
        tk1_0.sodienthoai,
        tk1_0.trangthai,
        tk1_0.username 
    from
        taikhoan tk1_0 
    where
        tk1_0.username=?
2026-04-20 21:48:02 [http-nio-8080-exec-5] DEBUG org.hibernate.SQL - 
    select
        count(tb1_0.id) 
    from
        thong_bao tb1_0 
    where
        tb1_0.tai_khoan_id=? 
        and not(tb1_0.da_doc)
2026-04-20 21:48:02 [http-nio-8080-exec-5] WARN  o.h.e.jdbc.spi.SqlExceptionHelper - SQL Error: 1146, SQLState: 42S02
2026-04-20 21:48:02 [http-nio-8080-exec-5] ERROR o.h.e.jdbc.spi.SqlExceptionHelper - Table 'qltv.thong_bao' doesn't exist
2026-04-20 21:48:02 [http-nio-8080-exec-5] DEBUG o.s.w.s.m.m.a.ExceptionHandlerExceptionResolver - Using @ExceptionHandler com.example.library.exception.GlobalExceptionHandler#handleGeneralException(Exception, HttpServletRequest, RedirectAttributes)
2026-04-20 21:48:02 [http-nio-8080-exec-5] ERROR c.e.l.e.GlobalExceptionHandler - Lỗi không lường trước xảy ra tại URL: http://localhost:8080/login. Chi tiết: 
org.springframework.dao.InvalidDataAccessResourceUsageException: JDBC exception executing SQL [select count(tb1_0.id) from thong_bao tb1_0 where tb1_0.tai_khoan_id=? and not(tb1_0.da_doc)] [Table 'qltv.thong_bao' doesn't exist] [n/a]; SQL [n/a]
	at org.springframework.orm.jpa.vendor.HibernateJpaDialect.convertHibernateAccessException(HibernateJpaDialect.java:277)
	at org.springframework.orm.jpa.vendor.HibernateJpaDialect.translateExceptionIfPossible(HibernateJpaDialect.java:241)
	at org.springframework.orm.jpa.AbstractEntityManagerFactoryBean.translateExceptionIfPossible(AbstractEntityManagerFactoryBean.java:550)
	at org.springframework.dao.support.ChainedPersistenceExceptionTranslator.translateExceptionIfPossible(ChainedPersistenceExceptionTranslator.java:61)
	at org.springframework.dao.support.DataAccessUtils.translateIfNecessary(DataAccessUtils.java:335)
	at org.springframework.dao.support.PersistenceExceptionTranslationInterceptor.invoke(PersistenceExceptionTranslationInterceptor.java:152)
	at org.springframework.aop.framework.ReflectiveMethodInvocation.proceed(ReflectiveMethodInvocation.java:184)
	at org.springframework.data.jpa.repository.support.CrudMethodMetadataPostProcessor$CrudMethodMetadataPopulatingMethodInterceptor.invoke(CrudMethodMetadataPostProcessor.java:135)
	at org.springframework.aop.framework.ReflectiveMethodInvocation.proceed(ReflectiveMethodInvocation.java:184)
	at org.springframework.aop.interceptor.ExposeInvocationInterceptor.invoke(ExposeInvocationInterceptor.java:97)
	at org.springframework.aop.framework.ReflectiveMethodInvocation.proceed(ReflectiveMethodInvocation.java:184)
	at org.springframework.aop.framework.JdkDynamicAopProxy.invoke(JdkDynamicAopProxy.java:220)
	at jdk.proxy4/jdk.proxy4.$Proxy138.countByTaiKhoanIdAndDaDocFalse(Unknown Source)
	at com.example.library.service.NotificationService.getUnreadCount(NotificationService.java:70)
	at com.example.library.controller.GlobalControllerAdvice.lambda$getUnreadCount$0(GlobalControllerAdvice.java:27)
	at java.base/java.util.Optional.map(Optional.java:260)
	at com.example.library.controller.GlobalControllerAdvice.getUnreadCount(GlobalControllerAdvice.java:27)
	at java.base/jdk.internal.reflect.DirectMethodHandleAccessor.invoke(DirectMethodHandleAccessor.java:103)
	at java.base/java.lang.reflect.Method.invoke(Method.java:580)
	at org.springframework.web.method.support.InvocableHandlerMethod.doInvoke(InvocableHandlerMethod.java:261)
	at org.springframework.web.method.support.InvocableHandlerMethod.invokeForRequest(InvocableHandlerMethod.java:189)
	at org.springframework.web.method.annotation.ModelFactory.invokeModelAttributeMethods(ModelFactory.java:143)
	at org.springframework.web.method.annotation.ModelFactory.initModel(ModelFactory.java:112)
	at org.springframework.web.servlet.mvc.method.annotation.RequestMappingHandlerAdapter.invokeHandlerMethod(RequestMappingHandlerAdapter.java:894)
	at org.springframework.web.servlet.mvc.method.annotation.RequestMappingHandlerAdapter.handleInternal(RequestMappingHandlerAdapter.java:829)
	at org.springframework.web.servlet.mvc.method.AbstractHandlerMethodAdapter.handle(AbstractHandlerMethodAdapter.java:87)
	at org.springframework.web.servlet.DispatcherServlet.doDispatch(DispatcherServlet.java:1089)
	at org.springframework.web.servlet.DispatcherServlet.doService(DispatcherServlet.java:979)
	at org.springframework.web.servlet.FrameworkServlet.processRequest(FrameworkServlet.java:1014)
	at org.springframework.web.servlet.FrameworkServlet.doGet(FrameworkServlet.java:903)
	at jakarta.servlet.http.HttpServlet.service(HttpServlet.java:564)
	at org.springframework.web.servlet.FrameworkServlet.service(FrameworkServlet.java:885)
	at jakarta.servlet.http.HttpServlet.service(HttpServlet.java:658)
	at org.apache.catalina.core.ApplicationFilterChain.internalDoFilter(ApplicationFilterChain.java:205)
	at org.apache.catalina.core.ApplicationFilterChain.doFilter(ApplicationFilterChain.java:149)
	at org.apache.tomcat.websocket.server.WsFilter.doFilter(WsFilter.java:51)
	at org.apache.catalina.core.ApplicationFilterChain.internalDoFilter(ApplicationFilterChain.java:174)
	at org.apache.catalina.core.ApplicationFilterChain.doFilter(ApplicationFilterChain.java:149)
	at org.springframework.web.filter.CompositeFilter$VirtualFilterChain.doFilter(CompositeFilter.java:108)
	at org.springframework.security.web.FilterChainProxy.lambda$doFilterInternal$3(FilterChainProxy.java:231)
	at org.springframework.security.web.FilterChainProxy$VirtualFilterChain.doFilter(FilterChainProxy.java:365)
	at org.springframework.security.web.access.intercept.AuthorizationFilter.doFilter(AuthorizationFilter.java:100)
	at org.springframework.security.web.FilterChainProxy$VirtualFilterChain.doFilter(FilterChainProxy.java:374)
	at org.springframework.security.web.access.ExceptionTranslationFilter.doFilter(ExceptionTranslationFilter.java:126)
	at org.springframework.security.web.access.ExceptionTranslationFilter.doFilter(ExceptionTranslationFilter.java:120)
	at org.springframework.security.web.FilterChainProxy$VirtualFilterChain.doFilter(FilterChainProxy.java:374)
	at org.springframework.security.web.authentication.AnonymousAuthenticationFilter.doFilter(AnonymousAuthenticationFilter.java:100)
	at org.springframework.security.web.FilterChainProxy$VirtualFilterChain.doFilter(FilterChainProxy.java:374)
	at org.springframework.security.web.servletapi.SecurityContextHolderAwareRequestFilter.doFilter(SecurityContextHolderAwareRequestFilter.java:179)
	at org.springframework.security.web.FilterChainProxy$VirtualFilterChain.doFilter(FilterChainProxy.java:374)
	at org.springframework.security.web.savedrequest.RequestCacheAwareFilter.doFilter(RequestCacheAwareFilter.java:63)
	at org.springframework.security.web.FilterChainProxy$VirtualFilterChain.doFilter(FilterChainProxy.java:374)
	at org.springframework.security.web.authentication.AbstractAuthenticationProcessingFilter.doFilter(AbstractAuthenticationProcessingFilter.java:227)
	at org.springframework.security.web.authentication.AbstractAuthenticationProcessingFilter.doFilter(AbstractAuthenticationProcessingFilter.java:221)
	at org.springframework.security.web.FilterChainProxy$VirtualFilterChain.doFilter(FilterChainProxy.java:374)
	at org.springframework.security.web.authentication.logout.LogoutFilter.doFilter(LogoutFilter.java:107)
	at org.springframework.security.web.authentication.logout.LogoutFilter.doFilter(LogoutFilter.java:93)
	at org.springframework.security.web.FilterChainProxy$VirtualFilterChain.doFilter(FilterChainProxy.java:374)
	at org.springframework.web.filter.CorsFilter.doFilterInternal(CorsFilter.java:91)
	at org.springframework.web.filter.OncePerRequestFilter.doFilter(OncePerRequestFilter.java:116)
	at org.springframework.security.web.FilterChainProxy$VirtualFilterChain.doFilter(FilterChainProxy.java:374)
	at org.springframework.security.web.header.HeaderWriterFilter.doHeadersAfter(HeaderWriterFilter.java:90)
	at org.springframework.security.web.header.HeaderWriterFilter.doFilterInternal(HeaderWriterFilter.java:75)
	at org.springframework.web.filter.OncePerRequestFilter.doFilter(OncePerRequestFilter.java:116)
	at org.springframework.security.web.FilterChainProxy$VirtualFilterChain.doFilter(FilterChainProxy.java:374)
	at org.springframework.security.web.context.SecurityContextHolderFilter.doFilter(SecurityContextHolderFilter.java:82)
	at org.springframework.security.web.context.SecurityContextHolderFilter.doFilter(SecurityContextHolderFilter.java:69)
	at org.springframework.security.web.FilterChainProxy$VirtualFilterChain.doFilter(FilterChainProxy.java:374)
	at org.springframework.security.web.context.request.async.WebAsyncManagerIntegrationFilter.doFilterInternal(WebAsyncManagerIntegrationFilter.java:62)
	at org.springframework.web.filter.OncePerRequestFilter.doFilter(OncePerRequestFilter.java:116)
	at org.springframework.security.web.FilterChainProxy$VirtualFilterChain.doFilter(FilterChainProxy.java:374)
	at org.springframework.security.web.session.DisableEncodeUrlFilter.doFilterInternal(DisableEncodeUrlFilter.java:42)
	at org.springframework.web.filter.OncePerRequestFilter.doFilter(OncePerRequestFilter.java:116)
	at org.springframework.security.web.FilterChainProxy$VirtualFilterChain.doFilter(FilterChainProxy.java:374)
	at org.springframework.security.web.FilterChainProxy.doFilterInternal(FilterChainProxy.java:233)
	at org.springframework.security.web.FilterChainProxy.doFilter(FilterChainProxy.java:191)
	at org.springframework.web.filter.CompositeFilter$VirtualFilterChain.doFilter(CompositeFilter.java:113)
	at org.springframework.web.servlet.handler.HandlerMappingIntrospector.lambda$createCacheFilter$3(HandlerMappingIntrospector.java:195)
	at org.springframework.web.filter.CompositeFilter$VirtualFilterChain.doFilter(CompositeFilter.java:113)
	at org.springframework.web.filter.CompositeFilter.doFilter(CompositeFilter.java:74)
	at org.springframework.security.config.annotation.web.configuration.WebMvcSecurityConfiguration$CompositeFilterChainProxy.doFilter(WebMvcSecurityConfiguration.java:225)
	at org.springframework.web.filter.DelegatingFilterProxy.invokeDelegate(DelegatingFilterProxy.java:352)
	at org.springframework.web.filter.DelegatingFilterProxy.doFilter(DelegatingFilterProxy.java:268)
	at org.apache.catalina.core.ApplicationFilterChain.internalDoFilter(ApplicationFilterChain.java:174)
	at org.apache.catalina.core.ApplicationFilterChain.doFilter(ApplicationFilterChain.java:149)
	at org.springframework.web.filter.RequestContextFilter.doFilterInternal(RequestContextFilter.java:100)
	at org.springframework.web.filter.OncePerRequestFilter.doFilter(OncePerRequestFilter.java:116)
	at org.apache.catalina.core.ApplicationFilterChain.internalDoFilter(ApplicationFilterChain.java:174)
	at org.apache.catalina.core.ApplicationFilterChain.doFilter(ApplicationFilterChain.java:149)
	at org.springframework.web.filter.FormContentFilter.doFilterInternal(FormContentFilter.java:93)
	at org.springframework.web.filter.OncePerRequestFilter.doFilter(OncePerRequestFilter.java:116)
	at org.apache.catalina.core.ApplicationFilterChain.internalDoFilter(ApplicationFilterChain.java:174)
	at org.apache.catalina.core.ApplicationFilterChain.doFilter(ApplicationFilterChain.java:149)
	at org.springframework.web.filter.CharacterEncodingFilter.doFilterInternal(CharacterEncodingFilter.java:201)
	at org.springframework.web.filter.OncePerRequestFilter.doFilter(OncePerRequestFilter.java:116)
	at org.apache.catalina.core.ApplicationFilterChain.internalDoFilter(ApplicationFilterChain.java:174)
	at org.apache.catalina.core.ApplicationFilterChain.doFilter(ApplicationFilterChain.java:149)
	at org.apache.catalina.core.StandardWrapperValve.invoke(StandardWrapperValve.java:167)
	at org.apache.catalina.core.StandardContextValve.invoke(StandardContextValve.java:90)
	at org.apache.catalina.authenticator.AuthenticatorBase.invoke(AuthenticatorBase.java:482)
	at org.apache.catalina.core.StandardHostValve.invoke(StandardHostValve.java:115)
	at org.apache.catalina.valves.ErrorReportValve.invoke(ErrorReportValve.java:93)
	at org.apache.catalina.core.StandardEngineValve.invoke(StandardEngineValve.java:74)
	at org.apache.catalina.connector.CoyoteAdapter.service(CoyoteAdapter.java:340)
	at org.apache.coyote.http11.Http11Processor.service(Http11Processor.java:391)
	at org.apache.coyote.AbstractProcessorLight.process(AbstractProcessorLight.java:63)
	at org.apache.coyote.AbstractProtocol$ConnectionHandler.process(AbstractProtocol.java:896)
	at org.apache.tomcat.util.net.NioEndpoint$SocketProcessor.doRun(NioEndpoint.java:1744)
	at org.apache.tomcat.util.net.SocketProcessorBase.run(SocketProcessorBase.java:52)
	at org.apache.tomcat.util.threads.ThreadPoolExecutor.runWorker(ThreadPoolExecutor.java:1191)
	at org.apache.tomcat.util.threads.ThreadPoolExecutor$Worker.run(ThreadPoolExecutor.java:659)
	at org.apache.tomcat.util.threads.TaskThread$WrappingRunnable.run(TaskThread.java:61)
	at java.base/java.lang.Thread.run(Thread.java:1570)
Caused by: org.hibernate.exception.SQLGrammarException: JDBC exception executing SQL [select count(tb1_0.id) from thong_bao tb1_0 where tb1_0.tai_khoan_id=? and not(tb1_0.da_doc)] [Table 'qltv.thong_bao' doesn't exist] [n/a]
	at org.hibernate.exception.internal.SQLExceptionTypeDelegate.convert(SQLExceptionTypeDelegate.java:66)
	at org.hibernate.exception.internal.StandardSQLExceptionConverter.convert(StandardSQLExceptionConverter.java:58)
	at org.hibernate.engine.jdbc.spi.SqlExceptionHelper.convert(SqlExceptionHelper.java:108)
	at org.hibernate.engine.jdbc.spi.SqlExceptionHelper.convert(SqlExceptionHelper.java:94)
	at org.hibernate.sql.results.jdbc.internal.DeferredResultSetAccess.executeQuery(DeferredResultSetAccess.java:265)
	at org.hibernate.sql.results.jdbc.internal.DeferredResultSetAccess.getResultSet(DeferredResultSetAccess.java:167)
	at org.hibernate.sql.results.jdbc.internal.JdbcValuesResultSetImpl.advanceNext(JdbcValuesResultSetImpl.java:218)
	at org.hibernate.sql.results.jdbc.internal.JdbcValuesResultSetImpl.processNext(JdbcValuesResultSetImpl.java:98)
	at org.hibernate.sql.results.jdbc.internal.AbstractJdbcValues.next(AbstractJdbcValues.java:19)
	at org.hibernate.sql.results.internal.RowProcessingStateStandardImpl.next(RowProcessingStateStandardImpl.java:66)
	at org.hibernate.sql.results.spi.ListResultsConsumer.consume(ListResultsConsumer.java:203)
	at org.hibernate.sql.results.spi.ListResultsConsumer.consume(ListResultsConsumer.java:33)
	at org.hibernate.sql.exec.internal.JdbcSelectExecutorStandardImpl.doExecuteQuery(JdbcSelectExecutorStandardImpl.java:209)
	at org.hibernate.sql.exec.internal.JdbcSelectExecutorStandardImpl.executeQuery(JdbcSelectExecutorStandardImpl.java:83)
	at org.hibernate.sql.exec.spi.JdbcSelectExecutor.list(JdbcSelectExecutor.java:76)
	at org.hibernate.sql.exec.spi.JdbcSelectExecutor.list(JdbcSelectExecutor.java:65)
	at org.hibernate.query.sqm.internal.ConcreteSqmSelectQueryPlan.lambda$new$2(ConcreteSqmSelectQueryPlan.java:137)
	at org.hibernate.query.sqm.internal.ConcreteSqmSelectQueryPlan.withCacheableSqmInterpretation(ConcreteSqmSelectQueryPlan.java:359)
	at org.hibernate.query.sqm.internal.ConcreteSqmSelectQueryPlan.performList(ConcreteSqmSelectQueryPlan.java:300)
	at org.hibernate.query.sqm.internal.QuerySqmImpl.doList(QuerySqmImpl.java:509)
	at org.hibernate.query.spi.AbstractSelectionQuery.list(AbstractSelectionQuery.java:427)
	at org.hibernate.query.spi.AbstractSelectionQuery.getSingleResult(AbstractSelectionQuery.java:564)
	at org.springframework.data.jpa.repository.query.JpaQueryExecution$SingleEntityExecution.doExecute(JpaQueryExecution.java:223)
	at org.springframework.data.jpa.repository.query.JpaQueryExecution.execute(JpaQueryExecution.java:92)
	at org.springframework.data.jpa.repository.query.AbstractJpaQuery.doExecute(AbstractJpaQuery.java:149)
	at org.springframework.data.jpa.repository.query.AbstractJpaQuery.execute(AbstractJpaQuery.java:137)
	at org.springframework.data.repository.core.support.RepositoryMethodInvoker.doInvoke(RepositoryMethodInvoker.java:170)
	at org.springframework.data.repository.core.support.RepositoryMethodInvoker.invoke(RepositoryMethodInvoker.java:158)
	at org.springframework.data.repository.core.support.QueryExecutorMethodInterceptor.doInvoke(QueryExecutorMethodInterceptor.java:164)
	at org.springframework.data.repository.core.support.QueryExecutorMethodInterceptor.invoke(QueryExecutorMethodInterceptor.java:143)
	at org.springframework.aop.framework.ReflectiveMethodInvocation.proceed(ReflectiveMethodInvocation.java:184)
	at org.springframework.data.projection.DefaultMethodInvokingMethodInterceptor.invoke(DefaultMethodInvokingMethodInterceptor.java:70)
	at org.springframework.aop.framework.ReflectiveMethodInvocation.proceed(ReflectiveMethodInvocation.java:184)
	at org.springframework.transaction.interceptor.TransactionInterceptor$1.proceedWithInvocation(TransactionInterceptor.java:123)
	at org.springframework.transaction.interceptor.TransactionAspectSupport.invokeWithinTransaction(TransactionAspectSupport.java:385)
	at org.springframework.transaction.interceptor.TransactionInterceptor.invoke(TransactionInterceptor.java:119)
	at org.springframework.aop.framework.ReflectiveMethodInvocation.proceed(ReflectiveMethodInvocation.java:184)
	at org.springframework.dao.support.PersistenceExceptionTranslationInterceptor.invoke(PersistenceExceptionTranslationInterceptor.java:137)
	... 107 common frames omitted
Caused by: java.sql.SQLSyntaxErrorException: Table 'qltv.thong_bao' doesn't exist
	at com.mysql.cj.jdbc.exceptions.SQLError.createSQLException(SQLError.java:121)
	at com.mysql.cj.jdbc.exceptions.SQLExceptionsMapping.translateException(SQLExceptionsMapping.java:122)
	at com.mysql.cj.jdbc.ClientPreparedStatement.executeInternal(ClientPreparedStatement.java:912)
	at com.mysql.cj.jdbc.ClientPreparedStatement.executeQuery(ClientPreparedStatement.java:968)
	at com.zaxxer.hikari.pool.ProxyPreparedStatement.executeQuery(ProxyPreparedStatement.java:52)
	at com.zaxxer.hikari.pool.HikariProxyPreparedStatement.executeQuery(HikariProxyPreparedStatement.java)
	at org.hibernate.sql.results.jdbc.internal.DeferredResultSetAccess.executeQuery(DeferredResultSetAccess.java:246)
	... 140 common frames omitted
2026-04-20 21:48:02 [http-nio-8080-exec-5] WARN  o.s.w.s.m.m.a.ExceptionHandlerExceptionResolver - Resolved [org.springframework.dao.InvalidDataAccessResourceUsageException: JDBC exception executing SQL [select count(tb1_0.id) from thong_bao tb1_0 where tb1_0.tai_khoan_id=? and not(tb1_0.da_doc)] [Table 'qltv.thong_bao' doesn't exist] [n/a]; SQL [n/a]]
2026-04-20 21:48:02 [http-nio-8080-exec-5] DEBUG o.s.web.servlet.DispatcherServlet - Using resolved error view: ModelAndView [view="redirect:http://localhost:8080/login"; model={}]
2026-04-20 21:48:02 [http-nio-8080-exec-5] DEBUG o.s.web.servlet.view.RedirectView - View name 'redirect:', model {}
2026-04-20 21:48:02 [http-nio-8080-exec-5] DEBUG o.s.web.servlet.DispatcherServlet - Completed 302 FOUND
2026-04-20 21:48:02 [http-nio-8080-exec-9] DEBUG o.s.security.web.FilterChainProxy - Securing GET /login
2026-04-20 21:48:02 [http-nio-8080-exec-9] DEBUG o.s.security.web.FilterChainProxy - Secured GET /login
2026-04-20 21:48:02 [http-nio-8080-exec-9] DEBUG o.s.web.servlet.DispatcherServlet - GET "/login", parameters={}
2026-04-20 21:48:02 [http-nio-8080-exec-9] DEBUG o.s.w.s.m.m.a.RequestMappingHandlerMapping - Mapped to com.example.library.controller.AuthController#loginPage(String, String, String, String, Model)
2026-04-20 21:48:02 [http-nio-8080-exec-9] DEBUG o.s.s.w.c.HttpSessionSecurityContextRepository - Retrieved SecurityContextImpl [Authentication=UsernamePasswordAuthenticationToken [Principal=org.springframework.security.core.userdetails.User [Username=Tanphong, Password=[PROTECTED], Enabled=true, AccountNonExpired=true, CredentialsNonExpired=true, AccountNonLocked=true, Granted Authorities=[ROLE_KHACHHANG]], Credentials=[PROTECTED], Authenticated=true, Details=WebAuthenticationDetails [RemoteIpAddress=0:0:0:0:0:0:0:1, SessionId=null], Granted Authorities=[ROLE_KHACHHANG]]]
2026-04-20 21:48:02 [http-nio-8080-exec-9] DEBUG org.hibernate.SQL - 
    select
        tk1_0.matk,
        tk1_0.avatar,
        tk1_0.diachi,
        tk1_0.email,
        tk1_0.hoten,
        tk1_0.ngaytao,
        tk1_0.password,
        tk1_0.quyen,
        tk1_0.reset_token,
        tk1_0.sodienthoai,
        tk1_0.trangthai,
        tk1_0.username 
    from
        taikhoan tk1_0 
    where
        tk1_0.username=?
2026-04-20 21:48:02 [http-nio-8080-exec-9] DEBUG org.hibernate.SQL - 
    select
        count(tb1_0.id) 
    from
        thong_bao tb1_0 
    where
        tb1_0.tai_khoan_id=? 
        and not(tb1_0.da_doc)
2026-04-20 21:48:02 [http-nio-8080-exec-9] WARN  o.h.e.jdbc.spi.SqlExceptionHelper - SQL Error: 1146, SQLState: 42S02
2026-04-20 21:48:02 [http-nio-8080-exec-9] ERROR o.h.e.jdbc.spi.SqlExceptionHelper - Table 'qltv.thong_bao' doesn't exist
2026-04-20 21:48:02 [http-nio-8080-exec-9] DEBUG o.s.w.s.m.m.a.ExceptionHandlerExceptionResolver - Using @ExceptionHandler com.example.library.exception.GlobalExceptionHandler#handleGeneralException(Exception, HttpServletRequest, RedirectAttributes)
2026-04-20 21:48:02 [http-nio-8080-exec-9] ERROR c.e.l.e.GlobalExceptionHandler - Lỗi không lường trước xảy ra tại URL: http://localhost:8080/login. Chi tiết: 
org.springframework.dao.InvalidDataAccessResourceUsageException: JDBC exception executing SQL [select count(tb1_0.id) from thong_bao tb1_0 where tb1_0.tai_khoan_id=? and not(tb1_0.da_doc)] [Table 'qltv.thong_bao' doesn't exist] [n/a]; SQL [n/a]
	at org.springframework.orm.jpa.vendor.HibernateJpaDialect.convertHibernateAccessException(HibernateJpaDialect.java:277)
	at org.springframework.orm.jpa.vendor.HibernateJpaDialect.translateExceptionIfPossible(HibernateJpaDialect.java:241)
	at org.springframework.orm.jpa.AbstractEntityManagerFactoryBean.translateExceptionIfPossible(AbstractEntityManagerFactoryBean.java:550)
	at org.springframework.dao.support.ChainedPersistenceExceptionTranslator.translateExceptionIfPossible(ChainedPersistenceExceptionTranslator.java:61)
	at org.springframework.dao.support.DataAccessUtils.translateIfNecessary(DataAccessUtils.java:335)
	at org.springframework.dao.support.PersistenceExceptionTranslationInterceptor.invoke(PersistenceExceptionTranslationInterceptor.java:152)
	at org.springframework.aop.framework.ReflectiveMethodInvocation.proceed(ReflectiveMethodInvocation.java:184)
	at org.springframework.data.jpa.repository.support.CrudMethodMetadataPostProcessor$CrudMethodMetadataPopulatingMethodInterceptor.invoke(CrudMethodMetadataPostProcessor.java:135)
	at org.springframework.aop.framework.ReflectiveMethodInvocation.proceed(ReflectiveMethodInvocation.java:184)
	at org.springframework.aop.interceptor.ExposeInvocationInterceptor.invoke(ExposeInvocationInterceptor.java:97)
	at org.springframework.aop.framework.ReflectiveMethodInvocation.proceed(ReflectiveMethodInvocation.java:184)
	at org.springframework.aop.framework.JdkDynamicAopProxy.invoke(JdkDynamicAopProxy.java:220)
	at jdk.proxy4/jdk.proxy4.$Proxy138.countByTaiKhoanIdAndDaDocFalse(Unknown Source)
	at com.example.library.service.NotificationService.getUnreadCount(NotificationService.java:70)
	at com.example.library.controller.GlobalControllerAdvice.lambda$getUnreadCount$0(GlobalControllerAdvice.java:27)
	at java.base/java.util.Optional.map(Optional.java:260)
	at com.example.library.controller.GlobalControllerAdvice.getUnreadCount(GlobalControllerAdvice.java:27)
	at java.base/jdk.internal.reflect.DirectMethodHandleAccessor.invoke(DirectMethodHandleAccessor.java:103)
	at java.base/java.lang.reflect.Method.invoke(Method.java:580)
	at org.springframework.web.method.support.InvocableHandlerMethod.doInvoke(InvocableHandlerMethod.java:261)
	at org.springframework.web.method.support.InvocableHandlerMethod.invokeForRequest(InvocableHandlerMethod.java:189)
	at org.springframework.web.method.annotation.ModelFactory.invokeModelAttributeMethods(ModelFactory.java:143)
	at org.springframework.web.method.annotation.ModelFactory.initModel(ModelFactory.java:112)
	at org.springframework.web.servlet.mvc.method.annotation.RequestMappingHandlerAdapter.invokeHandlerMethod(RequestMappingHandlerAdapter.java:894)
	at org.springframework.web.servlet.mvc.method.annotation.RequestMappingHandlerAdapter.handleInternal(RequestMappingHandlerAdapter.java:829)
	at org.springframework.web.servlet.mvc.method.AbstractHandlerMethodAdapter.handle(AbstractHandlerMethodAdapter.java:87)
	at org.springframework.web.servlet.DispatcherServlet.doDispatch(DispatcherServlet.java:1089)
	at org.springframework.web.servlet.DispatcherServlet.doService(DispatcherServlet.java:979)
	at org.springframework.web.servlet.FrameworkServlet.processRequest(FrameworkServlet.java:1014)
	at org.springframework.web.servlet.FrameworkServlet.doGet(FrameworkServlet.java:903)
	at jakarta.servlet.http.HttpServlet.service(HttpServlet.java:564)
	at org.springframework.web.servlet.FrameworkServlet.service(FrameworkServlet.java:885)
	at jakarta.servlet.http.HttpServlet.service(HttpServlet.java:658)
	at org.apache.catalina.core.ApplicationFilterChain.internalDoFilter(ApplicationFilterChain.java:205)
	at org.apache.catalina.core.ApplicationFilterChain.doFilter(ApplicationFilterChain.java:149)
	at org.apache.tomcat.websocket.server.WsFilter.doFilter(WsFilter.java:51)
	at org.apache.catalina.core.ApplicationFilterChain.internalDoFilter(ApplicationFilterChain.java:174)
	at org.apache.catalina.core.ApplicationFilterChain.doFilter(ApplicationFilterChain.java:149)
	at org.springframework.web.filter.CompositeFilter$VirtualFilterChain.doFilter(CompositeFilter.java:108)
	at org.springframework.security.web.FilterChainProxy.lambda$doFilterInternal$3(FilterChainProxy.java:231)
	at org.springframework.security.web.FilterChainProxy$VirtualFilterChain.doFilter(FilterChainProxy.java:365)
	at org.springframework.security.web.access.intercept.AuthorizationFilter.doFilter(AuthorizationFilter.java:100)
	at org.springframework.security.web.FilterChainProxy$VirtualFilterChain.doFilter(FilterChainProxy.java:374)
	at org.springframework.security.web.access.ExceptionTranslationFilter.doFilter(ExceptionTranslationFilter.java:126)
	at org.springframework.security.web.access.ExceptionTranslationFilter.doFilter(ExceptionTranslationFilter.java:120)
	at org.springframework.security.web.FilterChainProxy$VirtualFilterChain.doFilter(FilterChainProxy.java:374)
	at org.springframework.security.web.authentication.AnonymousAuthenticationFilter.doFilter(AnonymousAuthenticationFilter.java:100)
	at org.springframework.security.web.FilterChainProxy$VirtualFilterChain.doFilter(FilterChainProxy.java:374)
	at org.springframework.security.web.servletapi.SecurityContextHolderAwareRequestFilter.doFilter(SecurityContextHolderAwareRequestFilter.java:179)
	at org.springframework.security.web.FilterChainProxy$VirtualFilterChain.doFilter(FilterChainProxy.java:374)
	at org.springframework.security.web.savedrequest.RequestCacheAwareFilter.doFilter(RequestCacheAwareFilter.java:63)
	at org.springframework.security.web.FilterChainProxy$VirtualFilterChain.doFilter(FilterChainProxy.java:374)
	at org.springframework.security.web.authentication.AbstractAuthenticationProcessingFilter.doFilter(AbstractAuthenticationProcessingFilter.java:227)
	at org.springframework.security.web.authentication.AbstractAuthenticationProcessingFilter.doFilter(AbstractAuthenticationProcessingFilter.java:221)
	at org.springframework.security.web.FilterChainProxy$VirtualFilterChain.doFilter(FilterChainProxy.java:374)
	at org.springframework.security.web.authentication.logout.LogoutFilter.doFilter(LogoutFilter.java:107)
	at org.springframework.security.web.authentication.logout.LogoutFilter.doFilter(LogoutFilter.java:93)
	at org.springframework.security.web.FilterChainProxy$VirtualFilterChain.doFilter(FilterChainProxy.java:374)
	at org.springframework.web.filter.CorsFilter.doFilterInternal(CorsFilter.java:91)
	at org.springframework.web.filter.OncePerRequestFilter.doFilter(OncePerRequestFilter.java:116)
	at org.springframework.security.web.FilterChainProxy$VirtualFilterChain.doFilter(FilterChainProxy.java:374)
	at org.springframework.security.web.header.HeaderWriterFilter.doHeadersAfter(HeaderWriterFilter.java:90)
	at org.springframework.security.web.header.HeaderWriterFilter.doFilterInternal(HeaderWriterFilter.java:75)
	at org.springframework.web.filter.OncePerRequestFilter.doFilter(OncePerRequestFilter.java:116)
	at org.springframework.security.web.FilterChainProxy$VirtualFilterChain.doFilter(FilterChainProxy.java:374)
	at org.springframework.security.web.context.SecurityContextHolderFilter.doFilter(SecurityContextHolderFilter.java:82)
	at org.springframework.security.web.context.SecurityContextHolderFilter.doFilter(SecurityContextHolderFilter.java:69)
	at org.springframework.security.web.FilterChainProxy$VirtualFilterChain.doFilter(FilterChainProxy.java:374)
	at org.springframework.security.web.context.request.async.WebAsyncManagerIntegrationFilter.doFilterInternal(WebAsyncManagerIntegrationFilter.java:62)
	at org.springframework.web.filter.OncePerRequestFilter.doFilter(OncePerRequestFilter.java:116)
	at org.springframework.security.web.FilterChainProxy$VirtualFilterChain.doFilter(FilterChainProxy.java:374)
	at org.springframework.security.web.session.DisableEncodeUrlFilter.doFilterInternal(DisableEncodeUrlFilter.java:42)
	at org.springframework.web.filter.OncePerRequestFilter.doFilter(OncePerRequestFilter.java:116)
	at org.springframework.security.web.FilterChainProxy$VirtualFilterChain.doFilter(FilterChainProxy.java:374)
	at org.springframework.security.web.FilterChainProxy.doFilterInternal(FilterChainProxy.java:233)
	at org.springframework.security.web.FilterChainProxy.doFilter(FilterChainProxy.java:191)
	at org.springframework.web.filter.CompositeFilter$VirtualFilterChain.doFilter(CompositeFilter.java:113)
	at org.springframework.web.servlet.handler.HandlerMappingIntrospector.lambda$createCacheFilter$3(HandlerMappingIntrospector.java:195)
	at org.springframework.web.filter.CompositeFilter$VirtualFilterChain.doFilter(CompositeFilter.java:113)
	at org.springframework.web.filter.CompositeFilter.doFilter(CompositeFilter.java:74)
	at org.springframework.security.config.annotation.web.configuration.WebMvcSecurityConfiguration$CompositeFilterChainProxy.doFilter(WebMvcSecurityConfiguration.java:225)
	at org.springframework.web.filter.DelegatingFilterProxy.invokeDelegate(DelegatingFilterProxy.java:352)
	at org.springframework.web.filter.DelegatingFilterProxy.doFilter(DelegatingFilterProxy.java:268)
	at org.apache.catalina.core.ApplicationFilterChain.internalDoFilter(ApplicationFilterChain.java:174)
	at org.apache.catalina.core.ApplicationFilterChain.doFilter(ApplicationFilterChain.java:149)
	at org.springframework.web.filter.RequestContextFilter.doFilterInternal(RequestContextFilter.java:100)
	at org.springframework.web.filter.OncePerRequestFilter.doFilter(OncePerRequestFilter.java:116)
	at org.apache.catalina.core.ApplicationFilterChain.internalDoFilter(ApplicationFilterChain.java:174)
	at org.apache.catalina.core.ApplicationFilterChain.doFilter(ApplicationFilterChain.java:149)
	at org.springframework.web.filter.FormContentFilter.doFilterInternal(FormContentFilter.java:93)
	at org.springframework.web.filter.OncePerRequestFilter.doFilter(OncePerRequestFilter.java:116)
	at org.apache.catalina.core.ApplicationFilterChain.internalDoFilter(ApplicationFilterChain.java:174)
	at org.apache.catalina.core.ApplicationFilterChain.doFilter(ApplicationFilterChain.java:149)
	at org.springframework.web.filter.CharacterEncodingFilter.doFilterInternal(CharacterEncodingFilter.java:201)
	at org.springframework.web.filter.OncePerRequestFilter.doFilter(OncePerRequestFilter.java:116)
	at org.apache.catalina.core.ApplicationFilterChain.internalDoFilter(ApplicationFilterChain.java:174)
	at org.apache.catalina.core.ApplicationFilterChain.doFilter(ApplicationFilterChain.java:149)
	at org.apache.catalina.core.StandardWrapperValve.invoke(StandardWrapperValve.java:167)
	at org.apache.catalina.core.StandardContextValve.invoke(StandardContextValve.java:90)
	at org.apache.catalina.authenticator.AuthenticatorBase.invoke(AuthenticatorBase.java:482)
	at org.apache.catalina.core.StandardHostValve.invoke(StandardHostValve.java:115)
	at org.apache.catalina.valves.ErrorReportValve.invoke(ErrorReportValve.java:93)
	at org.apache.catalina.core.StandardEngineValve.invoke(StandardEngineValve.java:74)
	at org.apache.catalina.connector.CoyoteAdapter.service(CoyoteAdapter.java:340)
	at org.apache.coyote.http11.Http11Processor.service(Http11Processor.java:391)
	at org.apache.coyote.AbstractProcessorLight.process(AbstractProcessorLight.java:63)
	at org.apache.coyote.AbstractProtocol$ConnectionHandler.process(AbstractProtocol.java:896)
	at org.apache.tomcat.util.net.NioEndpoint$SocketProcessor.doRun(NioEndpoint.java:1744)
	at org.apache.tomcat.util.net.SocketProcessorBase.run(SocketProcessorBase.java:52)
	at org.apache.tomcat.util.threads.ThreadPoolExecutor.runWorker(ThreadPoolExecutor.java:1191)
	at org.apache.tomcat.util.threads.ThreadPoolExecutor$Worker.run(ThreadPoolExecutor.java:659)
	at org.apache.tomcat.util.threads.TaskThread$WrappingRunnable.run(TaskThread.java:61)
	at java.base/java.lang.Thread.run(Thread.java:1570)
Caused by: org.hibernate.exception.SQLGrammarException: JDBC exception executing SQL [select count(tb1_0.id) from thong_bao tb1_0 where tb1_0.tai_khoan_id=? and not(tb1_0.da_doc)] [Table 'qltv.thong_bao' doesn't exist] [n/a]
	at org.hibernate.exception.internal.SQLExceptionTypeDelegate.convert(SQLExceptionTypeDelegate.java:66)
	at org.hibernate.exception.internal.StandardSQLExceptionConverter.convert(StandardSQLExceptionConverter.java:58)
	at org.hibernate.engine.jdbc.spi.SqlExceptionHelper.convert(SqlExceptionHelper.java:108)
	at org.hibernate.engine.jdbc.spi.SqlExceptionHelper.convert(SqlExceptionHelper.java:94)
	at org.hibernate.sql.results.jdbc.internal.DeferredResultSetAccess.executeQuery(DeferredResultSetAccess.java:265)
	at org.hibernate.sql.results.jdbc.internal.DeferredResultSetAccess.getResultSet(DeferredResultSetAccess.java:167)
	at org.hibernate.sql.results.jdbc.internal.JdbcValuesResultSetImpl.advanceNext(JdbcValuesResultSetImpl.java:218)
	at org.hibernate.sql.results.jdbc.internal.JdbcValuesResultSetImpl.processNext(JdbcValuesResultSetImpl.java:98)
	at org.hibernate.sql.results.jdbc.internal.AbstractJdbcValues.next(AbstractJdbcValues.java:19)
	at org.hibernate.sql.results.internal.RowProcessingStateStandardImpl.next(RowProcessingStateStandardImpl.java:66)
	at org.hibernate.sql.results.spi.ListResultsConsumer.consume(ListResultsConsumer.java:203)
	at org.hibernate.sql.results.spi.ListResultsConsumer.consume(ListResultsConsumer.java:33)
	at org.hibernate.sql.exec.internal.JdbcSelectExecutorStandardImpl.doExecuteQuery(JdbcSelectExecutorStandardImpl.java:209)
	at org.hibernate.sql.exec.internal.JdbcSelectExecutorStandardImpl.executeQuery(JdbcSelectExecutorStandardImpl.java:83)
	at org.hibernate.sql.exec.spi.JdbcSelectExecutor.list(JdbcSelectExecutor.java:76)
	at org.hibernate.sql.exec.spi.JdbcSelectExecutor.list(JdbcSelectExecutor.java:65)
	at org.hibernate.query.sqm.internal.ConcreteSqmSelectQueryPlan.lambda$new$2(ConcreteSqmSelectQueryPlan.java:137)
	at org.hibernate.query.sqm.internal.ConcreteSqmSelectQueryPlan.withCacheableSqmInterpretation(ConcreteSqmSelectQueryPlan.java:359)
	at org.hibernate.query.sqm.internal.ConcreteSqmSelectQueryPlan.performList(ConcreteSqmSelectQueryPlan.java:300)
	at org.hibernate.query.sqm.internal.QuerySqmImpl.doList(QuerySqmImpl.java:509)
	at org.hibernate.query.spi.AbstractSelectionQuery.list(AbstractSelectionQuery.java:427)
	at org.hibernate.query.spi.AbstractSelectionQuery.getSingleResult(AbstractSelectionQuery.java:564)
	at org.springframework.data.jpa.repository.query.JpaQueryExecution$SingleEntityExecution.doExecute(JpaQueryExecution.java:223)
	at org.springframework.data.jpa.repository.query.JpaQueryExecution.execute(JpaQueryExecution.java:92)
	at org.springframework.data.jpa.repository.query.AbstractJpaQuery.doExecute(AbstractJpaQuery.java:149)
	at org.springframework.data.jpa.repository.query.AbstractJpaQuery.execute(AbstractJpaQuery.java:137)
	at org.springframework.data.repository.core.support.RepositoryMethodInvoker.doInvoke(RepositoryMethodInvoker.java:170)
	at org.springframework.data.repository.core.support.RepositoryMethodInvoker.invoke(RepositoryMethodInvoker.java:158)
	at org.springframework.data.repository.core.support.QueryExecutorMethodInterceptor.doInvoke(QueryExecutorMethodInterceptor.java:164)
	at org.springframework.data.repository.core.support.QueryExecutorMethodInterceptor.invoke(QueryExecutorMethodInterceptor.java:143)
	at org.springframework.aop.framework.ReflectiveMethodInvocation.proceed(ReflectiveMethodInvocation.java:184)
	at org.springframework.data.projection.DefaultMethodInvokingMethodInterceptor.invoke(DefaultMethodInvokingMethodInterceptor.java:70)
	at org.springframework.aop.framework.ReflectiveMethodInvocation.proceed(ReflectiveMethodInvocation.java:184)
	at org.springframework.transaction.interceptor.TransactionInterceptor$1.proceedWithInvocation(TransactionInterceptor.java:123)
	at org.springframework.transaction.interceptor.TransactionAspectSupport.invokeWithinTransaction(TransactionAspectSupport.java:385)
	at org.springframework.transaction.interceptor.TransactionInterceptor.invoke(TransactionInterceptor.java:119)
	at org.springframework.aop.framework.ReflectiveMethodInvocation.proceed(ReflectiveMethodInvocation.java:184)
	at org.springframework.dao.support.PersistenceExceptionTranslationInterceptor.invoke(PersistenceExceptionTranslationInterceptor.java:137)
	... 107 common frames omitted
Caused by: java.sql.SQLSyntaxErrorException: Table 'qltv.thong_bao' doesn't exist
	at com.mysql.cj.jdbc.exceptions.SQLError.createSQLException(SQLError.java:121)
	at com.mysql.cj.jdbc.exceptions.SQLExceptionsMapping.translateException(SQLExceptionsMapping.java:122)
	at com.mysql.cj.jdbc.ClientPreparedStatement.executeInternal(ClientPreparedStatement.java:912)
	at com.mysql.cj.jdbc.ClientPreparedStatement.executeQuery(ClientPreparedStatement.java:968)
	at com.zaxxer.hikari.pool.ProxyPreparedStatement.executeQuery(ProxyPreparedStatement.java:52)
	at com.zaxxer.hikari.pool.HikariProxyPreparedStatement.executeQuery(HikariProxyPreparedStatement.java)
	at org.hibernate.sql.results.jdbc.internal.DeferredResultSetAccess.executeQuery(DeferredResultSetAccess.java:246)
	... 140 common frames omitted
2026-04-20 21:48:02 [http-nio-8080-exec-9] WARN  o.s.w.s.m.m.a.ExceptionHandlerExceptionResolver - Resolved [org.springframework.dao.InvalidDataAccessResourceUsageException: JDBC exception executing SQL [select count(tb1_0.id) from thong_bao tb1_0 where tb1_0.tai_khoan_id=? and not(tb1_0.da_doc)] [Table 'qltv.thong_bao' doesn't exist] [n/a]; SQL [n/a]]
2026-04-20 21:48:02 [http-nio-8080-exec-9] DEBUG o.s.web.servlet.DispatcherServlet - Using resolved error view: ModelAndView [view="redirect:http://localhost:8080/login"; model={}]
2026-04-20 21:48:02 [http-nio-8080-exec-9] DEBUG o.s.web.servlet.view.RedirectView - View name 'redirect:', model {}
2026-04-20 21:48:02 [http-nio-8080-exec-9] DEBUG o.s.web.servlet.DispatcherServlet - Completed 302 FOUND
2026-04-20 21:48:02 [http-nio-8080-exec-8] DEBUG o.s.security.web.FilterChainProxy - Securing GET /login
2026-04-20 21:48:02 [http-nio-8080-exec-8] DEBUG o.s.security.web.FilterChainProxy - Secured GET /login
2026-04-20 21:48:02 [http-nio-8080-exec-8] DEBUG o.s.web.servlet.DispatcherServlet - GET "/login", parameters={}
2026-04-20 21:48:02 [http-nio-8080-exec-8] DEBUG o.s.w.s.m.m.a.RequestMappingHandlerMapping - Mapped to com.example.library.controller.AuthController#loginPage(String, String, String, String, Model)
2026-04-20 21:48:02 [http-nio-8080-exec-8] DEBUG o.s.s.w.c.HttpSessionSecurityContextRepository - Retrieved SecurityContextImpl [Authentication=UsernamePasswordAuthenticationToken [Principal=org.springframework.security.core.userdetails.User [Username=Tanphong, Password=[PROTECTED], Enabled=true, AccountNonExpired=true, CredentialsNonExpired=true, AccountNonLocked=true, Granted Authorities=[ROLE_KHACHHANG]], Credentials=[PROTECTED], Authenticated=true, Details=WebAuthenticationDetails [RemoteIpAddress=0:0:0:0:0:0:0:1, SessionId=null], Granted Authorities=[ROLE_KHACHHANG]]]
2026-04-20 21:48:02 [http-nio-8080-exec-8] DEBUG org.hibernate.SQL - 
    select
        tk1_0.matk,
        tk1_0.avatar,
        tk1_0.diachi,
        tk1_0.email,
        tk1_0.hoten,
        tk1_0.ngaytao,
        tk1_0.password,
        tk1_0.quyen,
        tk1_0.reset_token,
        tk1_0.sodienthoai,
        tk1_0.trangthai,
        tk1_0.username 
    from
        taikhoan tk1_0 
    where
        tk1_0.username=?
2026-04-20 21:48:02 [http-nio-8080-exec-8] DEBUG org.hibernate.SQL - 
    select
        count(tb1_0.id) 
    from
        thong_bao tb1_0 
    where
        tb1_0.tai_khoan_id=? 
        and not(tb1_0.da_doc)
2026-04-20 21:48:02 [http-nio-8080-exec-8] WARN  o.h.e.jdbc.spi.SqlExceptionHelper - SQL Error: 1146, SQLState: 42S02
2026-04-20 21:48:02 [http-nio-8080-exec-8] ERROR o.h.e.jdbc.spi.SqlExceptionHelper - Table 'qltv.thong_bao' doesn't exist
2026-04-20 21:48:02 [http-nio-8080-exec-8] DEBUG o.s.w.s.m.m.a.ExceptionHandlerExceptionResolver - Using @ExceptionHandler com.example.library.exception.GlobalExceptionHandler#handleGeneralException(Exception, HttpServletRequest, RedirectAttributes)
2026-04-20 21:48:02 [http-nio-8080-exec-8] ERROR c.e.l.e.GlobalExceptionHandler - Lỗi không lường trước xảy ra tại URL: http://localhost:8080/login. Chi tiết: 
org.springframework.dao.InvalidDataAccessResourceUsageException: JDBC exception executing SQL [select count(tb1_0.id) from thong_bao tb1_0 where tb1_0.tai_khoan_id=? and not(tb1_0.da_doc)] [Table 'qltv.thong_bao' doesn't exist] [n/a]; SQL [n/a]
	at org.springframework.orm.jpa.vendor.HibernateJpaDialect.convertHibernateAccessException(HibernateJpaDialect.java:277)
	at org.springframework.orm.jpa.vendor.HibernateJpaDialect.translateExceptionIfPossible(HibernateJpaDialect.java:241)
	at org.springframework.orm.jpa.AbstractEntityManagerFactoryBean.translateExceptionIfPossible(AbstractEntityManagerFactoryBean.java:550)
	at org.springframework.dao.support.ChainedPersistenceExceptionTranslator.translateExceptionIfPossible(ChainedPersistenceExceptionTranslator.java:61)
	at org.springframework.dao.support.DataAccessUtils.translateIfNecessary(DataAccessUtils.java:335)
	at org.springframework.dao.support.PersistenceExceptionTranslationInterceptor.invoke(PersistenceExceptionTranslationInterceptor.java:152)
	at org.springframework.aop.framework.ReflectiveMethodInvocation.proceed(ReflectiveMethodInvocation.java:184)
	at org.springframework.data.jpa.repository.support.CrudMethodMetadataPostProcessor$CrudMethodMetadataPopulatingMethodInterceptor.invoke(CrudMethodMetadataPostProcessor.java:135)
	at org.springframework.aop.framework.ReflectiveMethodInvocation.proceed(ReflectiveMethodInvocation.java:184)
	at org.springframework.aop.interceptor.ExposeInvocationInterceptor.invoke(ExposeInvocationInterceptor.java:97)
	at org.springframework.aop.framework.ReflectiveMethodInvocation.proceed(ReflectiveMethodInvocation.java:184)
	at org.springframework.aop.framework.JdkDynamicAopProxy.invoke(JdkDynamicAopProxy.java:220)
	at jdk.proxy4/jdk.proxy4.$Proxy138.countByTaiKhoanIdAndDaDocFalse(Unknown Source)
	at com.example.library.service.NotificationService.getUnreadCount(NotificationService.java:70)
	at com.example.library.controller.GlobalControllerAdvice.lambda$getUnreadCount$0(GlobalControllerAdvice.java:27)
	at java.base/java.util.Optional.map(Optional.java:260)
	at com.example.library.controller.GlobalControllerAdvice.getUnreadCount(GlobalControllerAdvice.java:27)
	at java.base/jdk.internal.reflect.DirectMethodHandleAccessor.invoke(DirectMethodHandleAccessor.java:103)
	at java.base/java.lang.reflect.Method.invoke(Method.java:580)
	at org.springframework.web.method.support.InvocableHandlerMethod.doInvoke(InvocableHandlerMethod.java:261)
	at org.springframework.web.method.support.InvocableHandlerMethod.invokeForRequest(InvocableHandlerMethod.java:189)
	at org.springframework.web.method.annotation.ModelFactory.invokeModelAttributeMethods(ModelFactory.java:143)
	at org.springframework.web.method.annotation.ModelFactory.initModel(ModelFactory.java:112)
	at org.springframework.web.servlet.mvc.method.annotation.RequestMappingHandlerAdapter.invokeHandlerMethod(RequestMappingHandlerAdapter.java:894)
	at org.springframework.web.servlet.mvc.method.annotation.RequestMappingHandlerAdapter.handleInternal(RequestMappingHandlerAdapter.java:829)
	at org.springframework.web.servlet.mvc.method.AbstractHandlerMethodAdapter.handle(AbstractHandlerMethodAdapter.java:87)
	at org.springframework.web.servlet.DispatcherServlet.doDispatch(DispatcherServlet.java:1089)
	at org.springframework.web.servlet.DispatcherServlet.doService(DispatcherServlet.java:979)
	at org.springframework.web.servlet.FrameworkServlet.processRequest(FrameworkServlet.java:1014)
	at org.springframework.web.servlet.FrameworkServlet.doGet(FrameworkServlet.java:903)
	at jakarta.servlet.http.HttpServlet.service(HttpServlet.java:564)
	at org.springframework.web.servlet.FrameworkServlet.service(FrameworkServlet.java:885)
	at jakarta.servlet.http.HttpServlet.service(HttpServlet.java:658)
	at org.apache.catalina.core.ApplicationFilterChain.internalDoFilter(ApplicationFilterChain.java:205)
	at org.apache.catalina.core.ApplicationFilterChain.doFilter(ApplicationFilterChain.java:149)
	at org.apache.tomcat.websocket.server.WsFilter.doFilter(WsFilter.java:51)
	at org.apache.catalina.core.ApplicationFilterChain.internalDoFilter(ApplicationFilterChain.java:174)
	at org.apache.catalina.core.ApplicationFilterChain.doFilter(ApplicationFilterChain.java:149)
	at org.springframework.web.filter.CompositeFilter$VirtualFilterChain.doFilter(CompositeFilter.java:108)
	at org.springframework.security.web.FilterChainProxy.lambda$doFilterInternal$3(FilterChainProxy.java:231)
	at org.springframework.security.web.FilterChainProxy$VirtualFilterChain.doFilter(FilterChainProxy.java:365)
	at org.springframework.security.web.access.intercept.AuthorizationFilter.doFilter(AuthorizationFilter.java:100)
	at org.springframework.security.web.FilterChainProxy$VirtualFilterChain.doFilter(FilterChainProxy.java:374)
	at org.springframework.security.web.access.ExceptionTranslationFilter.doFilter(ExceptionTranslationFilter.java:126)
	at org.springframework.security.web.access.ExceptionTranslationFilter.doFilter(ExceptionTranslationFilter.java:120)
	at org.springframework.security.web.FilterChainProxy$VirtualFilterChain.doFilter(FilterChainProxy.java:374)
	at org.springframework.security.web.authentication.AnonymousAuthenticationFilter.doFilter(AnonymousAuthenticationFilter.java:100)
	at org.springframework.security.web.FilterChainProxy$VirtualFilterChain.doFilter(FilterChainProxy.java:374)
	at org.springframework.security.web.servletapi.SecurityContextHolderAwareRequestFilter.doFilter(SecurityContextHolderAwareRequestFilter.java:179)
	at org.springframework.security.web.FilterChainProxy$VirtualFilterChain.doFilter(FilterChainProxy.java:374)
	at org.springframework.security.web.savedrequest.RequestCacheAwareFilter.doFilter(RequestCacheAwareFilter.java:63)
	at org.springframework.security.web.FilterChainProxy$VirtualFilterChain.doFilter(FilterChainProxy.java:374)
	at org.springframework.security.web.authentication.AbstractAuthenticationProcessingFilter.doFilter(AbstractAuthenticationProcessingFilter.java:227)
	at org.springframework.security.web.authentication.AbstractAuthenticationProcessingFilter.doFilter(AbstractAuthenticationProcessingFilter.java:221)
	at org.springframework.security.web.FilterChainProxy$VirtualFilterChain.doFilter(FilterChainProxy.java:374)
	at org.springframework.security.web.authentication.logout.LogoutFilter.doFilter(LogoutFilter.java:107)
	at org.springframework.security.web.authentication.logout.LogoutFilter.doFilter(LogoutFilter.java:93)
	at org.springframework.security.web.FilterChainProxy$VirtualFilterChain.doFilter(FilterChainProxy.java:374)
	at org.springframework.web.filter.CorsFilter.doFilterInternal(CorsFilter.java:91)
	at org.springframework.web.filter.OncePerRequestFilter.doFilter(OncePerRequestFilter.java:116)
	at org.springframework.security.web.FilterChainProxy$VirtualFilterChain.doFilter(FilterChainProxy.java:374)
	at org.springframework.security.web.header.HeaderWriterFilter.doHeadersAfter(HeaderWriterFilter.java:90)
	at org.springframework.security.web.header.HeaderWriterFilter.doFilterInternal(HeaderWriterFilter.java:75)
	at org.springframework.web.filter.OncePerRequestFilter.doFilter(OncePerRequestFilter.java:116)
	at org.springframework.security.web.FilterChainProxy$VirtualFilterChain.doFilter(FilterChainProxy.java:374)
	at org.springframework.security.web.context.SecurityContextHolderFilter.doFilter(SecurityContextHolderFilter.java:82)
	at org.springframework.security.web.context.SecurityContextHolderFilter.doFilter(SecurityContextHolderFilter.java:69)
	at org.springframework.security.web.FilterChainProxy$VirtualFilterChain.doFilter(FilterChainProxy.java:374)
	at org.springframework.security.web.context.request.async.WebAsyncManagerIntegrationFilter.doFilterInternal(WebAsyncManagerIntegrationFilter.java:62)
	at org.springframework.web.filter.OncePerRequestFilter.doFilter(OncePerRequestFilter.java:116)
	at org.springframework.security.web.FilterChainProxy$VirtualFilterChain.doFilter(FilterChainProxy.java:374)
	at org.springframework.security.web.session.DisableEncodeUrlFilter.doFilterInternal(DisableEncodeUrlFilter.java:42)
	at org.springframework.web.filter.OncePerRequestFilter.doFilter(OncePerRequestFilter.java:116)
	at org.springframework.security.web.FilterChainProxy$VirtualFilterChain.doFilter(FilterChainProxy.java:374)
	at org.springframework.security.web.FilterChainProxy.doFilterInternal(FilterChainProxy.java:233)
	at org.springframework.security.web.FilterChainProxy.doFilter(FilterChainProxy.java:191)
	at org.springframework.web.filter.CompositeFilter$VirtualFilterChain.doFilter(CompositeFilter.java:113)
	at org.springframework.web.servlet.handler.HandlerMappingIntrospector.lambda$createCacheFilter$3(HandlerMappingIntrospector.java:195)
	at org.springframework.web.filter.CompositeFilter$VirtualFilterChain.doFilter(CompositeFilter.java:113)
	at org.springframework.web.filter.CompositeFilter.doFilter(CompositeFilter.java:74)
	at org.springframework.security.config.annotation.web.configuration.WebMvcSecurityConfiguration$CompositeFilterChainProxy.doFilter(WebMvcSecurityConfiguration.java:225)
	at org.springframework.web.filter.DelegatingFilterProxy.invokeDelegate(DelegatingFilterProxy.java:352)
	at org.springframework.web.filter.DelegatingFilterProxy.doFilter(DelegatingFilterProxy.java:268)
	at org.apache.catalina.core.ApplicationFilterChain.internalDoFilter(ApplicationFilterChain.java:174)
	at org.apache.catalina.core.ApplicationFilterChain.doFilter(ApplicationFilterChain.java:149)
	at org.springframework.web.filter.RequestContextFilter.doFilterInternal(RequestContextFilter.java:100)
	at org.springframework.web.filter.OncePerRequestFilter.doFilter(OncePerRequestFilter.java:116)
	at org.apache.catalina.core.ApplicationFilterChain.internalDoFilter(ApplicationFilterChain.java:174)
	at org.apache.catalina.core.ApplicationFilterChain.doFilter(ApplicationFilterChain.java:149)
	at org.springframework.web.filter.FormContentFilter.doFilterInternal(FormContentFilter.java:93)
	at org.springframework.web.filter.OncePerRequestFilter.doFilter(OncePerRequestFilter.java:116)
	at org.apache.catalina.core.ApplicationFilterChain.internalDoFilter(ApplicationFilterChain.java:174)
	at org.apache.catalina.core.ApplicationFilterChain.doFilter(ApplicationFilterChain.java:149)
	at org.springframework.web.filter.CharacterEncodingFilter.doFilterInternal(CharacterEncodingFilter.java:201)
	at org.springframework.web.filter.OncePerRequestFilter.doFilter(OncePerRequestFilter.java:116)
	at org.apache.catalina.core.ApplicationFilterChain.internalDoFilter(ApplicationFilterChain.java:174)
	at org.apache.catalina.core.ApplicationFilterChain.doFilter(ApplicationFilterChain.java:149)
	at org.apache.catalina.core.StandardWrapperValve.invoke(StandardWrapperValve.java:167)
	at org.apache.catalina.core.StandardContextValve.invoke(StandardContextValve.java:90)
	at org.apache.catalina.authenticator.AuthenticatorBase.invoke(AuthenticatorBase.java:482)
	at org.apache.catalina.core.StandardHostValve.invoke(StandardHostValve.java:115)
	at org.apache.catalina.valves.ErrorReportValve.invoke(ErrorReportValve.java:93)
	at org.apache.catalina.core.StandardEngineValve.invoke(StandardEngineValve.java:74)
	at org.apache.catalina.connector.CoyoteAdapter.service(CoyoteAdapter.java:340)
	at org.apache.coyote.http11.Http11Processor.service(Http11Processor.java:391)
	at org.apache.coyote.AbstractProcessorLight.process(AbstractProcessorLight.java:63)
	at org.apache.coyote.AbstractProtocol$ConnectionHandler.process(AbstractProtocol.java:896)
	at org.apache.tomcat.util.net.NioEndpoint$SocketProcessor.doRun(NioEndpoint.java:1744)
	at org.apache.tomcat.util.net.SocketProcessorBase.run(SocketProcessorBase.java:52)
	at org.apache.tomcat.util.threads.ThreadPoolExecutor.runWorker(ThreadPoolExecutor.java:1191)
	at org.apache.tomcat.util.threads.ThreadPoolExecutor$Worker.run(ThreadPoolExecutor.java:659)
	at org.apache.tomcat.util.threads.TaskThread$WrappingRunnable.run(TaskThread.java:61)
	at java.base/java.lang.Thread.run(Thread.java:1570)
Caused by: org.hibernate.exception.SQLGrammarException: JDBC exception executing SQL [select count(tb1_0.id) from thong_bao tb1_0 where tb1_0.tai_khoan_id=? and not(tb1_0.da_doc)] [Table 'qltv.thong_bao' doesn't exist] [n/a]
	at org.hibernate.exception.internal.SQLExceptionTypeDelegate.convert(SQLExceptionTypeDelegate.java:66)
	at org.hibernate.exception.internal.StandardSQLExceptionConverter.convert(StandardSQLExceptionConverter.java:58)
	at org.hibernate.engine.jdbc.spi.SqlExceptionHelper.convert(SqlExceptionHelper.java:108)
	at org.hibernate.engine.jdbc.spi.SqlExceptionHelper.convert(SqlExceptionHelper.java:94)
	at org.hibernate.sql.results.jdbc.internal.DeferredResultSetAccess.executeQuery(DeferredResultSetAccess.java:265)
	at org.hibernate.sql.results.jdbc.internal.DeferredResultSetAccess.getResultSet(DeferredResultSetAccess.java:167)
	at org.hibernate.sql.results.jdbc.internal.JdbcValuesResultSetImpl.advanceNext(JdbcValuesResultSetImpl.java:218)
	at org.hibernate.sql.results.jdbc.internal.JdbcValuesResultSetImpl.processNext(JdbcValuesResultSetImpl.java:98)
	at org.hibernate.sql.results.jdbc.internal.AbstractJdbcValues.next(AbstractJdbcValues.java:19)
	at org.hibernate.sql.results.internal.RowProcessingStateStandardImpl.next(RowProcessingStateStandardImpl.java:66)
	at org.hibernate.sql.results.spi.ListResultsConsumer.consume(ListResultsConsumer.java:203)
	at org.hibernate.sql.results.spi.ListResultsConsumer.consume(ListResultsConsumer.java:33)
	at org.hibernate.sql.exec.internal.JdbcSelectExecutorStandardImpl.doExecuteQuery(JdbcSelectExecutorStandardImpl.java:209)
	at org.hibernate.sql.exec.internal.JdbcSelectExecutorStandardImpl.executeQuery(JdbcSelectExecutorStandardImpl.java:83)
	at org.hibernate.sql.exec.spi.JdbcSelectExecutor.list(JdbcSelectExecutor.java:76)
	at org.hibernate.sql.exec.spi.JdbcSelectExecutor.list(JdbcSelectExecutor.java:65)
	at org.hibernate.query.sqm.internal.ConcreteSqmSelectQueryPlan.lambda$new$2(ConcreteSqmSelectQueryPlan.java:137)
	at org.hibernate.query.sqm.internal.ConcreteSqmSelectQueryPlan.withCacheableSqmInterpretation(ConcreteSqmSelectQueryPlan.java:359)
	at org.hibernate.query.sqm.internal.ConcreteSqmSelectQueryPlan.performList(ConcreteSqmSelectQueryPlan.java:300)
	at org.hibernate.query.sqm.internal.QuerySqmImpl.doList(QuerySqmImpl.java:509)
	at org.hibernate.query.spi.AbstractSelectionQuery.list(AbstractSelectionQuery.java:427)
	at org.hibernate.query.spi.AbstractSelectionQuery.getSingleResult(AbstractSelectionQuery.java:564)
	at org.springframework.data.jpa.repository.query.JpaQueryExecution$SingleEntityExecution.doExecute(JpaQueryExecution.java:223)
	at org.springframework.data.jpa.repository.query.JpaQueryExecution.execute(JpaQueryExecution.java:92)
	at org.springframework.data.jpa.repository.query.AbstractJpaQuery.doExecute(AbstractJpaQuery.java:149)
	at org.springframework.data.jpa.repository.query.AbstractJpaQuery.execute(AbstractJpaQuery.java:137)
	at org.springframework.data.repository.core.support.RepositoryMethodInvoker.doInvoke(RepositoryMethodInvoker.java:170)
	at org.springframework.data.repository.core.support.RepositoryMethodInvoker.invoke(RepositoryMethodInvoker.java:158)
	at org.springframework.data.repository.core.support.QueryExecutorMethodInterceptor.doInvoke(QueryExecutorMethodInterceptor.java:164)
	at org.springframework.data.repository.core.support.QueryExecutorMethodInterceptor.invoke(QueryExecutorMethodInterceptor.java:143)
	at org.springframework.aop.framework.ReflectiveMethodInvocation.proceed(ReflectiveMethodInvocation.java:184)
	at org.springframework.data.projection.DefaultMethodInvokingMethodInterceptor.invoke(DefaultMethodInvokingMethodInterceptor.java:70)
	at org.springframework.aop.framework.ReflectiveMethodInvocation.proceed(ReflectiveMethodInvocation.java:184)
	at org.springframework.transaction.interceptor.TransactionInterceptor$1.proceedWithInvocation(TransactionInterceptor.java:123)
	at org.springframework.transaction.interceptor.TransactionAspectSupport.invokeWithinTransaction(TransactionAspectSupport.java:385)
	at org.springframework.transaction.interceptor.TransactionInterceptor.invoke(TransactionInterceptor.java:119)
	at org.springframework.aop.framework.ReflectiveMethodInvocation.proceed(ReflectiveMethodInvocation.java:184)
	at org.springframework.dao.support.PersistenceExceptionTranslationInterceptor.invoke(PersistenceExceptionTranslationInterceptor.java:137)
	... 107 common frames omitted
Caused by: java.sql.SQLSyntaxErrorException: Table 'qltv.thong_bao' doesn't exist
	at com.mysql.cj.jdbc.exceptions.SQLError.createSQLException(SQLError.java:121)
	at com.mysql.cj.jdbc.exceptions.SQLExceptionsMapping.translateException(SQLExceptionsMapping.java:122)
	at com.mysql.cj.jdbc.ClientPreparedStatement.executeInternal(ClientPreparedStatement.java:912)
	at com.mysql.cj.jdbc.ClientPreparedStatement.executeQuery(ClientPreparedStatement.java:968)
	at com.zaxxer.hikari.pool.ProxyPreparedStatement.executeQuery(ProxyPreparedStatement.java:52)
	at com.zaxxer.hikari.pool.HikariProxyPreparedStatement.executeQuery(HikariProxyPreparedStatement.java)
	at org.hibernate.sql.results.jdbc.internal.DeferredResultSetAccess.executeQuery(DeferredResultSetAccess.java:246)
	... 140 common frames omitted
2026-04-20 21:48:02 [http-nio-8080-exec-8] WARN  o.s.w.s.m.m.a.ExceptionHandlerExceptionResolver - Resolved [org.springframework.dao.InvalidDataAccessResourceUsageException: JDBC exception executing SQL [select count(tb1_0.id) from thong_bao tb1_0 where tb1_0.tai_khoan_id=? and not(tb1_0.da_doc)] [Table 'qltv.thong_bao' doesn't exist] [n/a]; SQL [n/a]]
2026-04-20 21:48:02 [http-nio-8080-exec-8] DEBUG o.s.web.servlet.DispatcherServlet - Using resolved error view: ModelAndView [view="redirect:http://localhost:8080/login"; model={}]
2026-04-20 21:48:02 [http-nio-8080-exec-8] DEBUG o.s.web.servlet.view.RedirectView - View name 'redirect:', model {}
2026-04-20 21:48:02 [http-nio-8080-exec-8] DEBUG o.s.web.servlet.DispatcherServlet - Completed 302 FOUND
2026-04-20 21:48:02 [http-nio-8080-exec-6] DEBUG o.s.security.web.FilterChainProxy - Securing GET /login
2026-04-20 21:48:02 [http-nio-8080-exec-6] DEBUG o.s.security.web.FilterChainProxy - Secured GET /login
2026-04-20 21:48:02 [http-nio-8080-exec-6] DEBUG o.s.web.servlet.DispatcherServlet - GET "/login", parameters={}
2026-04-20 21:48:02 [http-nio-8080-exec-6] DEBUG o.s.w.s.m.m.a.RequestMappingHandlerMapping - Mapped to com.example.library.controller.AuthController#loginPage(String, String, String, String, Model)
2026-04-20 21:48:02 [http-nio-8080-exec-6] DEBUG o.s.s.w.c.HttpSessionSecurityContextRepository - Retrieved SecurityContextImpl [Authentication=UsernamePasswordAuthenticationToken [Principal=org.springframework.security.core.userdetails.User [Username=Tanphong, Password=[PROTECTED], Enabled=true, AccountNonExpired=true, CredentialsNonExpired=true, AccountNonLocked=true, Granted Authorities=[ROLE_KHACHHANG]], Credentials=[PROTECTED], Authenticated=true, Details=WebAuthenticationDetails [RemoteIpAddress=0:0:0:0:0:0:0:1, SessionId=null], Granted Authorities=[ROLE_KHACHHANG]]]
2026-04-20 21:48:02 [http-nio-8080-exec-6] DEBUG org.hibernate.SQL - 
    select
        tk1_0.matk,
        tk1_0.avatar,
        tk1_0.diachi,
        tk1_0.email,
        tk1_0.hoten,
        tk1_0.ngaytao,
        tk1_0.password,
        tk1_0.quyen,
        tk1_0.reset_token,
        tk1_0.sodienthoai,
        tk1_0.trangthai,
        tk1_0.username 
    from
        taikhoan tk1_0 
    where
        tk1_0.username=?
2026-04-20 21:48:02 [http-nio-8080-exec-6] DEBUG org.hibernate.SQL - 
    select
        count(tb1_0.id) 
    from
        thong_bao tb1_0 
    where
        tb1_0.tai_khoan_id=? 
        and not(tb1_0.da_doc)
2026-04-20 21:48:02 [http-nio-8080-exec-6] WARN  o.h.e.jdbc.spi.SqlExceptionHelper - SQL Error: 1146, SQLState: 42S02
2026-04-20 21:48:02 [http-nio-8080-exec-6] ERROR o.h.e.jdbc.spi.SqlExceptionHelper - Table 'qltv.thong_bao' doesn't exist
2026-04-20 21:48:02 [http-nio-8080-exec-6] DEBUG o.s.w.s.m.m.a.ExceptionHandlerExceptionResolver - Using @ExceptionHandler com.example.library.exception.GlobalExceptionHandler#handleGeneralException(Exception, HttpServletRequest, RedirectAttributes)
2026-04-20 21:48:02 [http-nio-8080-exec-6] ERROR c.e.l.e.GlobalExceptionHandler - Lỗi không lường trước xảy ra tại URL: http://localhost:8080/login. Chi tiết: 
org.springframework.dao.InvalidDataAccessResourceUsageException: JDBC exception executing SQL [select count(tb1_0.id) from thong_bao tb1_0 where tb1_0.tai_khoan_id=? and not(tb1_0.da_doc)] [Table 'qltv.thong_bao' doesn't exist] [n/a]; SQL [n/a]
	at org.springframework.orm.jpa.vendor.HibernateJpaDialect.convertHibernateAccessException(HibernateJpaDialect.java:277)
	at org.springframework.orm.jpa.vendor.HibernateJpaDialect.translateExceptionIfPossible(HibernateJpaDialect.java:241)
	at org.springframework.orm.jpa.AbstractEntityManagerFactoryBean.translateExceptionIfPossible(AbstractEntityManagerFactoryBean.java:550)
	at org.springframework.dao.support.ChainedPersistenceExceptionTranslator.translateExceptionIfPossible(ChainedPersistenceExceptionTranslator.java:61)
	at org.springframework.dao.support.DataAccessUtils.translateIfNecessary(DataAccessUtils.java:335)
	at org.springframework.dao.support.PersistenceExceptionTranslationInterceptor.invoke(PersistenceExceptionTranslationInterceptor.java:152)
	at org.springframework.aop.framework.ReflectiveMethodInvocation.proceed(ReflectiveMethodInvocation.java:184)
	at org.springframework.data.jpa.repository.support.CrudMethodMetadataPostProcessor$CrudMethodMetadataPopulatingMethodInterceptor.invoke(CrudMethodMetadataPostProcessor.java:135)
	at org.springframework.aop.framework.ReflectiveMethodInvocation.proceed(ReflectiveMethodInvocation.java:184)
	at org.springframework.aop.interceptor.ExposeInvocationInterceptor.invoke(ExposeInvocationInterceptor.java:97)
	at org.springframework.aop.framework.ReflectiveMethodInvocation.proceed(ReflectiveMethodInvocation.java:184)
	at org.springframework.aop.framework.JdkDynamicAopProxy.invoke(JdkDynamicAopProxy.java:220)
	at jdk.proxy4/jdk.proxy4.$Proxy138.countByTaiKhoanIdAndDaDocFalse(Unknown Source)
	at com.example.library.service.NotificationService.getUnreadCount(NotificationService.java:70)
	at com.example.library.controller.GlobalControllerAdvice.lambda$getUnreadCount$0(GlobalControllerAdvice.java:27)
	at java.base/java.util.Optional.map(Optional.java:260)
	at com.example.library.controller.GlobalControllerAdvice.getUnreadCount(GlobalControllerAdvice.java:27)
	at java.base/jdk.internal.reflect.DirectMethodHandleAccessor.invoke(DirectMethodHandleAccessor.java:103)
	at java.base/java.lang.reflect.Method.invoke(Method.java:580)
	at org.springframework.web.method.support.InvocableHandlerMethod.doInvoke(InvocableHandlerMethod.java:261)
	at org.springframework.web.method.support.InvocableHandlerMethod.invokeForRequest(InvocableHandlerMethod.java:189)
	at org.springframework.web.method.annotation.ModelFactory.invokeModelAttributeMethods(ModelFactory.java:143)
	at org.springframework.web.method.annotation.ModelFactory.initModel(ModelFactory.java:112)
	at org.springframework.web.servlet.mvc.method.annotation.RequestMappingHandlerAdapter.invokeHandlerMethod(RequestMappingHandlerAdapter.java:894)
	at org.springframework.web.servlet.mvc.method.annotation.RequestMappingHandlerAdapter.handleInternal(RequestMappingHandlerAdapter.java:829)
	at org.springframework.web.servlet.mvc.method.AbstractHandlerMethodAdapter.handle(AbstractHandlerMethodAdapter.java:87)
	at org.springframework.web.servlet.DispatcherServlet.doDispatch(DispatcherServlet.java:1089)
	at org.springframework.web.servlet.DispatcherServlet.doService(DispatcherServlet.java:979)
	at org.springframework.web.servlet.FrameworkServlet.processRequest(FrameworkServlet.java:1014)
	at org.springframework.web.servlet.FrameworkServlet.doGet(FrameworkServlet.java:903)
	at jakarta.servlet.http.HttpServlet.service(HttpServlet.java:564)
	at org.springframework.web.servlet.FrameworkServlet.service(FrameworkServlet.java:885)
	at jakarta.servlet.http.HttpServlet.service(HttpServlet.java:658)
	at org.apache.catalina.core.ApplicationFilterChain.internalDoFilter(ApplicationFilterChain.java:205)
	at org.apache.catalina.core.ApplicationFilterChain.doFilter(ApplicationFilterChain.java:149)
	at org.apache.tomcat.websocket.server.WsFilter.doFilter(WsFilter.java:51)
	at org.apache.catalina.core.ApplicationFilterChain.internalDoFilter(ApplicationFilterChain.java:174)
	at org.apache.catalina.core.ApplicationFilterChain.doFilter(ApplicationFilterChain.java:149)
	at org.springframework.web.filter.CompositeFilter$VirtualFilterChain.doFilter(CompositeFilter.java:108)
	at org.springframework.security.web.FilterChainProxy.lambda$doFilterInternal$3(FilterChainProxy.java:231)
	at org.springframework.security.web.FilterChainProxy$VirtualFilterChain.doFilter(FilterChainProxy.java:365)
	at org.springframework.security.web.access.intercept.AuthorizationFilter.doFilter(AuthorizationFilter.java:100)
	at org.springframework.security.web.FilterChainProxy$VirtualFilterChain.doFilter(FilterChainProxy.java:374)
	at org.springframework.security.web.access.ExceptionTranslationFilter.doFilter(ExceptionTranslationFilter.java:126)
	at org.springframework.security.web.access.ExceptionTranslationFilter.doFilter(ExceptionTranslationFilter.java:120)
	at org.springframework.security.web.FilterChainProxy$VirtualFilterChain.doFilter(FilterChainProxy.java:374)
	at org.springframework.security.web.authentication.AnonymousAuthenticationFilter.doFilter(AnonymousAuthenticationFilter.java:100)
	at org.springframework.security.web.FilterChainProxy$VirtualFilterChain.doFilter(FilterChainProxy.java:374)
	at org.springframework.security.web.servletapi.SecurityContextHolderAwareRequestFilter.doFilter(SecurityContextHolderAwareRequestFilter.java:179)
	at org.springframework.security.web.FilterChainProxy$VirtualFilterChain.doFilter(FilterChainProxy.java:374)
	at org.springframework.security.web.savedrequest.RequestCacheAwareFilter.doFilter(RequestCacheAwareFilter.java:63)
	at org.springframework.security.web.FilterChainProxy$VirtualFilterChain.doFilter(FilterChainProxy.java:374)
	at org.springframework.security.web.authentication.AbstractAuthenticationProcessingFilter.doFilter(AbstractAuthenticationProcessingFilter.java:227)
	at org.springframework.security.web.authentication.AbstractAuthenticationProcessingFilter.doFilter(AbstractAuthenticationProcessingFilter.java:221)
	at org.springframework.security.web.FilterChainProxy$VirtualFilterChain.doFilter(FilterChainProxy.java:374)
	at org.springframework.security.web.authentication.logout.LogoutFilter.doFilter(LogoutFilter.java:107)
	at org.springframework.security.web.authentication.logout.LogoutFilter.doFilter(LogoutFilter.java:93)
	at org.springframework.security.web.FilterChainProxy$VirtualFilterChain.doFilter(FilterChainProxy.java:374)
	at org.springframework.web.filter.CorsFilter.doFilterInternal(CorsFilter.java:91)
	at org.springframework.web.filter.OncePerRequestFilter.doFilter(OncePerRequestFilter.java:116)
	at org.springframework.security.web.FilterChainProxy$VirtualFilterChain.doFilter(FilterChainProxy.java:374)
	at org.springframework.security.web.header.HeaderWriterFilter.doHeadersAfter(HeaderWriterFilter.java:90)
	at org.springframework.security.web.header.HeaderWriterFilter.doFilterInternal(HeaderWriterFilter.java:75)
	at org.springframework.web.filter.OncePerRequestFilter.doFilter(OncePerRequestFilter.java:116)
	at org.springframework.security.web.FilterChainProxy$VirtualFilterChain.doFilter(FilterChainProxy.java:374)
	at org.springframework.security.web.context.SecurityContextHolderFilter.doFilter(SecurityContextHolderFilter.java:82)
	at org.springframework.security.web.context.SecurityContextHolderFilter.doFilter(SecurityContextHolderFilter.java:69)
	at org.springframework.security.web.FilterChainProxy$VirtualFilterChain.doFilter(FilterChainProxy.java:374)
	at org.springframework.security.web.context.request.async.WebAsyncManagerIntegrationFilter.doFilterInternal(WebAsyncManagerIntegrationFilter.java:62)
	at org.springframework.web.filter.OncePerRequestFilter.doFilter(OncePerRequestFilter.java:116)
	at org.springframework.security.web.FilterChainProxy$VirtualFilterChain.doFilter(FilterChainProxy.java:374)
	at org.springframework.security.web.session.DisableEncodeUrlFilter.doFilterInternal(DisableEncodeUrlFilter.java:42)
	at org.springframework.web.filter.OncePerRequestFilter.doFilter(OncePerRequestFilter.java:116)
	at org.springframework.security.web.FilterChainProxy$VirtualFilterChain.doFilter(FilterChainProxy.java:374)
	at org.springframework.security.web.FilterChainProxy.doFilterInternal(FilterChainProxy.java:233)
	at org.springframework.security.web.FilterChainProxy.doFilter(FilterChainProxy.java:191)
	at org.springframework.web.filter.CompositeFilter$VirtualFilterChain.doFilter(CompositeFilter.java:113)
	at org.springframework.web.servlet.handler.HandlerMappingIntrospector.lambda$createCacheFilter$3(HandlerMappingIntrospector.java:195)
	at org.springframework.web.filter.CompositeFilter$VirtualFilterChain.doFilter(CompositeFilter.java:113)
	at org.springframework.web.filter.CompositeFilter.doFilter(CompositeFilter.java:74)
	at org.springframework.security.config.annotation.web.configuration.WebMvcSecurityConfiguration$CompositeFilterChainProxy.doFilter(WebMvcSecurityConfiguration.java:225)
	at org.springframework.web.filter.DelegatingFilterProxy.invokeDelegate(DelegatingFilterProxy.java:352)
	at org.springframework.web.filter.DelegatingFilterProxy.doFilter(DelegatingFilterProxy.java:268)
	at org.apache.catalina.core.ApplicationFilterChain.internalDoFilter(ApplicationFilterChain.java:174)
	at org.apache.catalina.core.ApplicationFilterChain.doFilter(ApplicationFilterChain.java:149)
	at org.springframework.web.filter.RequestContextFilter.doFilterInternal(RequestContextFilter.java:100)
	at org.springframework.web.filter.OncePerRequestFilter.doFilter(OncePerRequestFilter.java:116)
	at org.apache.catalina.core.ApplicationFilterChain.internalDoFilter(ApplicationFilterChain.java:174)
	at org.apache.catalina.core.ApplicationFilterChain.doFilter(ApplicationFilterChain.java:149)
	at org.springframework.web.filter.FormContentFilter.doFilterInternal(FormContentFilter.java:93)
	at org.springframework.web.filter.OncePerRequestFilter.doFilter(OncePerRequestFilter.java:116)
	at org.apache.catalina.core.ApplicationFilterChain.internalDoFilter(ApplicationFilterChain.java:174)
	at org.apache.catalina.core.ApplicationFilterChain.doFilter(ApplicationFilterChain.java:149)
	at org.springframework.web.filter.CharacterEncodingFilter.doFilterInternal(CharacterEncodingFilter.java:201)
	at org.springframework.web.filter.OncePerRequestFilter.doFilter(OncePerRequestFilter.java:116)
	at org.apache.catalina.core.ApplicationFilterChain.internalDoFilter(ApplicationFilterChain.java:174)
	at org.apache.catalina.core.ApplicationFilterChain.doFilter(ApplicationFilterChain.java:149)
	at org.apache.catalina.core.StandardWrapperValve.invoke(StandardWrapperValve.java:167)
	at org.apache.catalina.core.StandardContextValve.invoke(StandardContextValve.java:90)
	at org.apache.catalina.authenticator.AuthenticatorBase.invoke(AuthenticatorBase.java:482)
	at org.apache.catalina.core.StandardHostValve.invoke(StandardHostValve.java:115)
	at org.apache.catalina.valves.ErrorReportValve.invoke(ErrorReportValve.java:93)
	at org.apache.catalina.core.StandardEngineValve.invoke(StandardEngineValve.java:74)
	at org.apache.catalina.connector.CoyoteAdapter.service(CoyoteAdapter.java:340)
	at org.apache.coyote.http11.Http11Processor.service(Http11Processor.java:391)
	at org.apache.coyote.AbstractProcessorLight.process(AbstractProcessorLight.java:63)
	at org.apache.coyote.AbstractProtocol$ConnectionHandler.process(AbstractProtocol.java:896)
	at org.apache.tomcat.util.net.NioEndpoint$SocketProcessor.doRun(NioEndpoint.java:1744)
	at org.apache.tomcat.util.net.SocketProcessorBase.run(SocketProcessorBase.java:52)
	at org.apache.tomcat.util.threads.ThreadPoolExecutor.runWorker(ThreadPoolExecutor.java:1191)
	at org.apache.tomcat.util.threads.ThreadPoolExecutor$Worker.run(ThreadPoolExecutor.java:659)
	at org.apache.tomcat.util.threads.TaskThread$WrappingRunnable.run(TaskThread.java:61)
	at java.base/java.lang.Thread.run(Thread.java:1570)
Caused by: org.hibernate.exception.SQLGrammarException: JDBC exception executing SQL [select count(tb1_0.id) from thong_bao tb1_0 where tb1_0.tai_khoan_id=? and not(tb1_0.da_doc)] [Table 'qltv.thong_bao' doesn't exist] [n/a]
	at org.hibernate.exception.internal.SQLExceptionTypeDelegate.convert(SQLExceptionTypeDelegate.java:66)
	at org.hibernate.exception.internal.StandardSQLExceptionConverter.convert(StandardSQLExceptionConverter.java:58)
	at org.hibernate.engine.jdbc.spi.SqlExceptionHelper.convert(SqlExceptionHelper.java:108)
	at org.hibernate.engine.jdbc.spi.SqlExceptionHelper.convert(SqlExceptionHelper.java:94)
	at org.hibernate.sql.results.jdbc.internal.DeferredResultSetAccess.executeQuery(DeferredResultSetAccess.java:265)
	at org.hibernate.sql.results.jdbc.internal.DeferredResultSetAccess.getResultSet(DeferredResultSetAccess.java:167)
	at org.hibernate.sql.results.jdbc.internal.JdbcValuesResultSetImpl.advanceNext(JdbcValuesResultSetImpl.java:218)
	at org.hibernate.sql.results.jdbc.internal.JdbcValuesResultSetImpl.processNext(JdbcValuesResultSetImpl.java:98)
	at org.hibernate.sql.results.jdbc.internal.AbstractJdbcValues.next(AbstractJdbcValues.java:19)
	at org.hibernate.sql.results.internal.RowProcessingStateStandardImpl.next(RowProcessingStateStandardImpl.java:66)
	at org.hibernate.sql.results.spi.ListResultsConsumer.consume(ListResultsConsumer.java:203)
	at org.hibernate.sql.results.spi.ListResultsConsumer.consume(ListResultsConsumer.java:33)
	at org.hibernate.sql.exec.internal.JdbcSelectExecutorStandardImpl.doExecuteQuery(JdbcSelectExecutorStandardImpl.java:209)
	at org.hibernate.sql.exec.internal.JdbcSelectExecutorStandardImpl.executeQuery(JdbcSelectExecutorStandardImpl.java:83)
	at org.hibernate.sql.exec.spi.JdbcSelectExecutor.list(JdbcSelectExecutor.java:76)
	at org.hibernate.sql.exec.spi.JdbcSelectExecutor.list(JdbcSelectExecutor.java:65)
	at org.hibernate.query.sqm.internal.ConcreteSqmSelectQueryPlan.lambda$new$2(ConcreteSqmSelectQueryPlan.java:137)
	at org.hibernate.query.sqm.internal.ConcreteSqmSelectQueryPlan.withCacheableSqmInterpretation(ConcreteSqmSelectQueryPlan.java:359)
	at org.hibernate.query.sqm.internal.ConcreteSqmSelectQueryPlan.performList(ConcreteSqmSelectQueryPlan.java:300)
	at org.hibernate.query.sqm.internal.QuerySqmImpl.doList(QuerySqmImpl.java:509)
	at org.hibernate.query.spi.AbstractSelectionQuery.list(AbstractSelectionQuery.java:427)
	at org.hibernate.query.spi.AbstractSelectionQuery.getSingleResult(AbstractSelectionQuery.java:564)
	at org.springframework.data.jpa.repository.query.JpaQueryExecution$SingleEntityExecution.doExecute(JpaQueryExecution.java:223)
	at org.springframework.data.jpa.repository.query.JpaQueryExecution.execute(JpaQueryExecution.java:92)
	at org.springframework.data.jpa.repository.query.AbstractJpaQuery.doExecute(AbstractJpaQuery.java:149)
	at org.springframework.data.jpa.repository.query.AbstractJpaQuery.execute(AbstractJpaQuery.java:137)
	at org.springframework.data.repository.core.support.RepositoryMethodInvoker.doInvoke(RepositoryMethodInvoker.java:170)
	at org.springframework.data.repository.core.support.RepositoryMethodInvoker.invoke(RepositoryMethodInvoker.java:158)
	at org.springframework.data.repository.core.support.QueryExecutorMethodInterceptor.doInvoke(QueryExecutorMethodInterceptor.java:164)
	at org.springframework.data.repository.core.support.QueryExecutorMethodInterceptor.invoke(QueryExecutorMethodInterceptor.java:143)
	at org.springframework.aop.framework.ReflectiveMethodInvocation.proceed(ReflectiveMethodInvocation.java:184)
	at org.springframework.data.projection.DefaultMethodInvokingMethodInterceptor.invoke(DefaultMethodInvokingMethodInterceptor.java:70)
	at org.springframework.aop.framework.ReflectiveMethodInvocation.proceed(ReflectiveMethodInvocation.java:184)
	at org.springframework.transaction.interceptor.TransactionInterceptor$1.proceedWithInvocation(TransactionInterceptor.java:123)
	at org.springframework.transaction.interceptor.TransactionAspectSupport.invokeWithinTransaction(TransactionAspectSupport.java:385)
	at org.springframework.transaction.interceptor.TransactionInterceptor.invoke(TransactionInterceptor.java:119)
	at org.springframework.aop.framework.ReflectiveMethodInvocation.proceed(ReflectiveMethodInvocation.java:184)
	at org.springframework.dao.support.PersistenceExceptionTranslationInterceptor.invoke(PersistenceExceptionTranslationInterceptor.java:137)
	... 107 common frames omitted
Caused by: java.sql.SQLSyntaxErrorException: Table 'qltv.thong_bao' doesn't exist
	at com.mysql.cj.jdbc.exceptions.SQLError.createSQLException(SQLError.java:121)
	at com.mysql.cj.jdbc.exceptions.SQLExceptionsMapping.translateException(SQLExceptionsMapping.java:122)
	at com.mysql.cj.jdbc.ClientPreparedStatement.executeInternal(ClientPreparedStatement.java:912)
	at com.mysql.cj.jdbc.ClientPreparedStatement.executeQuery(ClientPreparedStatement.java:968)
	at com.zaxxer.hikari.pool.ProxyPreparedStatement.executeQuery(ProxyPreparedStatement.java:52)
	at com.zaxxer.hikari.pool.HikariProxyPreparedStatement.executeQuery(HikariProxyPreparedStatement.java)
	at org.hibernate.sql.results.jdbc.internal.DeferredResultSetAccess.executeQuery(DeferredResultSetAccess.java:246)
	... 140 common frames omitted
2026-04-20 21:48:02 [http-nio-8080-exec-6] WARN  o.s.w.s.m.m.a.ExceptionHandlerExceptionResolver - Resolved [org.springframework.dao.InvalidDataAccessResourceUsageException: JDBC exception executing SQL [select count(tb1_0.id) from thong_bao tb1_0 where tb1_0.tai_khoan_id=? and not(tb1_0.da_doc)] [Table 'qltv.thong_bao' doesn't exist] [n/a]; SQL [n/a]]
2026-04-20 21:48:02 [http-nio-8080-exec-6] DEBUG o.s.web.servlet.DispatcherServlet - Using resolved error view: ModelAndView [view="redirect:http://localhost:8080/login"; model={}]
2026-04-20 21:48:02 [http-nio-8080-exec-6] DEBUG o.s.web.servlet.view.RedirectView - View name 'redirect:', model {}
2026-04-20 21:48:02 [http-nio-8080-exec-6] DEBUG o.s.web.servlet.DispatcherServlet - Completed 302 FOUND
2026-04-20 21:48:02 [http-nio-8080-exec-10] DEBUG o.s.security.web.FilterChainProxy - Securing GET /login
2026-04-20 21:48:02 [http-nio-8080-exec-10] DEBUG o.s.security.web.FilterChainProxy - Secured GET /login
2026-04-20 21:48:02 [http-nio-8080-exec-10] DEBUG o.s.web.servlet.DispatcherServlet - GET "/login", parameters={}
2026-04-20 21:48:02 [http-nio-8080-exec-10] DEBUG o.s.w.s.m.m.a.RequestMappingHandlerMapping - Mapped to com.example.library.controller.AuthController#loginPage(String, String, String, String, Model)
2026-04-20 21:48:02 [http-nio-8080-exec-10] DEBUG o.s.s.w.c.HttpSessionSecurityContextRepository - Retrieved SecurityContextImpl [Authentication=UsernamePasswordAuthenticationToken [Principal=org.springframework.security.core.userdetails.User [Username=Tanphong, Password=[PROTECTED], Enabled=true, AccountNonExpired=true, CredentialsNonExpired=true, AccountNonLocked=true, Granted Authorities=[ROLE_KHACHHANG]], Credentials=[PROTECTED], Authenticated=true, Details=WebAuthenticationDetails [RemoteIpAddress=0:0:0:0:0:0:0:1, SessionId=null], Granted Authorities=[ROLE_KHACHHANG]]]
2026-04-20 21:48:02 [http-nio-8080-exec-10] DEBUG org.hibernate.SQL - 
    select
        tk1_0.matk,
        tk1_0.avatar,
        tk1_0.diachi,
        tk1_0.email,
        tk1_0.hoten,
        tk1_0.ngaytao,
        tk1_0.password,
        tk1_0.quyen,
        tk1_0.reset_token,
        tk1_0.sodienthoai,
        tk1_0.trangthai,
        tk1_0.username 
    from
        taikhoan tk1_0 
    where
        tk1_0.username=?
2026-04-20 21:48:02 [http-nio-8080-exec-10] DEBUG org.hibernate.SQL - 
    select
        count(tb1_0.id) 
    from
        thong_bao tb1_0 
    where
        tb1_0.tai_khoan_id=? 
        and not(tb1_0.da_doc)
2026-04-20 21:48:02 [http-nio-8080-exec-10] WARN  o.h.e.jdbc.spi.SqlExceptionHelper - SQL Error: 1146, SQLState: 42S02
2026-04-20 21:48:02 [http-nio-8080-exec-10] ERROR o.h.e.jdbc.spi.SqlExceptionHelper - Table 'qltv.thong_bao' doesn't exist
2026-04-20 21:48:02 [http-nio-8080-exec-10] DEBUG o.s.w.s.m.m.a.ExceptionHandlerExceptionResolver - Using @ExceptionHandler com.example.library.exception.GlobalExceptionHandler#handleGeneralException(Exception, HttpServletRequest, RedirectAttributes)
2026-04-20 21:48:02 [http-nio-8080-exec-10] ERROR c.e.l.e.GlobalExceptionHandler - Lỗi không lường trước xảy ra tại URL: http://localhost:8080/login. Chi tiết: 
org.springframework.dao.InvalidDataAccessResourceUsageException: JDBC exception executing SQL [select count(tb1_0.id) from thong_bao tb1_0 where tb1_0.tai_khoan_id=? and not(tb1_0.da_doc)] [Table 'qltv.thong_bao' doesn't exist] [n/a]; SQL [n/a]
	at org.springframework.orm.jpa.vendor.HibernateJpaDialect.convertHibernateAccessException(HibernateJpaDialect.java:277)
	at org.springframework.orm.jpa.vendor.HibernateJpaDialect.translateExceptionIfPossible(HibernateJpaDialect.java:241)
	at org.springframework.orm.jpa.AbstractEntityManagerFactoryBean.translateExceptionIfPossible(AbstractEntityManagerFactoryBean.java:550)
	at org.springframework.dao.support.ChainedPersistenceExceptionTranslator.translateExceptionIfPossible(ChainedPersistenceExceptionTranslator.java:61)
	at org.springframework.dao.support.DataAccessUtils.translateIfNecessary(DataAccessUtils.java:335)
	at org.springframework.dao.support.PersistenceExceptionTranslationInterceptor.invoke(PersistenceExceptionTranslationInterceptor.java:152)
	at org.springframework.aop.framework.ReflectiveMethodInvocation.proceed(ReflectiveMethodInvocation.java:184)
	at org.springframework.data.jpa.repository.support.CrudMethodMetadataPostProcessor$CrudMethodMetadataPopulatingMethodInterceptor.invoke(CrudMethodMetadataPostProcessor.java:135)
	at org.springframework.aop.framework.ReflectiveMethodInvocation.proceed(ReflectiveMethodInvocation.java:184)
	at org.springframework.aop.interceptor.ExposeInvocationInterceptor.invoke(ExposeInvocationInterceptor.java:97)
	at org.springframework.aop.framework.ReflectiveMethodInvocation.proceed(ReflectiveMethodInvocation.java:184)
	at org.springframework.aop.framework.JdkDynamicAopProxy.invoke(JdkDynamicAopProxy.java:220)
	at jdk.proxy4/jdk.proxy4.$Proxy138.countByTaiKhoanIdAndDaDocFalse(Unknown Source)
	at com.example.library.service.NotificationService.getUnreadCount(NotificationService.java:70)
	at com.example.library.controller.GlobalControllerAdvice.lambda$getUnreadCount$0(GlobalControllerAdvice.java:27)
	at java.base/java.util.Optional.map(Optional.java:260)
	at com.example.library.controller.GlobalControllerAdvice.getUnreadCount(GlobalControllerAdvice.java:27)
	at java.base/jdk.internal.reflect.DirectMethodHandleAccessor.invoke(DirectMethodHandleAccessor.java:103)
	at java.base/java.lang.reflect.Method.invoke(Method.java:580)
	at org.springframework.web.method.support.InvocableHandlerMethod.doInvoke(InvocableHandlerMethod.java:261)
	at org.springframework.web.method.support.InvocableHandlerMethod.invokeForRequest(InvocableHandlerMethod.java:189)
	at org.springframework.web.method.annotation.ModelFactory.invokeModelAttributeMethods(ModelFactory.java:143)
	at org.springframework.web.method.annotation.ModelFactory.initModel(ModelFactory.java:112)
	at org.springframework.web.servlet.mvc.method.annotation.RequestMappingHandlerAdapter.invokeHandlerMethod(RequestMappingHandlerAdapter.java:894)
	at org.springframework.web.servlet.mvc.method.annotation.RequestMappingHandlerAdapter.handleInternal(RequestMappingHandlerAdapter.java:829)
	at org.springframework.web.servlet.mvc.method.AbstractHandlerMethodAdapter.handle(AbstractHandlerMethodAdapter.java:87)
	at org.springframework.web.servlet.DispatcherServlet.doDispatch(DispatcherServlet.java:1089)
	at org.springframework.web.servlet.DispatcherServlet.doService(DispatcherServlet.java:979)
	at org.springframework.web.servlet.FrameworkServlet.processRequest(FrameworkServlet.java:1014)
	at org.springframework.web.servlet.FrameworkServlet.doGet(FrameworkServlet.java:903)
	at jakarta.servlet.http.HttpServlet.service(HttpServlet.java:564)
	at org.springframework.web.servlet.FrameworkServlet.service(FrameworkServlet.java:885)
	at jakarta.servlet.http.HttpServlet.service(HttpServlet.java:658)
	at org.apache.catalina.core.ApplicationFilterChain.internalDoFilter(ApplicationFilterChain.java:205)
	at org.apache.catalina.core.ApplicationFilterChain.doFilter(ApplicationFilterChain.java:149)
	at org.apache.tomcat.websocket.server.WsFilter.doFilter(WsFilter.java:51)
	at org.apache.catalina.core.ApplicationFilterChain.internalDoFilter(ApplicationFilterChain.java:174)
	at org.apache.catalina.core.ApplicationFilterChain.doFilter(ApplicationFilterChain.java:149)
	at org.springframework.web.filter.CompositeFilter$VirtualFilterChain.doFilter(CompositeFilter.java:108)
	at org.springframework.security.web.FilterChainProxy.lambda$doFilterInternal$3(FilterChainProxy.java:231)
	at org.springframework.security.web.FilterChainProxy$VirtualFilterChain.doFilter(FilterChainProxy.java:365)
	at org.springframework.security.web.access.intercept.AuthorizationFilter.doFilter(AuthorizationFilter.java:100)
	at org.springframework.security.web.FilterChainProxy$VirtualFilterChain.doFilter(FilterChainProxy.java:374)
	at org.springframework.security.web.access.ExceptionTranslationFilter.doFilter(ExceptionTranslationFilter.java:126)
	at org.springframework.security.web.access.ExceptionTranslationFilter.doFilter(ExceptionTranslationFilter.java:120)
	at org.springframework.security.web.FilterChainProxy$VirtualFilterChain.doFilter(FilterChainProxy.java:374)
	at org.springframework.security.web.authentication.AnonymousAuthenticationFilter.doFilter(AnonymousAuthenticationFilter.java:100)
	at org.springframework.security.web.FilterChainProxy$VirtualFilterChain.doFilter(FilterChainProxy.java:374)
	at org.springframework.security.web.servletapi.SecurityContextHolderAwareRequestFilter.doFilter(SecurityContextHolderAwareRequestFilter.java:179)
	at org.springframework.security.web.FilterChainProxy$VirtualFilterChain.doFilter(FilterChainProxy.java:374)
	at org.springframework.security.web.savedrequest.RequestCacheAwareFilter.doFilter(RequestCacheAwareFilter.java:63)
	at org.springframework.security.web.FilterChainProxy$VirtualFilterChain.doFilter(FilterChainProxy.java:374)
	at org.springframework.security.web.authentication.AbstractAuthenticationProcessingFilter.doFilter(AbstractAuthenticationProcessingFilter.java:227)
	at org.springframework.security.web.authentication.AbstractAuthenticationProcessingFilter.doFilter(AbstractAuthenticationProcessingFilter.java:221)
	at org.springframework.security.web.FilterChainProxy$VirtualFilterChain.doFilter(FilterChainProxy.java:374)
	at org.springframework.security.web.authentication.logout.LogoutFilter.doFilter(LogoutFilter.java:107)
	at org.springframework.security.web.authentication.logout.LogoutFilter.doFilter(LogoutFilter.java:93)
	at org.springframework.security.web.FilterChainProxy$VirtualFilterChain.doFilter(FilterChainProxy.java:374)
	at org.springframework.web.filter.CorsFilter.doFilterInternal(CorsFilter.java:91)
	at org.springframework.web.filter.OncePerRequestFilter.doFilter(OncePerRequestFilter.java:116)
	at org.springframework.security.web.FilterChainProxy$VirtualFilterChain.doFilter(FilterChainProxy.java:374)
	at org.springframework.security.web.header.HeaderWriterFilter.doHeadersAfter(HeaderWriterFilter.java:90)
	at org.springframework.security.web.header.HeaderWriterFilter.doFilterInternal(HeaderWriterFilter.java:75)
	at org.springframework.web.filter.OncePerRequestFilter.doFilter(OncePerRequestFilter.java:116)
	at org.springframework.security.web.FilterChainProxy$VirtualFilterChain.doFilter(FilterChainProxy.java:374)
	at org.springframework.security.web.context.SecurityContextHolderFilter.doFilter(SecurityContextHolderFilter.java:82)
	at org.springframework.security.web.context.SecurityContextHolderFilter.doFilter(SecurityContextHolderFilter.java:69)
	at org.springframework.security.web.FilterChainProxy$VirtualFilterChain.doFilter(FilterChainProxy.java:374)
	at org.springframework.security.web.context.request.async.WebAsyncManagerIntegrationFilter.doFilterInternal(WebAsyncManagerIntegrationFilter.java:62)
	at org.springframework.web.filter.OncePerRequestFilter.doFilter(OncePerRequestFilter.java:116)
	at org.springframework.security.web.FilterChainProxy$VirtualFilterChain.doFilter(FilterChainProxy.java:374)
	at org.springframework.security.web.session.DisableEncodeUrlFilter.doFilterInternal(DisableEncodeUrlFilter.java:42)
	at org.springframework.web.filter.OncePerRequestFilter.doFilter(OncePerRequestFilter.java:116)
	at org.springframework.security.web.FilterChainProxy$VirtualFilterChain.doFilter(FilterChainProxy.java:374)
	at org.springframework.security.web.FilterChainProxy.doFilterInternal(FilterChainProxy.java:233)
	at org.springframework.security.web.FilterChainProxy.doFilter(FilterChainProxy.java:191)
	at org.springframework.web.filter.CompositeFilter$VirtualFilterChain.doFilter(CompositeFilter.java:113)
	at org.springframework.web.servlet.handler.HandlerMappingIntrospector.lambda$createCacheFilter$3(HandlerMappingIntrospector.java:195)
	at org.springframework.web.filter.CompositeFilter$VirtualFilterChain.doFilter(CompositeFilter.java:113)
	at org.springframework.web.filter.CompositeFilter.doFilter(CompositeFilter.java:74)
	at org.springframework.security.config.annotation.web.configuration.WebMvcSecurityConfiguration$CompositeFilterChainProxy.doFilter(WebMvcSecurityConfiguration.java:225)
	at org.springframework.web.filter.DelegatingFilterProxy.invokeDelegate(DelegatingFilterProxy.java:352)
	at org.springframework.web.filter.DelegatingFilterProxy.doFilter(DelegatingFilterProxy.java:268)
	at org.apache.catalina.core.ApplicationFilterChain.internalDoFilter(ApplicationFilterChain.java:174)
	at org.apache.catalina.core.ApplicationFilterChain.doFilter(ApplicationFilterChain.java:149)
	at org.springframework.web.filter.RequestContextFilter.doFilterInternal(RequestContextFilter.java:100)
	at org.springframework.web.filter.OncePerRequestFilter.doFilter(OncePerRequestFilter.java:116)
	at org.apache.catalina.core.ApplicationFilterChain.internalDoFilter(ApplicationFilterChain.java:174)
	at org.apache.catalina.core.ApplicationFilterChain.doFilter(ApplicationFilterChain.java:149)
	at org.springframework.web.filter.FormContentFilter.doFilterInternal(FormContentFilter.java:93)
	at org.springframework.web.filter.OncePerRequestFilter.doFilter(OncePerRequestFilter.java:116)
	at org.apache.catalina.core.ApplicationFilterChain.internalDoFilter(ApplicationFilterChain.java:174)
	at org.apache.catalina.core.ApplicationFilterChain.doFilter(ApplicationFilterChain.java:149)
	at org.springframework.web.filter.CharacterEncodingFilter.doFilterInternal(CharacterEncodingFilter.java:201)
	at org.springframework.web.filter.OncePerRequestFilter.doFilter(OncePerRequestFilter.java:116)
	at org.apache.catalina.core.ApplicationFilterChain.internalDoFilter(ApplicationFilterChain.java:174)
	at org.apache.catalina.core.ApplicationFilterChain.doFilter(ApplicationFilterChain.java:149)
	at org.apache.catalina.core.StandardWrapperValve.invoke(StandardWrapperValve.java:167)
	at org.apache.catalina.core.StandardContextValve.invoke(StandardContextValve.java:90)
	at org.apache.catalina.authenticator.AuthenticatorBase.invoke(AuthenticatorBase.java:482)
	at org.apache.catalina.core.StandardHostValve.invoke(StandardHostValve.java:115)
	at org.apache.catalina.valves.ErrorReportValve.invoke(ErrorReportValve.java:93)
	at org.apache.catalina.core.StandardEngineValve.invoke(StandardEngineValve.java:74)
	at org.apache.catalina.connector.CoyoteAdapter.service(CoyoteAdapter.java:340)
	at org.apache.coyote.http11.Http11Processor.service(Http11Processor.java:391)
	at org.apache.coyote.AbstractProcessorLight.process(AbstractProcessorLight.java:63)
	at org.apache.coyote.AbstractProtocol$ConnectionHandler.process(AbstractProtocol.java:896)
	at org.apache.tomcat.util.net.NioEndpoint$SocketProcessor.doRun(NioEndpoint.java:1744)
	at org.apache.tomcat.util.net.SocketProcessorBase.run(SocketProcessorBase.java:52)
	at org.apache.tomcat.util.threads.ThreadPoolExecutor.runWorker(ThreadPoolExecutor.java:1191)
	at org.apache.tomcat.util.threads.ThreadPoolExecutor$Worker.run(ThreadPoolExecutor.java:659)
	at org.apache.tomcat.util.threads.TaskThread$WrappingRunnable.run(TaskThread.java:61)
	at java.base/java.lang.Thread.run(Thread.java:1570)
Caused by: org.hibernate.exception.SQLGrammarException: JDBC exception executing SQL [select count(tb1_0.id) from thong_bao tb1_0 where tb1_0.tai_khoan_id=? and not(tb1_0.da_doc)] [Table 'qltv.thong_bao' doesn't exist] [n/a]
	at org.hibernate.exception.internal.SQLExceptionTypeDelegate.convert(SQLExceptionTypeDelegate.java:66)
	at org.hibernate.exception.internal.StandardSQLExceptionConverter.convert(StandardSQLExceptionConverter.java:58)
	at org.hibernate.engine.jdbc.spi.SqlExceptionHelper.convert(SqlExceptionHelper.java:108)
	at org.hibernate.engine.jdbc.spi.SqlExceptionHelper.convert(SqlExceptionHelper.java:94)
	at org.hibernate.sql.results.jdbc.internal.DeferredResultSetAccess.executeQuery(DeferredResultSetAccess.java:265)
	at org.hibernate.sql.results.jdbc.internal.DeferredResultSetAccess.getResultSet(DeferredResultSetAccess.java:167)
	at org.hibernate.sql.results.jdbc.internal.JdbcValuesResultSetImpl.advanceNext(JdbcValuesResultSetImpl.java:218)
	at org.hibernate.sql.results.jdbc.internal.JdbcValuesResultSetImpl.processNext(JdbcValuesResultSetImpl.java:98)
	at org.hibernate.sql.results.jdbc.internal.AbstractJdbcValues.next(AbstractJdbcValues.java:19)
	at org.hibernate.sql.results.internal.RowProcessingStateStandardImpl.next(RowProcessingStateStandardImpl.java:66)
	at org.hibernate.sql.results.spi.ListResultsConsumer.consume(ListResultsConsumer.java:203)
	at org.hibernate.sql.results.spi.ListResultsConsumer.consume(ListResultsConsumer.java:33)
	at org.hibernate.sql.exec.internal.JdbcSelectExecutorStandardImpl.doExecuteQuery(JdbcSelectExecutorStandardImpl.java:209)
	at org.hibernate.sql.exec.internal.JdbcSelectExecutorStandardImpl.executeQuery(JdbcSelectExecutorStandardImpl.java:83)
	at org.hibernate.sql.exec.spi.JdbcSelectExecutor.list(JdbcSelectExecutor.java:76)
	at org.hibernate.sql.exec.spi.JdbcSelectExecutor.list(JdbcSelectExecutor.java:65)
	at org.hibernate.query.sqm.internal.ConcreteSqmSelectQueryPlan.lambda$new$2(ConcreteSqmSelectQueryPlan.java:137)
	at org.hibernate.query.sqm.internal.ConcreteSqmSelectQueryPlan.withCacheableSqmInterpretation(ConcreteSqmSelectQueryPlan.java:359)
	at org.hibernate.query.sqm.internal.ConcreteSqmSelectQueryPlan.performList(ConcreteSqmSelectQueryPlan.java:300)
	at org.hibernate.query.sqm.internal.QuerySqmImpl.doList(QuerySqmImpl.java:509)
	at org.hibernate.query.spi.AbstractSelectionQuery.list(AbstractSelectionQuery.java:427)
	at org.hibernate.query.spi.AbstractSelectionQuery.getSingleResult(AbstractSelectionQuery.java:564)
	at org.springframework.data.jpa.repository.query.JpaQueryExecution$SingleEntityExecution.doExecute(JpaQueryExecution.java:223)
	at org.springframework.data.jpa.repository.query.JpaQueryExecution.execute(JpaQueryExecution.java:92)
	at org.springframework.data.jpa.repository.query.AbstractJpaQuery.doExecute(AbstractJpaQuery.java:149)
	at org.springframework.data.jpa.repository.query.AbstractJpaQuery.execute(AbstractJpaQuery.java:137)
	at org.springframework.data.repository.core.support.RepositoryMethodInvoker.doInvoke(RepositoryMethodInvoker.java:170)
	at org.springframework.data.repository.core.support.RepositoryMethodInvoker.invoke(RepositoryMethodInvoker.java:158)
	at org.springframework.data.repository.core.support.QueryExecutorMethodInterceptor.doInvoke(QueryExecutorMethodInterceptor.java:164)
	at org.springframework.data.repository.core.support.QueryExecutorMethodInterceptor.invoke(QueryExecutorMethodInterceptor.java:143)
	at org.springframework.aop.framework.ReflectiveMethodInvocation.proceed(ReflectiveMethodInvocation.java:184)
	at org.springframework.data.projection.DefaultMethodInvokingMethodInterceptor.invoke(DefaultMethodInvokingMethodInterceptor.java:70)
	at org.springframework.aop.framework.ReflectiveMethodInvocation.proceed(ReflectiveMethodInvocation.java:184)
	at org.springframework.transaction.interceptor.TransactionInterceptor$1.proceedWithInvocation(TransactionInterceptor.java:123)
	at org.springframework.transaction.interceptor.TransactionAspectSupport.invokeWithinTransaction(TransactionAspectSupport.java:385)
	at org.springframework.transaction.interceptor.TransactionInterceptor.invoke(TransactionInterceptor.java:119)
	at org.springframework.aop.framework.ReflectiveMethodInvocation.proceed(ReflectiveMethodInvocation.java:184)
	at org.springframework.dao.support.PersistenceExceptionTranslationInterceptor.invoke(PersistenceExceptionTranslationInterceptor.java:137)
	... 107 common frames omitted
Caused by: java.sql.SQLSyntaxErrorException: Table 'qltv.thong_bao' doesn't exist
	at com.mysql.cj.jdbc.exceptions.SQLError.createSQLException(SQLError.java:121)
	at com.mysql.cj.jdbc.exceptions.SQLExceptionsMapping.translateException(SQLExceptionsMapping.java:122)
	at com.mysql.cj.jdbc.ClientPreparedStatement.executeInternal(ClientPreparedStatement.java:912)
	at com.mysql.cj.jdbc.ClientPreparedStatement.executeQuery(ClientPreparedStatement.java:968)
	at com.zaxxer.hikari.pool.ProxyPreparedStatement.executeQuery(ProxyPreparedStatement.java:52)
	at com.zaxxer.hikari.pool.HikariProxyPreparedStatement.executeQuery(HikariProxyPreparedStatement.java)
	at org.hibernate.sql.results.jdbc.internal.DeferredResultSetAccess.executeQuery(DeferredResultSetAccess.java:246)
	... 140 common frames omitted
2026-04-20 21:48:02 [http-nio-8080-exec-10] WARN  o.s.w.s.m.m.a.ExceptionHandlerExceptionResolver - Resolved [org.springframework.dao.InvalidDataAccessResourceUsageException: JDBC exception executing SQL [select count(tb1_0.id) from thong_bao tb1_0 where tb1_0.tai_khoan_id=? and not(tb1_0.da_doc)] [Table 'qltv.thong_bao' doesn't exist] [n/a]; SQL [n/a]]
2026-04-20 21:48:02 [http-nio-8080-exec-10] DEBUG o.s.web.servlet.DispatcherServlet - Using resolved error view: ModelAndView [view="redirect:http://localhost:8080/login"; model={}]
2026-04-20 21:48:02 [http-nio-8080-exec-10] DEBUG o.s.web.servlet.view.RedirectView - View name 'redirect:', model {}
2026-04-20 21:48:02 [http-nio-8080-exec-10] DEBUG o.s.web.servlet.DispatcherServlet - Completed 302 FOUND
2026-04-20 21:48:02 [http-nio-8080-exec-1] DEBUG o.s.security.web.FilterChainProxy - Securing GET /login
2026-04-20 21:48:02 [http-nio-8080-exec-1] DEBUG o.s.security.web.FilterChainProxy - Secured GET /login
2026-04-20 21:48:02 [http-nio-8080-exec-1] DEBUG o.s.web.servlet.DispatcherServlet - GET "/login", parameters={}
2026-04-20 21:48:02 [http-nio-8080-exec-1] DEBUG o.s.w.s.m.m.a.RequestMappingHandlerMapping - Mapped to com.example.library.controller.AuthController#loginPage(String, String, String, String, Model)
2026-04-20 21:48:02 [http-nio-8080-exec-1] DEBUG o.s.s.w.c.HttpSessionSecurityContextRepository - Retrieved SecurityContextImpl [Authentication=UsernamePasswordAuthenticationToken [Principal=org.springframework.security.core.userdetails.User [Username=Tanphong, Password=[PROTECTED], Enabled=true, AccountNonExpired=true, CredentialsNonExpired=true, AccountNonLocked=true, Granted Authorities=[ROLE_KHACHHANG]], Credentials=[PROTECTED], Authenticated=true, Details=WebAuthenticationDetails [RemoteIpAddress=0:0:0:0:0:0:0:1, SessionId=null], Granted Authorities=[ROLE_KHACHHANG]]]
2026-04-20 21:48:02 [http-nio-8080-exec-1] DEBUG org.hibernate.SQL - 
    select
        tk1_0.matk,
        tk1_0.avatar,
        tk1_0.diachi,
        tk1_0.email,
        tk1_0.hoten,
        tk1_0.ngaytao,
        tk1_0.password,
        tk1_0.quyen,
        tk1_0.reset_token,
        tk1_0.sodienthoai,
        tk1_0.trangthai,
        tk1_0.username 
    from
        taikhoan tk1_0 
    where
        tk1_0.username=?
2026-04-20 21:48:02 [http-nio-8080-exec-1] DEBUG org.hibernate.SQL - 
    select
        count(tb1_0.id) 
    from
        thong_bao tb1_0 
    where
        tb1_0.tai_khoan_id=? 
        and not(tb1_0.da_doc)
2026-04-20 21:48:02 [http-nio-8080-exec-1] WARN  o.h.e.jdbc.spi.SqlExceptionHelper - SQL Error: 1146, SQLState: 42S02
2026-04-20 21:48:02 [http-nio-8080-exec-1] ERROR o.h.e.jdbc.spi.SqlExceptionHelper - Table 'qltv.thong_bao' doesn't exist
2026-04-20 21:48:02 [http-nio-8080-exec-1] DEBUG o.s.w.s.m.m.a.ExceptionHandlerExceptionResolver - Using @ExceptionHandler com.example.library.exception.GlobalExceptionHandler#handleGeneralException(Exception, HttpServletRequest, RedirectAttributes)
2026-04-20 21:48:02 [http-nio-8080-exec-1] ERROR c.e.l.e.GlobalExceptionHandler - Lỗi không lường trước xảy ra tại URL: http://localhost:8080/login. Chi tiết: 
org.springframework.dao.InvalidDataAccessResourceUsageException: JDBC exception executing SQL [select count(tb1_0.id) from thong_bao tb1_0 where tb1_0.tai_khoan_id=? and not(tb1_0.da_doc)] [Table 'qltv.thong_bao' doesn't exist] [n/a]; SQL [n/a]
	at org.springframework.orm.jpa.vendor.HibernateJpaDialect.convertHibernateAccessException(HibernateJpaDialect.java:277)
	at org.springframework.orm.jpa.vendor.HibernateJpaDialect.translateExceptionIfPossible(HibernateJpaDialect.java:241)
	at org.springframework.orm.jpa.AbstractEntityManagerFactoryBean.translateExceptionIfPossible(AbstractEntityManagerFactoryBean.java:550)
	at org.springframework.dao.support.ChainedPersistenceExceptionTranslator.translateExceptionIfPossible(ChainedPersistenceExceptionTranslator.java:61)
	at org.springframework.dao.support.DataAccessUtils.translateIfNecessary(DataAccessUtils.java:335)
	at org.springframework.dao.support.PersistenceExceptionTranslationInterceptor.invoke(PersistenceExceptionTranslationInterceptor.java:152)
	at org.springframework.aop.framework.ReflectiveMethodInvocation.proceed(ReflectiveMethodInvocation.java:184)
	at org.springframework.data.jpa.repository.support.CrudMethodMetadataPostProcessor$CrudMethodMetadataPopulatingMethodInterceptor.invoke(CrudMethodMetadataPostProcessor.java:135)
	at org.springframework.aop.framework.ReflectiveMethodInvocation.proceed(ReflectiveMethodInvocation.java:184)
	at org.springframework.aop.interceptor.ExposeInvocationInterceptor.invoke(ExposeInvocationInterceptor.java:97)
	at org.springframework.aop.framework.ReflectiveMethodInvocation.proceed(ReflectiveMethodInvocation.java:184)
	at org.springframework.aop.framework.JdkDynamicAopProxy.invoke(JdkDynamicAopProxy.java:220)
	at jdk.proxy4/jdk.proxy4.$Proxy138.countByTaiKhoanIdAndDaDocFalse(Unknown Source)
	at com.example.library.service.NotificationService.getUnreadCount(NotificationService.java:70)
	at com.example.library.controller.GlobalControllerAdvice.lambda$getUnreadCount$0(GlobalControllerAdvice.java:27)
	at java.base/java.util.Optional.map(Optional.java:260)
	at com.example.library.controller.GlobalControllerAdvice.getUnreadCount(GlobalControllerAdvice.java:27)
	at java.base/jdk.internal.reflect.DirectMethodHandleAccessor.invoke(DirectMethodHandleAccessor.java:103)
	at java.base/java.lang.reflect.Method.invoke(Method.java:580)
	at org.springframework.web.method.support.InvocableHandlerMethod.doInvoke(InvocableHandlerMethod.java:261)
	at org.springframework.web.method.support.InvocableHandlerMethod.invokeForRequest(InvocableHandlerMethod.java:189)
	at org.springframework.web.method.annotation.ModelFactory.invokeModelAttributeMethods(ModelFactory.java:143)
	at org.springframework.web.method.annotation.ModelFactory.initModel(ModelFactory.java:112)
	at org.springframework.web.servlet.mvc.method.annotation.RequestMappingHandlerAdapter.invokeHandlerMethod(RequestMappingHandlerAdapter.java:894)
	at org.springframework.web.servlet.mvc.method.annotation.RequestMappingHandlerAdapter.handleInternal(RequestMappingHandlerAdapter.java:829)
	at org.springframework.web.servlet.mvc.method.AbstractHandlerMethodAdapter.handle(AbstractHandlerMethodAdapter.java:87)
	at org.springframework.web.servlet.DispatcherServlet.doDispatch(DispatcherServlet.java:1089)
	at org.springframework.web.servlet.DispatcherServlet.doService(DispatcherServlet.java:979)
	at org.springframework.web.servlet.FrameworkServlet.processRequest(FrameworkServlet.java:1014)
	at org.springframework.web.servlet.FrameworkServlet.doGet(FrameworkServlet.java:903)
	at jakarta.servlet.http.HttpServlet.service(HttpServlet.java:564)
	at org.springframework.web.servlet.FrameworkServlet.service(FrameworkServlet.java:885)
	at jakarta.servlet.http.HttpServlet.service(HttpServlet.java:658)
	at org.apache.catalina.core.ApplicationFilterChain.internalDoFilter(ApplicationFilterChain.java:205)
	at org.apache.catalina.core.ApplicationFilterChain.doFilter(ApplicationFilterChain.java:149)
	at org.apache.tomcat.websocket.server.WsFilter.doFilter(WsFilter.java:51)
	at org.apache.catalina.core.ApplicationFilterChain.internalDoFilter(ApplicationFilterChain.java:174)
	at org.apache.catalina.core.ApplicationFilterChain.doFilter(ApplicationFilterChain.java:149)
	at org.springframework.web.filter.CompositeFilter$VirtualFilterChain.doFilter(CompositeFilter.java:108)
	at org.springframework.security.web.FilterChainProxy.lambda$doFilterInternal$3(FilterChainProxy.java:231)
	at org.springframework.security.web.FilterChainProxy$VirtualFilterChain.doFilter(FilterChainProxy.java:365)
	at org.springframework.security.web.access.intercept.AuthorizationFilter.doFilter(AuthorizationFilter.java:100)
	at org.springframework.security.web.FilterChainProxy$VirtualFilterChain.doFilter(FilterChainProxy.java:374)
	at org.springframework.security.web.access.ExceptionTranslationFilter.doFilter(ExceptionTranslationFilter.java:126)
	at org.springframework.security.web.access.ExceptionTranslationFilter.doFilter(ExceptionTranslationFilter.java:120)
	at org.springframework.security.web.FilterChainProxy$VirtualFilterChain.doFilter(FilterChainProxy.java:374)
	at org.springframework.security.web.authentication.AnonymousAuthenticationFilter.doFilter(AnonymousAuthenticationFilter.java:100)
	at org.springframework.security.web.FilterChainProxy$VirtualFilterChain.doFilter(FilterChainProxy.java:374)
	at org.springframework.security.web.servletapi.SecurityContextHolderAwareRequestFilter.doFilter(SecurityContextHolderAwareRequestFilter.java:179)
	at org.springframework.security.web.FilterChainProxy$VirtualFilterChain.doFilter(FilterChainProxy.java:374)
	at org.springframework.security.web.savedrequest.RequestCacheAwareFilter.doFilter(RequestCacheAwareFilter.java:63)
	at org.springframework.security.web.FilterChainProxy$VirtualFilterChain.doFilter(FilterChainProxy.java:374)
	at org.springframework.security.web.authentication.AbstractAuthenticationProcessingFilter.doFilter(AbstractAuthenticationProcessingFilter.java:227)
	at org.springframework.security.web.authentication.AbstractAuthenticationProcessingFilter.doFilter(AbstractAuthenticationProcessingFilter.java:221)
	at org.springframework.security.web.FilterChainProxy$VirtualFilterChain.doFilter(FilterChainProxy.java:374)
	at org.springframework.security.web.authentication.logout.LogoutFilter.doFilter(LogoutFilter.java:107)
	at org.springframework.security.web.authentication.logout.LogoutFilter.doFilter(LogoutFilter.java:93)
	at org.springframework.security.web.FilterChainProxy$VirtualFilterChain.doFilter(FilterChainProxy.java:374)
	at org.springframework.web.filter.CorsFilter.doFilterInternal(CorsFilter.java:91)
	at org.springframework.web.filter.OncePerRequestFilter.doFilter(OncePerRequestFilter.java:116)
	at org.springframework.security.web.FilterChainProxy$VirtualFilterChain.doFilter(FilterChainProxy.java:374)
	at org.springframework.security.web.header.HeaderWriterFilter.doHeadersAfter(HeaderWriterFilter.java:90)
	at org.springframework.security.web.header.HeaderWriterFilter.doFilterInternal(HeaderWriterFilter.java:75)
	at org.springframework.web.filter.OncePerRequestFilter.doFilter(OncePerRequestFilter.java:116)
	at org.springframework.security.web.FilterChainProxy$VirtualFilterChain.doFilter(FilterChainProxy.java:374)
	at org.springframework.security.web.context.SecurityContextHolderFilter.doFilter(SecurityContextHolderFilter.java:82)
	at org.springframework.security.web.context.SecurityContextHolderFilter.doFilter(SecurityContextHolderFilter.java:69)
	at org.springframework.security.web.FilterChainProxy$VirtualFilterChain.doFilter(FilterChainProxy.java:374)
	at org.springframework.security.web.context.request.async.WebAsyncManagerIntegrationFilter.doFilterInternal(WebAsyncManagerIntegrationFilter.java:62)
	at org.springframework.web.filter.OncePerRequestFilter.doFilter(OncePerRequestFilter.java:116)
	at org.springframework.security.web.FilterChainProxy$VirtualFilterChain.doFilter(FilterChainProxy.java:374)
	at org.springframework.security.web.session.DisableEncodeUrlFilter.doFilterInternal(DisableEncodeUrlFilter.java:42)
	at org.springframework.web.filter.OncePerRequestFilter.doFilter(OncePerRequestFilter.java:116)
	at org.springframework.security.web.FilterChainProxy$VirtualFilterChain.doFilter(FilterChainProxy.java:374)
	at org.springframework.security.web.FilterChainProxy.doFilterInternal(FilterChainProxy.java:233)
	at org.springframework.security.web.FilterChainProxy.doFilter(FilterChainProxy.java:191)
	at org.springframework.web.filter.CompositeFilter$VirtualFilterChain.doFilter(CompositeFilter.java:113)
	at org.springframework.web.servlet.handler.HandlerMappingIntrospector.lambda$createCacheFilter$3(HandlerMappingIntrospector.java:195)
	at org.springframework.web.filter.CompositeFilter$VirtualFilterChain.doFilter(CompositeFilter.java:113)
	at org.springframework.web.filter.CompositeFilter.doFilter(CompositeFilter.java:74)
	at org.springframework.security.config.annotation.web.configuration.WebMvcSecurityConfiguration$CompositeFilterChainProxy.doFilter(WebMvcSecurityConfiguration.java:225)
	at org.springframework.web.filter.DelegatingFilterProxy.invokeDelegate(DelegatingFilterProxy.java:352)
	at org.springframework.web.filter.DelegatingFilterProxy.doFilter(DelegatingFilterProxy.java:268)
	at org.apache.catalina.core.ApplicationFilterChain.internalDoFilter(ApplicationFilterChain.java:174)
	at org.apache.catalina.core.ApplicationFilterChain.doFilter(ApplicationFilterChain.java:149)
	at org.springframework.web.filter.RequestContextFilter.doFilterInternal(RequestContextFilter.java:100)
	at org.springframework.web.filter.OncePerRequestFilter.doFilter(OncePerRequestFilter.java:116)
	at org.apache.catalina.core.ApplicationFilterChain.internalDoFilter(ApplicationFilterChain.java:174)
	at org.apache.catalina.core.ApplicationFilterChain.doFilter(ApplicationFilterChain.java:149)
	at org.springframework.web.filter.FormContentFilter.doFilterInternal(FormContentFilter.java:93)
	at org.springframework.web.filter.OncePerRequestFilter.doFilter(OncePerRequestFilter.java:116)
	at org.apache.catalina.core.ApplicationFilterChain.internalDoFilter(ApplicationFilterChain.java:174)
	at org.apache.catalina.core.ApplicationFilterChain.doFilter(ApplicationFilterChain.java:149)
	at org.springframework.web.filter.CharacterEncodingFilter.doFilterInternal(CharacterEncodingFilter.java:201)
	at org.springframework.web.filter.OncePerRequestFilter.doFilter(OncePerRequestFilter.java:116)
	at org.apache.catalina.core.ApplicationFilterChain.internalDoFilter(ApplicationFilterChain.java:174)
	at org.apache.catalina.core.ApplicationFilterChain.doFilter(ApplicationFilterChain.java:149)
	at org.apache.catalina.core.StandardWrapperValve.invoke(StandardWrapperValve.java:167)
	at org.apache.catalina.core.StandardContextValve.invoke(StandardContextValve.java:90)
	at org.apache.catalina.authenticator.AuthenticatorBase.invoke(AuthenticatorBase.java:482)
	at org.apache.catalina.core.StandardHostValve.invoke(StandardHostValve.java:115)
	at org.apache.catalina.valves.ErrorReportValve.invoke(ErrorReportValve.java:93)
	at org.apache.catalina.core.StandardEngineValve.invoke(StandardEngineValve.java:74)
	at org.apache.catalina.connector.CoyoteAdapter.service(CoyoteAdapter.java:340)
	at org.apache.coyote.http11.Http11Processor.service(Http11Processor.java:391)
	at org.apache.coyote.AbstractProcessorLight.process(AbstractProcessorLight.java:63)
	at org.apache.coyote.AbstractProtocol$ConnectionHandler.process(AbstractProtocol.java:896)
	at org.apache.tomcat.util.net.NioEndpoint$SocketProcessor.doRun(NioEndpoint.java:1744)
	at org.apache.tomcat.util.net.SocketProcessorBase.run(SocketProcessorBase.java:52)
	at org.apache.tomcat.util.threads.ThreadPoolExecutor.runWorker(ThreadPoolExecutor.java:1191)
	at org.apache.tomcat.util.threads.ThreadPoolExecutor$Worker.run(ThreadPoolExecutor.java:659)
	at org.apache.tomcat.util.threads.TaskThread$WrappingRunnable.run(TaskThread.java:61)
	at java.base/java.lang.Thread.run(Thread.java:1570)
Caused by: org.hibernate.exception.SQLGrammarException: JDBC exception executing SQL [select count(tb1_0.id) from thong_bao tb1_0 where tb1_0.tai_khoan_id=? and not(tb1_0.da_doc)] [Table 'qltv.thong_bao' doesn't exist] [n/a]
	at org.hibernate.exception.internal.SQLExceptionTypeDelegate.convert(SQLExceptionTypeDelegate.java:66)
	at org.hibernate.exception.internal.StandardSQLExceptionConverter.convert(StandardSQLExceptionConverter.java:58)
	at org.hibernate.engine.jdbc.spi.SqlExceptionHelper.convert(SqlExceptionHelper.java:108)
	at org.hibernate.engine.jdbc.spi.SqlExceptionHelper.convert(SqlExceptionHelper.java:94)
	at org.hibernate.sql.results.jdbc.internal.DeferredResultSetAccess.executeQuery(DeferredResultSetAccess.java:265)
	at org.hibernate.sql.results.jdbc.internal.DeferredResultSetAccess.getResultSet(DeferredResultSetAccess.java:167)
	at org.hibernate.sql.results.jdbc.internal.JdbcValuesResultSetImpl.advanceNext(JdbcValuesResultSetImpl.java:218)
	at org.hibernate.sql.results.jdbc.internal.JdbcValuesResultSetImpl.processNext(JdbcValuesResultSetImpl.java:98)
	at org.hibernate.sql.results.jdbc.internal.AbstractJdbcValues.next(AbstractJdbcValues.java:19)
	at org.hibernate.sql.results.internal.RowProcessingStateStandardImpl.next(RowProcessingStateStandardImpl.java:66)
	at org.hibernate.sql.results.spi.ListResultsConsumer.consume(ListResultsConsumer.java:203)
	at org.hibernate.sql.results.spi.ListResultsConsumer.consume(ListResultsConsumer.java:33)
	at org.hibernate.sql.exec.internal.JdbcSelectExecutorStandardImpl.doExecuteQuery(JdbcSelectExecutorStandardImpl.java:209)
	at org.hibernate.sql.exec.internal.JdbcSelectExecutorStandardImpl.executeQuery(JdbcSelectExecutorStandardImpl.java:83)
	at org.hibernate.sql.exec.spi.JdbcSelectExecutor.list(JdbcSelectExecutor.java:76)
	at org.hibernate.sql.exec.spi.JdbcSelectExecutor.list(JdbcSelectExecutor.java:65)
	at org.hibernate.query.sqm.internal.ConcreteSqmSelectQueryPlan.lambda$new$2(ConcreteSqmSelectQueryPlan.java:137)
	at org.hibernate.query.sqm.internal.ConcreteSqmSelectQueryPlan.withCacheableSqmInterpretation(ConcreteSqmSelectQueryPlan.java:359)
	at org.hibernate.query.sqm.internal.ConcreteSqmSelectQueryPlan.performList(ConcreteSqmSelectQueryPlan.java:300)
	at org.hibernate.query.sqm.internal.QuerySqmImpl.doList(QuerySqmImpl.java:509)
	at org.hibernate.query.spi.AbstractSelectionQuery.list(AbstractSelectionQuery.java:427)
	at org.hibernate.query.spi.AbstractSelectionQuery.getSingleResult(AbstractSelectionQuery.java:564)
	at org.springframework.data.jpa.repository.query.JpaQueryExecution$SingleEntityExecution.doExecute(JpaQueryExecution.java:223)
	at org.springframework.data.jpa.repository.query.JpaQueryExecution.execute(JpaQueryExecution.java:92)
	at org.springframework.data.jpa.repository.query.AbstractJpaQuery.doExecute(AbstractJpaQuery.java:149)
	at org.springframework.data.jpa.repository.query.AbstractJpaQuery.execute(AbstractJpaQuery.java:137)
	at org.springframework.data.repository.core.support.RepositoryMethodInvoker.doInvoke(RepositoryMethodInvoker.java:170)
	at org.springframework.data.repository.core.support.RepositoryMethodInvoker.invoke(RepositoryMethodInvoker.java:158)
	at org.springframework.data.repository.core.support.QueryExecutorMethodInterceptor.doInvoke(QueryExecutorMethodInterceptor.java:164)
	at org.springframework.data.repository.core.support.QueryExecutorMethodInterceptor.invoke(QueryExecutorMethodInterceptor.java:143)
	at org.springframework.aop.framework.ReflectiveMethodInvocation.proceed(ReflectiveMethodInvocation.java:184)
	at org.springframework.data.projection.DefaultMethodInvokingMethodInterceptor.invoke(DefaultMethodInvokingMethodInterceptor.java:70)
	at org.springframework.aop.framework.ReflectiveMethodInvocation.proceed(ReflectiveMethodInvocation.java:184)
	at org.springframework.transaction.interceptor.TransactionInterceptor$1.proceedWithInvocation(TransactionInterceptor.java:123)
	at org.springframework.transaction.interceptor.TransactionAspectSupport.invokeWithinTransaction(TransactionAspectSupport.java:385)
	at org.springframework.transaction.interceptor.TransactionInterceptor.invoke(TransactionInterceptor.java:119)
	at org.springframework.aop.framework.ReflectiveMethodInvocation.proceed(ReflectiveMethodInvocation.java:184)
	at org.springframework.dao.support.PersistenceExceptionTranslationInterceptor.invoke(PersistenceExceptionTranslationInterceptor.java:137)
	... 107 common frames omitted
Caused by: java.sql.SQLSyntaxErrorException: Table 'qltv.thong_bao' doesn't exist
	at com.mysql.cj.jdbc.exceptions.SQLError.createSQLException(SQLError.java:121)
	at com.mysql.cj.jdbc.exceptions.SQLExceptionsMapping.translateException(SQLExceptionsMapping.java:122)
	at com.mysql.cj.jdbc.ClientPreparedStatement.executeInternal(ClientPreparedStatement.java:912)
	at com.mysql.cj.jdbc.ClientPreparedStatement.executeQuery(ClientPreparedStatement.java:968)
	at com.zaxxer.hikari.pool.ProxyPreparedStatement.executeQuery(ProxyPreparedStatement.java:52)
	at com.zaxxer.hikari.pool.HikariProxyPreparedStatement.executeQuery(HikariProxyPreparedStatement.java)
	at org.hibernate.sql.results.jdbc.internal.DeferredResultSetAccess.executeQuery(DeferredResultSetAccess.java:246)
	... 140 common frames omitted
2026-04-20 21:48:03 [http-nio-8080-exec-1] WARN  o.s.w.s.m.m.a.ExceptionHandlerExceptionResolver - Resolved [org.springframework.dao.InvalidDataAccessResourceUsageException: JDBC exception executing SQL [select count(tb1_0.id) from thong_bao tb1_0 where tb1_0.tai_khoan_id=? and not(tb1_0.da_doc)] [Table 'qltv.thong_bao' doesn't exist] [n/a]; SQL [n/a]]
2026-04-20 21:48:03 [http-nio-8080-exec-1] DEBUG o.s.web.servlet.DispatcherServlet - Using resolved error view: ModelAndView [view="redirect:http://localhost:8080/login"; model={}]
2026-04-20 21:48:03 [http-nio-8080-exec-1] DEBUG o.s.web.servlet.view.RedirectView - View name 'redirect:', model {}
2026-04-20 21:48:03 [http-nio-8080-exec-1] DEBUG o.s.web.servlet.DispatcherServlet - Completed 302 FOUND
2026-04-20 21:48:03 [http-nio-8080-exec-2] DEBUG o.s.security.web.FilterChainProxy - Securing GET /login
2026-04-20 21:48:03 [http-nio-8080-exec-2] DEBUG o.s.security.web.FilterChainProxy - Secured GET /login
2026-04-20 21:48:03 [http-nio-8080-exec-2] DEBUG o.s.web.servlet.DispatcherServlet - GET "/login", parameters={}
2026-04-20 21:48:03 [http-nio-8080-exec-2] DEBUG o.s.w.s.m.m.a.RequestMappingHandlerMapping - Mapped to com.example.library.controller.AuthController#loginPage(String, String, String, String, Model)
2026-04-20 21:48:03 [http-nio-8080-exec-2] DEBUG o.s.s.w.c.HttpSessionSecurityContextRepository - Retrieved SecurityContextImpl [Authentication=UsernamePasswordAuthenticationToken [Principal=org.springframework.security.core.userdetails.User [Username=Tanphong, Password=[PROTECTED], Enabled=true, AccountNonExpired=true, CredentialsNonExpired=true, AccountNonLocked=true, Granted Authorities=[ROLE_KHACHHANG]], Credentials=[PROTECTED], Authenticated=true, Details=WebAuthenticationDetails [RemoteIpAddress=0:0:0:0:0:0:0:1, SessionId=null], Granted Authorities=[ROLE_KHACHHANG]]]
2026-04-20 21:48:03 [http-nio-8080-exec-2] DEBUG org.hibernate.SQL - 
    select
        tk1_0.matk,
        tk1_0.avatar,
        tk1_0.diachi,
        tk1_0.email,
        tk1_0.hoten,
        tk1_0.ngaytao,
        tk1_0.password,
        tk1_0.quyen,
        tk1_0.reset_token,
        tk1_0.sodienthoai,
        tk1_0.trangthai,
        tk1_0.username 
    from
        taikhoan tk1_0 
    where
        tk1_0.username=?
2026-04-20 21:48:03 [http-nio-8080-exec-2] DEBUG org.hibernate.SQL - 
    select
        count(tb1_0.id) 
    from
        thong_bao tb1_0 
    where
        tb1_0.tai_khoan_id=? 
        and not(tb1_0.da_doc)
2026-04-20 21:48:03 [http-nio-8080-exec-2] WARN  o.h.e.jdbc.spi.SqlExceptionHelper - SQL Error: 1146, SQLState: 42S02
2026-04-20 21:48:03 [http-nio-8080-exec-2] ERROR o.h.e.jdbc.spi.SqlExceptionHelper - Table 'qltv.thong_bao' doesn't exist
2026-04-20 21:48:03 [http-nio-8080-exec-2] DEBUG o.s.w.s.m.m.a.ExceptionHandlerExceptionResolver - Using @ExceptionHandler com.example.library.exception.GlobalExceptionHandler#handleGeneralException(Exception, HttpServletRequest, RedirectAttributes)
2026-04-20 21:48:03 [http-nio-8080-exec-2] ERROR c.e.l.e.GlobalExceptionHandler - Lỗi không lường trước xảy ra tại URL: http://localhost:8080/login. Chi tiết: 
org.springframework.dao.InvalidDataAccessResourceUsageException: JDBC exception executing SQL [select count(tb1_0.id) from thong_bao tb1_0 where tb1_0.tai_khoan_id=? and not(tb1_0.da_doc)] [Table 'qltv.thong_bao' doesn't exist] [n/a]; SQL [n/a]
	at org.springframework.orm.jpa.vendor.HibernateJpaDialect.convertHibernateAccessException(HibernateJpaDialect.java:277)
	at org.springframework.orm.jpa.vendor.HibernateJpaDialect.translateExceptionIfPossible(HibernateJpaDialect.java:241)
	at org.springframework.orm.jpa.AbstractEntityManagerFactoryBean.translateExceptionIfPossible(AbstractEntityManagerFactoryBean.java:550)
	at org.springframework.dao.support.ChainedPersistenceExceptionTranslator.translateExceptionIfPossible(ChainedPersistenceExceptionTranslator.java:61)
	at org.springframework.dao.support.DataAccessUtils.translateIfNecessary(DataAccessUtils.java:335)
	at org.springframework.dao.support.PersistenceExceptionTranslationInterceptor.invoke(PersistenceExceptionTranslationInterceptor.java:152)
	at org.springframework.aop.framework.ReflectiveMethodInvocation.proceed(ReflectiveMethodInvocation.java:184)
	at org.springframework.data.jpa.repository.support.CrudMethodMetadataPostProcessor$CrudMethodMetadataPopulatingMethodInterceptor.invoke(CrudMethodMetadataPostProcessor.java:135)
	at org.springframework.aop.framework.ReflectiveMethodInvocation.proceed(ReflectiveMethodInvocation.java:184)
	at org.springframework.aop.interceptor.ExposeInvocationInterceptor.invoke(ExposeInvocationInterceptor.java:97)
	at org.springframework.aop.framework.ReflectiveMethodInvocation.proceed(ReflectiveMethodInvocation.java:184)
	at org.springframework.aop.framework.JdkDynamicAopProxy.invoke(JdkDynamicAopProxy.java:220)
	at jdk.proxy4/jdk.proxy4.$Proxy138.countByTaiKhoanIdAndDaDocFalse(Unknown Source)
	at com.example.library.service.NotificationService.getUnreadCount(NotificationService.java:70)
	at com.example.library.controller.GlobalControllerAdvice.lambda$getUnreadCount$0(GlobalControllerAdvice.java:27)
	at java.base/java.util.Optional.map(Optional.java:260)
	at com.example.library.controller.GlobalControllerAdvice.getUnreadCount(GlobalControllerAdvice.java:27)
	at java.base/jdk.internal.reflect.DirectMethodHandleAccessor.invoke(DirectMethodHandleAccessor.java:103)
	at java.base/java.lang.reflect.Method.invoke(Method.java:580)
	at org.springframework.web.method.support.InvocableHandlerMethod.doInvoke(InvocableHandlerMethod.java:261)
	at org.springframework.web.method.support.InvocableHandlerMethod.invokeForRequest(InvocableHandlerMethod.java:189)
	at org.springframework.web.method.annotation.ModelFactory.invokeModelAttributeMethods(ModelFactory.java:143)
	at org.springframework.web.method.annotation.ModelFactory.initModel(ModelFactory.java:112)
	at org.springframework.web.servlet.mvc.method.annotation.RequestMappingHandlerAdapter.invokeHandlerMethod(RequestMappingHandlerAdapter.java:894)
	at org.springframework.web.servlet.mvc.method.annotation.RequestMappingHandlerAdapter.handleInternal(RequestMappingHandlerAdapter.java:829)
	at org.springframework.web.servlet.mvc.method.AbstractHandlerMethodAdapter.handle(AbstractHandlerMethodAdapter.java:87)
	at org.springframework.web.servlet.DispatcherServlet.doDispatch(DispatcherServlet.java:1089)
	at org.springframework.web.servlet.DispatcherServlet.doService(DispatcherServlet.java:979)
	at org.springframework.web.servlet.FrameworkServlet.processRequest(FrameworkServlet.java:1014)
	at org.springframework.web.servlet.FrameworkServlet.doGet(FrameworkServlet.java:903)
	at jakarta.servlet.http.HttpServlet.service(HttpServlet.java:564)
	at org.springframework.web.servlet.FrameworkServlet.service(FrameworkServlet.java:885)
	at jakarta.servlet.http.HttpServlet.service(HttpServlet.java:658)
	at org.apache.catalina.core.ApplicationFilterChain.internalDoFilter(ApplicationFilterChain.java:205)
	at org.apache.catalina.core.ApplicationFilterChain.doFilter(ApplicationFilterChain.java:149)
	at org.apache.tomcat.websocket.server.WsFilter.doFilter(WsFilter.java:51)
	at org.apache.catalina.core.ApplicationFilterChain.internalDoFilter(ApplicationFilterChain.java:174)
	at org.apache.catalina.core.ApplicationFilterChain.doFilter(ApplicationFilterChain.java:149)
	at org.springframework.web.filter.CompositeFilter$VirtualFilterChain.doFilter(CompositeFilter.java:108)
	at org.springframework.security.web.FilterChainProxy.lambda$doFilterInternal$3(FilterChainProxy.java:231)
	at org.springframework.security.web.FilterChainProxy$VirtualFilterChain.doFilter(FilterChainProxy.java:365)
	at org.springframework.security.web.access.intercept.AuthorizationFilter.doFilter(AuthorizationFilter.java:100)
	at org.springframework.security.web.FilterChainProxy$VirtualFilterChain.doFilter(FilterChainProxy.java:374)
	at org.springframework.security.web.access.ExceptionTranslationFilter.doFilter(ExceptionTranslationFilter.java:126)
	at org.springframework.security.web.access.ExceptionTranslationFilter.doFilter(ExceptionTranslationFilter.java:120)
	at org.springframework.security.web.FilterChainProxy$VirtualFilterChain.doFilter(FilterChainProxy.java:374)
	at org.springframework.security.web.authentication.AnonymousAuthenticationFilter.doFilter(AnonymousAuthenticationFilter.java:100)
	at org.springframework.security.web.FilterChainProxy$VirtualFilterChain.doFilter(FilterChainProxy.java:374)
	at org.springframework.security.web.servletapi.SecurityContextHolderAwareRequestFilter.doFilter(SecurityContextHolderAwareRequestFilter.java:179)
	at org.springframework.security.web.FilterChainProxy$VirtualFilterChain.doFilter(FilterChainProxy.java:374)
	at org.springframework.security.web.savedrequest.RequestCacheAwareFilter.doFilter(RequestCacheAwareFilter.java:63)
	at org.springframework.security.web.FilterChainProxy$VirtualFilterChain.doFilter(FilterChainProxy.java:374)
	at org.springframework.security.web.authentication.AbstractAuthenticationProcessingFilter.doFilter(AbstractAuthenticationProcessingFilter.java:227)
	at org.springframework.security.web.authentication.AbstractAuthenticationProcessingFilter.doFilter(AbstractAuthenticationProcessingFilter.java:221)
	at org.springframework.security.web.FilterChainProxy$VirtualFilterChain.doFilter(FilterChainProxy.java:374)
	at org.springframework.security.web.authentication.logout.LogoutFilter.doFilter(LogoutFilter.java:107)
	at org.springframework.security.web.authentication.logout.LogoutFilter.doFilter(LogoutFilter.java:93)
	at org.springframework.security.web.FilterChainProxy$VirtualFilterChain.doFilter(FilterChainProxy.java:374)
	at org.springframework.web.filter.CorsFilter.doFilterInternal(CorsFilter.java:91)
	at org.springframework.web.filter.OncePerRequestFilter.doFilter(OncePerRequestFilter.java:116)
	at org.springframework.security.web.FilterChainProxy$VirtualFilterChain.doFilter(FilterChainProxy.java:374)
	at org.springframework.security.web.header.HeaderWriterFilter.doHeadersAfter(HeaderWriterFilter.java:90)
	at org.springframework.security.web.header.HeaderWriterFilter.doFilterInternal(HeaderWriterFilter.java:75)
	at org.springframework.web.filter.OncePerRequestFilter.doFilter(OncePerRequestFilter.java:116)
	at org.springframework.security.web.FilterChainProxy$VirtualFilterChain.doFilter(FilterChainProxy.java:374)
	at org.springframework.security.web.context.SecurityContextHolderFilter.doFilter(SecurityContextHolderFilter.java:82)
	at org.springframework.security.web.context.SecurityContextHolderFilter.doFilter(SecurityContextHolderFilter.java:69)
	at org.springframework.security.web.FilterChainProxy$VirtualFilterChain.doFilter(FilterChainProxy.java:374)
	at org.springframework.security.web.context.request.async.WebAsyncManagerIntegrationFilter.doFilterInternal(WebAsyncManagerIntegrationFilter.java:62)
	at org.springframework.web.filter.OncePerRequestFilter.doFilter(OncePerRequestFilter.java:116)
	at org.springframework.security.web.FilterChainProxy$VirtualFilterChain.doFilter(FilterChainProxy.java:374)
	at org.springframework.security.web.session.DisableEncodeUrlFilter.doFilterInternal(DisableEncodeUrlFilter.java:42)
	at org.springframework.web.filter.OncePerRequestFilter.doFilter(OncePerRequestFilter.java:116)
	at org.springframework.security.web.FilterChainProxy$VirtualFilterChain.doFilter(FilterChainProxy.java:374)
	at org.springframework.security.web.FilterChainProxy.doFilterInternal(FilterChainProxy.java:233)
	at org.springframework.security.web.FilterChainProxy.doFilter(FilterChainProxy.java:191)
	at org.springframework.web.filter.CompositeFilter$VirtualFilterChain.doFilter(CompositeFilter.java:113)
	at org.springframework.web.servlet.handler.HandlerMappingIntrospector.lambda$createCacheFilter$3(HandlerMappingIntrospector.java:195)
	at org.springframework.web.filter.CompositeFilter$VirtualFilterChain.doFilter(CompositeFilter.java:113)
	at org.springframework.web.filter.CompositeFilter.doFilter(CompositeFilter.java:74)
	at org.springframework.security.config.annotation.web.configuration.WebMvcSecurityConfiguration$CompositeFilterChainProxy.doFilter(WebMvcSecurityConfiguration.java:225)
	at org.springframework.web.filter.DelegatingFilterProxy.invokeDelegate(DelegatingFilterProxy.java:352)
	at org.springframework.web.filter.DelegatingFilterProxy.doFilter(DelegatingFilterProxy.java:268)
	at org.apache.catalina.core.ApplicationFilterChain.internalDoFilter(ApplicationFilterChain.java:174)
	at org.apache.catalina.core.ApplicationFilterChain.doFilter(ApplicationFilterChain.java:149)
	at org.springframework.web.filter.RequestContextFilter.doFilterInternal(RequestContextFilter.java:100)
	at org.springframework.web.filter.OncePerRequestFilter.doFilter(OncePerRequestFilter.java:116)
	at org.apache.catalina.core.ApplicationFilterChain.internalDoFilter(ApplicationFilterChain.java:174)
	at org.apache.catalina.core.ApplicationFilterChain.doFilter(ApplicationFilterChain.java:149)
	at org.springframework.web.filter.FormContentFilter.doFilterInternal(FormContentFilter.java:93)
	at org.springframework.web.filter.OncePerRequestFilter.doFilter(OncePerRequestFilter.java:116)
	at org.apache.catalina.core.ApplicationFilterChain.internalDoFilter(ApplicationFilterChain.java:174)
	at org.apache.catalina.core.ApplicationFilterChain.doFilter(ApplicationFilterChain.java:149)
	at org.springframework.web.filter.CharacterEncodingFilter.doFilterInternal(CharacterEncodingFilter.java:201)
	at org.springframework.web.filter.OncePerRequestFilter.doFilter(OncePerRequestFilter.java:116)
	at org.apache.catalina.core.ApplicationFilterChain.internalDoFilter(ApplicationFilterChain.java:174)
	at org.apache.catalina.core.ApplicationFilterChain.doFilter(ApplicationFilterChain.java:149)
	at org.apache.catalina.core.StandardWrapperValve.invoke(StandardWrapperValve.java:167)
	at org.apache.catalina.core.StandardContextValve.invoke(StandardContextValve.java:90)
	at org.apache.catalina.authenticator.AuthenticatorBase.invoke(AuthenticatorBase.java:482)
	at org.apache.catalina.core.StandardHostValve.invoke(StandardHostValve.java:115)
	at org.apache.catalina.valves.ErrorReportValve.invoke(ErrorReportValve.java:93)
	at org.apache.catalina.core.StandardEngineValve.invoke(StandardEngineValve.java:74)
	at org.apache.catalina.connector.CoyoteAdapter.service(CoyoteAdapter.java:340)
	at org.apache.coyote.http11.Http11Processor.service(Http11Processor.java:391)
	at org.apache.coyote.AbstractProcessorLight.process(AbstractProcessorLight.java:63)
	at org.apache.coyote.AbstractProtocol$ConnectionHandler.process(AbstractProtocol.java:896)
	at org.apache.tomcat.util.net.NioEndpoint$SocketProcessor.doRun(NioEndpoint.java:1744)
	at org.apache.tomcat.util.net.SocketProcessorBase.run(SocketProcessorBase.java:52)
	at org.apache.tomcat.util.threads.ThreadPoolExecutor.runWorker(ThreadPoolExecutor.java:1191)
	at org.apache.tomcat.util.threads.ThreadPoolExecutor$Worker.run(ThreadPoolExecutor.java:659)
	at org.apache.tomcat.util.threads.TaskThread$WrappingRunnable.run(TaskThread.java:61)
	at java.base/java.lang.Thread.run(Thread.java:1570)
Caused by: org.hibernate.exception.SQLGrammarException: JDBC exception executing SQL [select count(tb1_0.id) from thong_bao tb1_0 where tb1_0.tai_khoan_id=? and not(tb1_0.da_doc)] [Table 'qltv.thong_bao' doesn't exist] [n/a]
	at org.hibernate.exception.internal.SQLExceptionTypeDelegate.convert(SQLExceptionTypeDelegate.java:66)
	at org.hibernate.exception.internal.StandardSQLExceptionConverter.convert(StandardSQLExceptionConverter.java:58)
	at org.hibernate.engine.jdbc.spi.SqlExceptionHelper.convert(SqlExceptionHelper.java:108)
	at org.hibernate.engine.jdbc.spi.SqlExceptionHelper.convert(SqlExceptionHelper.java:94)
	at org.hibernate.sql.results.jdbc.internal.DeferredResultSetAccess.executeQuery(DeferredResultSetAccess.java:265)
	at org.hibernate.sql.results.jdbc.internal.DeferredResultSetAccess.getResultSet(DeferredResultSetAccess.java:167)
	at org.hibernate.sql.results.jdbc.internal.JdbcValuesResultSetImpl.advanceNext(JdbcValuesResultSetImpl.java:218)
	at org.hibernate.sql.results.jdbc.internal.JdbcValuesResultSetImpl.processNext(JdbcValuesResultSetImpl.java:98)
	at org.hibernate.sql.results.jdbc.internal.AbstractJdbcValues.next(AbstractJdbcValues.java:19)
	at org.hibernate.sql.results.internal.RowProcessingStateStandardImpl.next(RowProcessingStateStandardImpl.java:66)
	at org.hibernate.sql.results.spi.ListResultsConsumer.consume(ListResultsConsumer.java:203)
	at org.hibernate.sql.results.spi.ListResultsConsumer.consume(ListResultsConsumer.java:33)
	at org.hibernate.sql.exec.internal.JdbcSelectExecutorStandardImpl.doExecuteQuery(JdbcSelectExecutorStandardImpl.java:209)
	at org.hibernate.sql.exec.internal.JdbcSelectExecutorStandardImpl.executeQuery(JdbcSelectExecutorStandardImpl.java:83)
	at org.hibernate.sql.exec.spi.JdbcSelectExecutor.list(JdbcSelectExecutor.java:76)
	at org.hibernate.sql.exec.spi.JdbcSelectExecutor.list(JdbcSelectExecutor.java:65)
	at org.hibernate.query.sqm.internal.ConcreteSqmSelectQueryPlan.lambda$new$2(ConcreteSqmSelectQueryPlan.java:137)
	at org.hibernate.query.sqm.internal.ConcreteSqmSelectQueryPlan.withCacheableSqmInterpretation(ConcreteSqmSelectQueryPlan.java:359)
	at org.hibernate.query.sqm.internal.ConcreteSqmSelectQueryPlan.performList(ConcreteSqmSelectQueryPlan.java:300)
	at org.hibernate.query.sqm.internal.QuerySqmImpl.doList(QuerySqmImpl.java:509)
	at org.hibernate.query.spi.AbstractSelectionQuery.list(AbstractSelectionQuery.java:427)
	at org.hibernate.query.spi.AbstractSelectionQuery.getSingleResult(AbstractSelectionQuery.java:564)
	at org.springframework.data.jpa.repository.query.JpaQueryExecution$SingleEntityExecution.doExecute(JpaQueryExecution.java:223)
	at org.springframework.data.jpa.repository.query.JpaQueryExecution.execute(JpaQueryExecution.java:92)
	at org.springframework.data.jpa.repository.query.AbstractJpaQuery.doExecute(AbstractJpaQuery.java:149)
	at org.springframework.data.jpa.repository.query.AbstractJpaQuery.execute(AbstractJpaQuery.java:137)
	at org.springframework.data.repository.core.support.RepositoryMethodInvoker.doInvoke(RepositoryMethodInvoker.java:170)
	at org.springframework.data.repository.core.support.RepositoryMethodInvoker.invoke(RepositoryMethodInvoker.java:158)
	at org.springframework.data.repository.core.support.QueryExecutorMethodInterceptor.doInvoke(QueryExecutorMethodInterceptor.java:164)
	at org.springframework.data.repository.core.support.QueryExecutorMethodInterceptor.invoke(QueryExecutorMethodInterceptor.java:143)
	at org.springframework.aop.framework.ReflectiveMethodInvocation.proceed(ReflectiveMethodInvocation.java:184)
	at org.springframework.data.projection.DefaultMethodInvokingMethodInterceptor.invoke(DefaultMethodInvokingMethodInterceptor.java:70)
	at org.springframework.aop.framework.ReflectiveMethodInvocation.proceed(ReflectiveMethodInvocation.java:184)
	at org.springframework.transaction.interceptor.TransactionInterceptor$1.proceedWithInvocation(TransactionInterceptor.java:123)
	at org.springframework.transaction.interceptor.TransactionAspectSupport.invokeWithinTransaction(TransactionAspectSupport.java:385)
	at org.springframework.transaction.interceptor.TransactionInterceptor.invoke(TransactionInterceptor.java:119)
	at org.springframework.aop.framework.ReflectiveMethodInvocation.proceed(ReflectiveMethodInvocation.java:184)
	at org.springframework.dao.support.PersistenceExceptionTranslationInterceptor.invoke(PersistenceExceptionTranslationInterceptor.java:137)
	... 107 common frames omitted
Caused by: java.sql.SQLSyntaxErrorException: Table 'qltv.thong_bao' doesn't exist
	at com.mysql.cj.jdbc.exceptions.SQLError.createSQLException(SQLError.java:121)
	at com.mysql.cj.jdbc.exceptions.SQLExceptionsMapping.translateException(SQLExceptionsMapping.java:122)
	at com.mysql.cj.jdbc.ClientPreparedStatement.executeInternal(ClientPreparedStatement.java:912)
	at com.mysql.cj.jdbc.ClientPreparedStatement.executeQuery(ClientPreparedStatement.java:968)
	at com.zaxxer.hikari.pool.ProxyPreparedStatement.executeQuery(ProxyPreparedStatement.java:52)
	at com.zaxxer.hikari.pool.HikariProxyPreparedStatement.executeQuery(HikariProxyPreparedStatement.java)
	at org.hibernate.sql.results.jdbc.internal.DeferredResultSetAccess.executeQuery(DeferredResultSetAccess.java:246)
	... 140 common frames omitted
2026-04-20 21:48:03 [http-nio-8080-exec-2] WARN  o.s.w.s.m.m.a.ExceptionHandlerExceptionResolver - Resolved [org.springframework.dao.InvalidDataAccessResourceUsageException: JDBC exception executing SQL [select count(tb1_0.id) from thong_bao tb1_0 where tb1_0.tai_khoan_id=? and not(tb1_0.da_doc)] [Table 'qltv.thong_bao' doesn't exist] [n/a]; SQL [n/a]]
2026-04-20 21:48:03 [http-nio-8080-exec-2] DEBUG o.s.web.servlet.DispatcherServlet - Using resolved error view: ModelAndView [view="redirect:http://localhost:8080/login"; model={}]
2026-04-20 21:48:03 [http-nio-8080-exec-2] DEBUG o.s.web.servlet.view.RedirectView - View name 'redirect:', model {}
2026-04-20 21:48:03 [http-nio-8080-exec-2] DEBUG o.s.web.servlet.DispatcherServlet - Completed 302 FOUND
2026-04-20 21:48:03 [http-nio-8080-exec-3] DEBUG o.s.security.web.FilterChainProxy - Securing GET /login
2026-04-20 21:48:03 [http-nio-8080-exec-3] DEBUG o.s.security.web.FilterChainProxy - Secured GET /login
2026-04-20 21:48:03 [http-nio-8080-exec-3] DEBUG o.s.web.servlet.DispatcherServlet - GET "/login", parameters={}
2026-04-20 21:48:03 [http-nio-8080-exec-3] DEBUG o.s.w.s.m.m.a.RequestMappingHandlerMapping - Mapped to com.example.library.controller.AuthController#loginPage(String, String, String, String, Model)
2026-04-20 21:48:03 [http-nio-8080-exec-3] DEBUG o.s.s.w.c.HttpSessionSecurityContextRepository - Retrieved SecurityContextImpl [Authentication=UsernamePasswordAuthenticationToken [Principal=org.springframework.security.core.userdetails.User [Username=Tanphong, Password=[PROTECTED], Enabled=true, AccountNonExpired=true, CredentialsNonExpired=true, AccountNonLocked=true, Granted Authorities=[ROLE_KHACHHANG]], Credentials=[PROTECTED], Authenticated=true, Details=WebAuthenticationDetails [RemoteIpAddress=0:0:0:0:0:0:0:1, SessionId=null], Granted Authorities=[ROLE_KHACHHANG]]]
2026-04-20 21:48:03 [http-nio-8080-exec-3] DEBUG org.hibernate.SQL - 
    select
        tk1_0.matk,
        tk1_0.avatar,
        tk1_0.diachi,
        tk1_0.email,
        tk1_0.hoten,
        tk1_0.ngaytao,
        tk1_0.password,
        tk1_0.quyen,
        tk1_0.reset_token,
        tk1_0.sodienthoai,
        tk1_0.trangthai,
        tk1_0.username 
    from
        taikhoan tk1_0 
    where
        tk1_0.username=?
2026-04-20 21:48:03 [http-nio-8080-exec-3] DEBUG org.hibernate.SQL - 
    select
        count(tb1_0.id) 
    from
        thong_bao tb1_0 
    where
        tb1_0.tai_khoan_id=? 
        and not(tb1_0.da_doc)
2026-04-20 21:48:03 [http-nio-8080-exec-3] WARN  o.h.e.jdbc.spi.SqlExceptionHelper - SQL Error: 1146, SQLState: 42S02
2026-04-20 21:48:03 [http-nio-8080-exec-3] ERROR o.h.e.jdbc.spi.SqlExceptionHelper - Table 'qltv.thong_bao' doesn't exist
2026-04-20 21:48:03 [http-nio-8080-exec-3] DEBUG o.s.w.s.m.m.a.ExceptionHandlerExceptionResolver - Using @ExceptionHandler com.example.library.exception.GlobalExceptionHandler#handleGeneralException(Exception, HttpServletRequest, RedirectAttributes)
2026-04-20 21:48:03 [http-nio-8080-exec-3] ERROR c.e.l.e.GlobalExceptionHandler - Lỗi không lường trước xảy ra tại URL: http://localhost:8080/login. Chi tiết: 
org.springframework.dao.InvalidDataAccessResourceUsageException: JDBC exception executing SQL [select count(tb1_0.id) from thong_bao tb1_0 where tb1_0.tai_khoan_id=? and not(tb1_0.da_doc)] [Table 'qltv.thong_bao' doesn't exist] [n/a]; SQL [n/a]
	at org.springframework.orm.jpa.vendor.HibernateJpaDialect.convertHibernateAccessException(HibernateJpaDialect.java:277)
	at org.springframework.orm.jpa.vendor.HibernateJpaDialect.translateExceptionIfPossible(HibernateJpaDialect.java:241)
	at org.springframework.orm.jpa.AbstractEntityManagerFactoryBean.translateExceptionIfPossible(AbstractEntityManagerFactoryBean.java:550)
	at org.springframework.dao.support.ChainedPersistenceExceptionTranslator.translateExceptionIfPossible(ChainedPersistenceExceptionTranslator.java:61)
	at org.springframework.dao.support.DataAccessUtils.translateIfNecessary(DataAccessUtils.java:335)
	at org.springframework.dao.support.PersistenceExceptionTranslationInterceptor.invoke(PersistenceExceptionTranslationInterceptor.java:152)
	at org.springframework.aop.framework.ReflectiveMethodInvocation.proceed(ReflectiveMethodInvocation.java:184)
	at org.springframework.data.jpa.repository.support.CrudMethodMetadataPostProcessor$CrudMethodMetadataPopulatingMethodInterceptor.invoke(CrudMethodMetadataPostProcessor.java:135)
	at org.springframework.aop.framework.ReflectiveMethodInvocation.proceed(ReflectiveMethodInvocation.java:184)
	at org.springframework.aop.interceptor.ExposeInvocationInterceptor.invoke(ExposeInvocationInterceptor.java:97)
	at org.springframework.aop.framework.ReflectiveMethodInvocation.proceed(ReflectiveMethodInvocation.java:184)
	at org.springframework.aop.framework.JdkDynamicAopProxy.invoke(JdkDynamicAopProxy.java:220)
	at jdk.proxy4/jdk.proxy4.$Proxy138.countByTaiKhoanIdAndDaDocFalse(Unknown Source)
	at com.example.library.service.NotificationService.getUnreadCount(NotificationService.java:70)
	at com.example.library.controller.GlobalControllerAdvice.lambda$getUnreadCount$0(GlobalControllerAdvice.java:27)
	at java.base/java.util.Optional.map(Optional.java:260)
	at com.example.library.controller.GlobalControllerAdvice.getUnreadCount(GlobalControllerAdvice.java:27)
	at java.base/jdk.internal.reflect.DirectMethodHandleAccessor.invoke(DirectMethodHandleAccessor.java:103)
	at java.base/java.lang.reflect.Method.invoke(Method.java:580)
	at org.springframework.web.method.support.InvocableHandlerMethod.doInvoke(InvocableHandlerMethod.java:261)
	at org.springframework.web.method.support.InvocableHandlerMethod.invokeForRequest(InvocableHandlerMethod.java:189)
	at org.springframework.web.method.annotation.ModelFactory.invokeModelAttributeMethods(ModelFactory.java:143)
	at org.springframework.web.method.annotation.ModelFactory.initModel(ModelFactory.java:112)
	at org.springframework.web.servlet.mvc.method.annotation.RequestMappingHandlerAdapter.invokeHandlerMethod(RequestMappingHandlerAdapter.java:894)
	at org.springframework.web.servlet.mvc.method.annotation.RequestMappingHandlerAdapter.handleInternal(RequestMappingHandlerAdapter.java:829)
	at org.springframework.web.servlet.mvc.method.AbstractHandlerMethodAdapter.handle(AbstractHandlerMethodAdapter.java:87)
	at org.springframework.web.servlet.DispatcherServlet.doDispatch(DispatcherServlet.java:1089)
	at org.springframework.web.servlet.DispatcherServlet.doService(DispatcherServlet.java:979)
	at org.springframework.web.servlet.FrameworkServlet.processRequest(FrameworkServlet.java:1014)
	at org.springframework.web.servlet.FrameworkServlet.doGet(FrameworkServlet.java:903)
	at jakarta.servlet.http.HttpServlet.service(HttpServlet.java:564)
	at org.springframework.web.servlet.FrameworkServlet.service(FrameworkServlet.java:885)
	at jakarta.servlet.http.HttpServlet.service(HttpServlet.java:658)
	at org.apache.catalina.core.ApplicationFilterChain.internalDoFilter(ApplicationFilterChain.java:205)
	at org.apache.catalina.core.ApplicationFilterChain.doFilter(ApplicationFilterChain.java:149)
	at org.apache.tomcat.websocket.server.WsFilter.doFilter(WsFilter.java:51)
	at org.apache.catalina.core.ApplicationFilterChain.internalDoFilter(ApplicationFilterChain.java:174)
	at org.apache.catalina.core.ApplicationFilterChain.doFilter(ApplicationFilterChain.java:149)
	at org.springframework.web.filter.CompositeFilter$VirtualFilterChain.doFilter(CompositeFilter.java:108)
	at org.springframework.security.web.FilterChainProxy.lambda$doFilterInternal$3(FilterChainProxy.java:231)
	at org.springframework.security.web.FilterChainProxy$VirtualFilterChain.doFilter(FilterChainProxy.java:365)
	at org.springframework.security.web.access.intercept.AuthorizationFilter.doFilter(AuthorizationFilter.java:100)
	at org.springframework.security.web.FilterChainProxy$VirtualFilterChain.doFilter(FilterChainProxy.java:374)
	at org.springframework.security.web.access.ExceptionTranslationFilter.doFilter(ExceptionTranslationFilter.java:126)
	at org.springframework.security.web.access.ExceptionTranslationFilter.doFilter(ExceptionTranslationFilter.java:120)
	at org.springframework.security.web.FilterChainProxy$VirtualFilterChain.doFilter(FilterChainProxy.java:374)
	at org.springframework.security.web.authentication.AnonymousAuthenticationFilter.doFilter(AnonymousAuthenticationFilter.java:100)
	at org.springframework.security.web.FilterChainProxy$VirtualFilterChain.doFilter(FilterChainProxy.java:374)
	at org.springframework.security.web.servletapi.SecurityContextHolderAwareRequestFilter.doFilter(SecurityContextHolderAwareRequestFilter.java:179)
	at org.springframework.security.web.FilterChainProxy$VirtualFilterChain.doFilter(FilterChainProxy.java:374)
	at org.springframework.security.web.savedrequest.RequestCacheAwareFilter.doFilter(RequestCacheAwareFilter.java:63)
	at org.springframework.security.web.FilterChainProxy$VirtualFilterChain.doFilter(FilterChainProxy.java:374)
	at org.springframework.security.web.authentication.AbstractAuthenticationProcessingFilter.doFilter(AbstractAuthenticationProcessingFilter.java:227)
	at org.springframework.security.web.authentication.AbstractAuthenticationProcessingFilter.doFilter(AbstractAuthenticationProcessingFilter.java:221)
	at org.springframework.security.web.FilterChainProxy$VirtualFilterChain.doFilter(FilterChainProxy.java:374)
	at org.springframework.security.web.authentication.logout.LogoutFilter.doFilter(LogoutFilter.java:107)
	at org.springframework.security.web.authentication.logout.LogoutFilter.doFilter(LogoutFilter.java:93)
	at org.springframework.security.web.FilterChainProxy$VirtualFilterChain.doFilter(FilterChainProxy.java:374)
	at org.springframework.web.filter.CorsFilter.doFilterInternal(CorsFilter.java:91)
	at org.springframework.web.filter.OncePerRequestFilter.doFilter(OncePerRequestFilter.java:116)
	at org.springframework.security.web.FilterChainProxy$VirtualFilterChain.doFilter(FilterChainProxy.java:374)
	at org.springframework.security.web.header.HeaderWriterFilter.doHeadersAfter(HeaderWriterFilter.java:90)
	at org.springframework.security.web.header.HeaderWriterFilter.doFilterInternal(HeaderWriterFilter.java:75)
	at org.springframework.web.filter.OncePerRequestFilter.doFilter(OncePerRequestFilter.java:116)
	at org.springframework.security.web.FilterChainProxy$VirtualFilterChain.doFilter(FilterChainProxy.java:374)
	at org.springframework.security.web.context.SecurityContextHolderFilter.doFilter(SecurityContextHolderFilter.java:82)
	at org.springframework.security.web.context.SecurityContextHolderFilter.doFilter(SecurityContextHolderFilter.java:69)
	at org.springframework.security.web.FilterChainProxy$VirtualFilterChain.doFilter(FilterChainProxy.java:374)
	at org.springframework.security.web.context.request.async.WebAsyncManagerIntegrationFilter.doFilterInternal(WebAsyncManagerIntegrationFilter.java:62)
	at org.springframework.web.filter.OncePerRequestFilter.doFilter(OncePerRequestFilter.java:116)
	at org.springframework.security.web.FilterChainProxy$VirtualFilterChain.doFilter(FilterChainProxy.java:374)
	at org.springframework.security.web.session.DisableEncodeUrlFilter.doFilterInternal(DisableEncodeUrlFilter.java:42)
	at org.springframework.web.filter.OncePerRequestFilter.doFilter(OncePerRequestFilter.java:116)
	at org.springframework.security.web.FilterChainProxy$VirtualFilterChain.doFilter(FilterChainProxy.java:374)
	at org.springframework.security.web.FilterChainProxy.doFilterInternal(FilterChainProxy.java:233)
	at org.springframework.security.web.FilterChainProxy.doFilter(FilterChainProxy.java:191)
	at org.springframework.web.filter.CompositeFilter$VirtualFilterChain.doFilter(CompositeFilter.java:113)
	at org.springframework.web.servlet.handler.HandlerMappingIntrospector.lambda$createCacheFilter$3(HandlerMappingIntrospector.java:195)
	at org.springframework.web.filter.CompositeFilter$VirtualFilterChain.doFilter(CompositeFilter.java:113)
	at org.springframework.web.filter.CompositeFilter.doFilter(CompositeFilter.java:74)
	at org.springframework.security.config.annotation.web.configuration.WebMvcSecurityConfiguration$CompositeFilterChainProxy.doFilter(WebMvcSecurityConfiguration.java:225)
	at org.springframework.web.filter.DelegatingFilterProxy.invokeDelegate(DelegatingFilterProxy.java:352)
	at org.springframework.web.filter.DelegatingFilterProxy.doFilter(DelegatingFilterProxy.java:268)
	at org.apache.catalina.core.ApplicationFilterChain.internalDoFilter(ApplicationFilterChain.java:174)
	at org.apache.catalina.core.ApplicationFilterChain.doFilter(ApplicationFilterChain.java:149)
	at org.springframework.web.filter.RequestContextFilter.doFilterInternal(RequestContextFilter.java:100)
	at org.springframework.web.filter.OncePerRequestFilter.doFilter(OncePerRequestFilter.java:116)
	at org.apache.catalina.core.ApplicationFilterChain.internalDoFilter(ApplicationFilterChain.java:174)
	at org.apache.catalina.core.ApplicationFilterChain.doFilter(ApplicationFilterChain.java:149)
	at org.springframework.web.filter.FormContentFilter.doFilterInternal(FormContentFilter.java:93)
	at org.springframework.web.filter.OncePerRequestFilter.doFilter(OncePerRequestFilter.java:116)
	at org.apache.catalina.core.ApplicationFilterChain.internalDoFilter(ApplicationFilterChain.java:174)
	at org.apache.catalina.core.ApplicationFilterChain.doFilter(ApplicationFilterChain.java:149)
	at org.springframework.web.filter.CharacterEncodingFilter.doFilterInternal(CharacterEncodingFilter.java:201)
	at org.springframework.web.filter.OncePerRequestFilter.doFilter(OncePerRequestFilter.java:116)
	at org.apache.catalina.core.ApplicationFilterChain.internalDoFilter(ApplicationFilterChain.java:174)
	at org.apache.catalina.core.ApplicationFilterChain.doFilter(ApplicationFilterChain.java:149)
	at org.apache.catalina.core.StandardWrapperValve.invoke(StandardWrapperValve.java:167)
	at org.apache.catalina.core.StandardContextValve.invoke(StandardContextValve.java:90)
	at org.apache.catalina.authenticator.AuthenticatorBase.invoke(AuthenticatorBase.java:482)
	at org.apache.catalina.core.StandardHostValve.invoke(StandardHostValve.java:115)
	at org.apache.catalina.valves.ErrorReportValve.invoke(ErrorReportValve.java:93)
	at org.apache.catalina.core.StandardEngineValve.invoke(StandardEngineValve.java:74)
	at org.apache.catalina.connector.CoyoteAdapter.service(CoyoteAdapter.java:340)
	at org.apache.coyote.http11.Http11Processor.service(Http11Processor.java:391)
	at org.apache.coyote.AbstractProcessorLight.process(AbstractProcessorLight.java:63)
	at org.apache.coyote.AbstractProtocol$ConnectionHandler.process(AbstractProtocol.java:896)
	at org.apache.tomcat.util.net.NioEndpoint$SocketProcessor.doRun(NioEndpoint.java:1744)
	at org.apache.tomcat.util.net.SocketProcessorBase.run(SocketProcessorBase.java:52)
	at org.apache.tomcat.util.threads.ThreadPoolExecutor.runWorker(ThreadPoolExecutor.java:1191)
	at org.apache.tomcat.util.threads.ThreadPoolExecutor$Worker.run(ThreadPoolExecutor.java:659)
	at org.apache.tomcat.util.threads.TaskThread$WrappingRunnable.run(TaskThread.java:61)
	at java.base/java.lang.Thread.run(Thread.java:1570)
Caused by: org.hibernate.exception.SQLGrammarException: JDBC exception executing SQL [select count(tb1_0.id) from thong_bao tb1_0 where tb1_0.tai_khoan_id=? and not(tb1_0.da_doc)] [Table 'qltv.thong_bao' doesn't exist] [n/a]
	at org.hibernate.exception.internal.SQLExceptionTypeDelegate.convert(SQLExceptionTypeDelegate.java:66)
	at org.hibernate.exception.internal.StandardSQLExceptionConverter.convert(StandardSQLExceptionConverter.java:58)
	at org.hibernate.engine.jdbc.spi.SqlExceptionHelper.convert(SqlExceptionHelper.java:108)
	at org.hibernate.engine.jdbc.spi.SqlExceptionHelper.convert(SqlExceptionHelper.java:94)
	at org.hibernate.sql.results.jdbc.internal.DeferredResultSetAccess.executeQuery(DeferredResultSetAccess.java:265)
	at org.hibernate.sql.results.jdbc.internal.DeferredResultSetAccess.getResultSet(DeferredResultSetAccess.java:167)
	at org.hibernate.sql.results.jdbc.internal.JdbcValuesResultSetImpl.advanceNext(JdbcValuesResultSetImpl.java:218)
	at org.hibernate.sql.results.jdbc.internal.JdbcValuesResultSetImpl.processNext(JdbcValuesResultSetImpl.java:98)
	at org.hibernate.sql.results.jdbc.internal.AbstractJdbcValues.next(AbstractJdbcValues.java:19)
	at org.hibernate.sql.results.internal.RowProcessingStateStandardImpl.next(RowProcessingStateStandardImpl.java:66)
	at org.hibernate.sql.results.spi.ListResultsConsumer.consume(ListResultsConsumer.java:203)
	at org.hibernate.sql.results.spi.ListResultsConsumer.consume(ListResultsConsumer.java:33)
	at org.hibernate.sql.exec.internal.JdbcSelectExecutorStandardImpl.doExecuteQuery(JdbcSelectExecutorStandardImpl.java:209)
	at org.hibernate.sql.exec.internal.JdbcSelectExecutorStandardImpl.executeQuery(JdbcSelectExecutorStandardImpl.java:83)
	at org.hibernate.sql.exec.spi.JdbcSelectExecutor.list(JdbcSelectExecutor.java:76)
	at org.hibernate.sql.exec.spi.JdbcSelectExecutor.list(JdbcSelectExecutor.java:65)
	at org.hibernate.query.sqm.internal.ConcreteSqmSelectQueryPlan.lambda$new$2(ConcreteSqmSelectQueryPlan.java:137)
	at org.hibernate.query.sqm.internal.ConcreteSqmSelectQueryPlan.withCacheableSqmInterpretation(ConcreteSqmSelectQueryPlan.java:359)
	at org.hibernate.query.sqm.internal.ConcreteSqmSelectQueryPlan.performList(ConcreteSqmSelectQueryPlan.java:300)
	at org.hibernate.query.sqm.internal.QuerySqmImpl.doList(QuerySqmImpl.java:509)
	at org.hibernate.query.spi.AbstractSelectionQuery.list(AbstractSelectionQuery.java:427)
	at org.hibernate.query.spi.AbstractSelectionQuery.getSingleResult(AbstractSelectionQuery.java:564)
	at org.springframework.data.jpa.repository.query.JpaQueryExecution$SingleEntityExecution.doExecute(JpaQueryExecution.java:223)
	at org.springframework.data.jpa.repository.query.JpaQueryExecution.execute(JpaQueryExecution.java:92)
	at org.springframework.data.jpa.repository.query.AbstractJpaQuery.doExecute(AbstractJpaQuery.java:149)
	at org.springframework.data.jpa.repository.query.AbstractJpaQuery.execute(AbstractJpaQuery.java:137)
	at org.springframework.data.repository.core.support.RepositoryMethodInvoker.doInvoke(RepositoryMethodInvoker.java:170)
	at org.springframework.data.repository.core.support.RepositoryMethodInvoker.invoke(RepositoryMethodInvoker.java:158)
	at org.springframework.data.repository.core.support.QueryExecutorMethodInterceptor.doInvoke(QueryExecutorMethodInterceptor.java:164)
	at org.springframework.data.repository.core.support.QueryExecutorMethodInterceptor.invoke(QueryExecutorMethodInterceptor.java:143)
	at org.springframework.aop.framework.ReflectiveMethodInvocation.proceed(ReflectiveMethodInvocation.java:184)
	at org.springframework.data.projection.DefaultMethodInvokingMethodInterceptor.invoke(DefaultMethodInvokingMethodInterceptor.java:70)
	at org.springframework.aop.framework.ReflectiveMethodInvocation.proceed(ReflectiveMethodInvocation.java:184)
	at org.springframework.transaction.interceptor.TransactionInterceptor$1.proceedWithInvocation(TransactionInterceptor.java:123)
	at org.springframework.transaction.interceptor.TransactionAspectSupport.invokeWithinTransaction(TransactionAspectSupport.java:385)
	at org.springframework.transaction.interceptor.TransactionInterceptor.invoke(TransactionInterceptor.java:119)
	at org.springframework.aop.framework.ReflectiveMethodInvocation.proceed(ReflectiveMethodInvocation.java:184)
	at org.springframework.dao.support.PersistenceExceptionTranslationInterceptor.invoke(PersistenceExceptionTranslationInterceptor.java:137)
	... 107 common frames omitted
Caused by: java.sql.SQLSyntaxErrorException: Table 'qltv.thong_bao' doesn't exist
	at com.mysql.cj.jdbc.exceptions.SQLError.createSQLException(SQLError.java:121)
	at com.mysql.cj.jdbc.exceptions.SQLExceptionsMapping.translateException(SQLExceptionsMapping.java:122)
	at com.mysql.cj.jdbc.ClientPreparedStatement.executeInternal(ClientPreparedStatement.java:912)
	at com.mysql.cj.jdbc.ClientPreparedStatement.executeQuery(ClientPreparedStatement.java:968)
	at com.zaxxer.hikari.pool.ProxyPreparedStatement.executeQuery(ProxyPreparedStatement.java:52)
	at com.zaxxer.hikari.pool.HikariProxyPreparedStatement.executeQuery(HikariProxyPreparedStatement.java)
	at org.hibernate.sql.results.jdbc.internal.DeferredResultSetAccess.executeQuery(DeferredResultSetAccess.java:246)
	... 140 common frames omitted
2026-04-20 21:48:03 [http-nio-8080-exec-3] WARN  o.s.w.s.m.m.a.ExceptionHandlerExceptionResolver - Resolved [org.springframework.dao.InvalidDataAccessResourceUsageException: JDBC exception executing SQL [select count(tb1_0.id) from thong_bao tb1_0 where tb1_0.tai_khoan_id=? and not(tb1_0.da_doc)] [Table 'qltv.thong_bao' doesn't exist] [n/a]; SQL [n/a]]
2026-04-20 21:48:03 [http-nio-8080-exec-3] DEBUG o.s.web.servlet.DispatcherServlet - Using resolved error view: ModelAndView [view="redirect:http://localhost:8080/login"; model={}]
2026-04-20 21:48:03 [http-nio-8080-exec-3] DEBUG o.s.web.servlet.view.RedirectView - View name 'redirect:', model {}
2026-04-20 21:48:03 [http-nio-8080-exec-3] DEBUG o.s.web.servlet.DispatcherServlet - Completed 302 FOUND
2026-04-20 21:48:03 [http-nio-8080-exec-4] DEBUG o.s.security.web.FilterChainProxy - Securing GET /login
2026-04-20 21:48:03 [http-nio-8080-exec-4] DEBUG o.s.security.web.FilterChainProxy - Secured GET /login
2026-04-20 21:48:03 [http-nio-8080-exec-4] DEBUG o.s.web.servlet.DispatcherServlet - GET "/login", parameters={}
2026-04-20 21:48:03 [http-nio-8080-exec-4] DEBUG o.s.w.s.m.m.a.RequestMappingHandlerMapping - Mapped to com.example.library.controller.AuthController#loginPage(String, String, String, String, Model)
2026-04-20 21:48:03 [http-nio-8080-exec-4] DEBUG o.s.s.w.c.HttpSessionSecurityContextRepository - Retrieved SecurityContextImpl [Authentication=UsernamePasswordAuthenticationToken [Principal=org.springframework.security.core.userdetails.User [Username=Tanphong, Password=[PROTECTED], Enabled=true, AccountNonExpired=true, CredentialsNonExpired=true, AccountNonLocked=true, Granted Authorities=[ROLE_KHACHHANG]], Credentials=[PROTECTED], Authenticated=true, Details=WebAuthenticationDetails [RemoteIpAddress=0:0:0:0:0:0:0:1, SessionId=null], Granted Authorities=[ROLE_KHACHHANG]]]
2026-04-20 21:48:03 [http-nio-8080-exec-4] DEBUG org.hibernate.SQL - 
    select
        tk1_0.matk,
        tk1_0.avatar,
        tk1_0.diachi,
        tk1_0.email,
        tk1_0.hoten,
        tk1_0.ngaytao,
        tk1_0.password,
        tk1_0.quyen,
        tk1_0.reset_token,
        tk1_0.sodienthoai,
        tk1_0.trangthai,
        tk1_0.username 
    from
        taikhoan tk1_0 
    where
        tk1_0.username=?
2026-04-20 21:48:03 [http-nio-8080-exec-4] DEBUG org.hibernate.SQL - 
    select
        count(tb1_0.id) 
    from
        thong_bao tb1_0 
    where
        tb1_0.tai_khoan_id=? 
        and not(tb1_0.da_doc)
2026-04-20 21:48:03 [http-nio-8080-exec-4] WARN  o.h.e.jdbc.spi.SqlExceptionHelper - SQL Error: 1146, SQLState: 42S02
2026-04-20 21:48:03 [http-nio-8080-exec-4] ERROR o.h.e.jdbc.spi.SqlExceptionHelper - Table 'qltv.thong_bao' doesn't exist
2026-04-20 21:48:03 [http-nio-8080-exec-4] DEBUG o.s.w.s.m.m.a.ExceptionHandlerExceptionResolver - Using @ExceptionHandler com.example.library.exception.GlobalExceptionHandler#handleGeneralException(Exception, HttpServletRequest, RedirectAttributes)
2026-04-20 21:48:03 [http-nio-8080-exec-4] ERROR c.e.l.e.GlobalExceptionHandler - Lỗi không lường trước xảy ra tại URL: http://localhost:8080/login. Chi tiết: 
org.springframework.dao.InvalidDataAccessResourceUsageException: JDBC exception executing SQL [select count(tb1_0.id) from thong_bao tb1_0 where tb1_0.tai_khoan_id=? and not(tb1_0.da_doc)] [Table 'qltv.thong_bao' doesn't exist] [n/a]; SQL [n/a]
	at org.springframework.orm.jpa.vendor.HibernateJpaDialect.convertHibernateAccessException(HibernateJpaDialect.java:277)
	at org.springframework.orm.jpa.vendor.HibernateJpaDialect.translateExceptionIfPossible(HibernateJpaDialect.java:241)
	at org.springframework.orm.jpa.AbstractEntityManagerFactoryBean.translateExceptionIfPossible(AbstractEntityManagerFactoryBean.java:550)
	at org.springframework.dao.support.ChainedPersistenceExceptionTranslator.translateExceptionIfPossible(ChainedPersistenceExceptionTranslator.java:61)
	at org.springframework.dao.support.DataAccessUtils.translateIfNecessary(DataAccessUtils.java:335)
	at org.springframework.dao.support.PersistenceExceptionTranslationInterceptor.invoke(PersistenceExceptionTranslationInterceptor.java:152)
	at org.springframework.aop.framework.ReflectiveMethodInvocation.proceed(ReflectiveMethodInvocation.java:184)
	at org.springframework.data.jpa.repository.support.CrudMethodMetadataPostProcessor$CrudMethodMetadataPopulatingMethodInterceptor.invoke(CrudMethodMetadataPostProcessor.java:135)
	at org.springframework.aop.framework.ReflectiveMethodInvocation.proceed(ReflectiveMethodInvocation.java:184)
	at org.springframework.aop.interceptor.ExposeInvocationInterceptor.invoke(ExposeInvocationInterceptor.java:97)
	at org.springframework.aop.framework.ReflectiveMethodInvocation.proceed(ReflectiveMethodInvocation.java:184)
	at org.springframework.aop.framework.JdkDynamicAopProxy.invoke(JdkDynamicAopProxy.java:220)
	at jdk.proxy4/jdk.proxy4.$Proxy138.countByTaiKhoanIdAndDaDocFalse(Unknown Source)
	at com.example.library.service.NotificationService.getUnreadCount(NotificationService.java:70)
	at com.example.library.controller.GlobalControllerAdvice.lambda$getUnreadCount$0(GlobalControllerAdvice.java:27)
	at java.base/java.util.Optional.map(Optional.java:260)
	at com.example.library.controller.GlobalControllerAdvice.getUnreadCount(GlobalControllerAdvice.java:27)
	at java.base/jdk.internal.reflect.DirectMethodHandleAccessor.invoke(DirectMethodHandleAccessor.java:103)
	at java.base/java.lang.reflect.Method.invoke(Method.java:580)
	at org.springframework.web.method.support.InvocableHandlerMethod.doInvoke(InvocableHandlerMethod.java:261)
	at org.springframework.web.method.support.InvocableHandlerMethod.invokeForRequest(InvocableHandlerMethod.java:189)
	at org.springframework.web.method.annotation.ModelFactory.invokeModelAttributeMethods(ModelFactory.java:143)
	at org.springframework.web.method.annotation.ModelFactory.initModel(ModelFactory.java:112)
	at org.springframework.web.servlet.mvc.method.annotation.RequestMappingHandlerAdapter.invokeHandlerMethod(RequestMappingHandlerAdapter.java:894)
	at org.springframework.web.servlet.mvc.method.annotation.RequestMappingHandlerAdapter.handleInternal(RequestMappingHandlerAdapter.java:829)
	at org.springframework.web.servlet.mvc.method.AbstractHandlerMethodAdapter.handle(AbstractHandlerMethodAdapter.java:87)
	at org.springframework.web.servlet.DispatcherServlet.doDispatch(DispatcherServlet.java:1089)
	at org.springframework.web.servlet.DispatcherServlet.doService(DispatcherServlet.java:979)
	at org.springframework.web.servlet.FrameworkServlet.processRequest(FrameworkServlet.java:1014)
	at org.springframework.web.servlet.FrameworkServlet.doGet(FrameworkServlet.java:903)
	at jakarta.servlet.http.HttpServlet.service(HttpServlet.java:564)
	at org.springframework.web.servlet.FrameworkServlet.service(FrameworkServlet.java:885)
	at jakarta.servlet.http.HttpServlet.service(HttpServlet.java:658)
	at org.apache.catalina.core.ApplicationFilterChain.internalDoFilter(ApplicationFilterChain.java:205)
	at org.apache.catalina.core.ApplicationFilterChain.doFilter(ApplicationFilterChain.java:149)
	at org.apache.tomcat.websocket.server.WsFilter.doFilter(WsFilter.java:51)
	at org.apache.catalina.core.ApplicationFilterChain.internalDoFilter(ApplicationFilterChain.java:174)
	at org.apache.catalina.core.ApplicationFilterChain.doFilter(ApplicationFilterChain.java:149)
	at org.springframework.web.filter.CompositeFilter$VirtualFilterChain.doFilter(CompositeFilter.java:108)
	at org.springframework.security.web.FilterChainProxy.lambda$doFilterInternal$3(FilterChainProxy.java:231)
	at org.springframework.security.web.FilterChainProxy$VirtualFilterChain.doFilter(FilterChainProxy.java:365)
	at org.springframework.security.web.access.intercept.AuthorizationFilter.doFilter(AuthorizationFilter.java:100)
	at org.springframework.security.web.FilterChainProxy$VirtualFilterChain.doFilter(FilterChainProxy.java:374)
	at org.springframework.security.web.access.ExceptionTranslationFilter.doFilter(ExceptionTranslationFilter.java:126)
	at org.springframework.security.web.access.ExceptionTranslationFilter.doFilter(ExceptionTranslationFilter.java:120)
	at org.springframework.security.web.FilterChainProxy$VirtualFilterChain.doFilter(FilterChainProxy.java:374)
	at org.springframework.security.web.authentication.AnonymousAuthenticationFilter.doFilter(AnonymousAuthenticationFilter.java:100)
	at org.springframework.security.web.FilterChainProxy$VirtualFilterChain.doFilter(FilterChainProxy.java:374)
	at org.springframework.security.web.servletapi.SecurityContextHolderAwareRequestFilter.doFilter(SecurityContextHolderAwareRequestFilter.java:179)
	at org.springframework.security.web.FilterChainProxy$VirtualFilterChain.doFilter(FilterChainProxy.java:374)
	at org.springframework.security.web.savedrequest.RequestCacheAwareFilter.doFilter(RequestCacheAwareFilter.java:63)
	at org.springframework.security.web.FilterChainProxy$VirtualFilterChain.doFilter(FilterChainProxy.java:374)
	at org.springframework.security.web.authentication.AbstractAuthenticationProcessingFilter.doFilter(AbstractAuthenticationProcessingFilter.java:227)
	at org.springframework.security.web.authentication.AbstractAuthenticationProcessingFilter.doFilter(AbstractAuthenticationProcessingFilter.java:221)
	at org.springframework.security.web.FilterChainProxy$VirtualFilterChain.doFilter(FilterChainProxy.java:374)
	at org.springframework.security.web.authentication.logout.LogoutFilter.doFilter(LogoutFilter.java:107)
	at org.springframework.security.web.authentication.logout.LogoutFilter.doFilter(LogoutFilter.java:93)
	at org.springframework.security.web.FilterChainProxy$VirtualFilterChain.doFilter(FilterChainProxy.java:374)
	at org.springframework.web.filter.CorsFilter.doFilterInternal(CorsFilter.java:91)
	at org.springframework.web.filter.OncePerRequestFilter.doFilter(OncePerRequestFilter.java:116)
	at org.springframework.security.web.FilterChainProxy$VirtualFilterChain.doFilter(FilterChainProxy.java:374)
	at org.springframework.security.web.header.HeaderWriterFilter.doHeadersAfter(HeaderWriterFilter.java:90)
	at org.springframework.security.web.header.HeaderWriterFilter.doFilterInternal(HeaderWriterFilter.java:75)
	at org.springframework.web.filter.OncePerRequestFilter.doFilter(OncePerRequestFilter.java:116)
	at org.springframework.security.web.FilterChainProxy$VirtualFilterChain.doFilter(FilterChainProxy.java:374)
	at org.springframework.security.web.context.SecurityContextHolderFilter.doFilter(SecurityContextHolderFilter.java:82)
	at org.springframework.security.web.context.SecurityContextHolderFilter.doFilter(SecurityContextHolderFilter.java:69)
	at org.springframework.security.web.FilterChainProxy$VirtualFilterChain.doFilter(FilterChainProxy.java:374)
	at org.springframework.security.web.context.request.async.WebAsyncManagerIntegrationFilter.doFilterInternal(WebAsyncManagerIntegrationFilter.java:62)
	at org.springframework.web.filter.OncePerRequestFilter.doFilter(OncePerRequestFilter.java:116)
	at org.springframework.security.web.FilterChainProxy$VirtualFilterChain.doFilter(FilterChainProxy.java:374)
	at org.springframework.security.web.session.DisableEncodeUrlFilter.doFilterInternal(DisableEncodeUrlFilter.java:42)
	at org.springframework.web.filter.OncePerRequestFilter.doFilter(OncePerRequestFilter.java:116)
	at org.springframework.security.web.FilterChainProxy$VirtualFilterChain.doFilter(FilterChainProxy.java:374)
	at org.springframework.security.web.FilterChainProxy.doFilterInternal(FilterChainProxy.java:233)
	at org.springframework.security.web.FilterChainProxy.doFilter(FilterChainProxy.java:191)
	at org.springframework.web.filter.CompositeFilter$VirtualFilterChain.doFilter(CompositeFilter.java:113)
	at org.springframework.web.servlet.handler.HandlerMappingIntrospector.lambda$createCacheFilter$3(HandlerMappingIntrospector.java:195)
	at org.springframework.web.filter.CompositeFilter$VirtualFilterChain.doFilter(CompositeFilter.java:113)
	at org.springframework.web.filter.CompositeFilter.doFilter(CompositeFilter.java:74)
	at org.springframework.security.config.annotation.web.configuration.WebMvcSecurityConfiguration$CompositeFilterChainProxy.doFilter(WebMvcSecurityConfiguration.java:225)
	at org.springframework.web.filter.DelegatingFilterProxy.invokeDelegate(DelegatingFilterProxy.java:352)
	at org.springframework.web.filter.DelegatingFilterProxy.doFilter(DelegatingFilterProxy.java:268)
	at org.apache.catalina.core.ApplicationFilterChain.internalDoFilter(ApplicationFilterChain.java:174)
	at org.apache.catalina.core.ApplicationFilterChain.doFilter(ApplicationFilterChain.java:149)
	at org.springframework.web.filter.RequestContextFilter.doFilterInternal(RequestContextFilter.java:100)
	at org.springframework.web.filter.OncePerRequestFilter.doFilter(OncePerRequestFilter.java:116)
	at org.apache.catalina.core.ApplicationFilterChain.internalDoFilter(ApplicationFilterChain.java:174)
	at org.apache.catalina.core.ApplicationFilterChain.doFilter(ApplicationFilterChain.java:149)
	at org.springframework.web.filter.FormContentFilter.doFilterInternal(FormContentFilter.java:93)
	at org.springframework.web.filter.OncePerRequestFilter.doFilter(OncePerRequestFilter.java:116)
	at org.apache.catalina.core.ApplicationFilterChain.internalDoFilter(ApplicationFilterChain.java:174)
	at org.apache.catalina.core.ApplicationFilterChain.doFilter(ApplicationFilterChain.java:149)
	at org.springframework.web.filter.CharacterEncodingFilter.doFilterInternal(CharacterEncodingFilter.java:201)
	at org.springframework.web.filter.OncePerRequestFilter.doFilter(OncePerRequestFilter.java:116)
	at org.apache.catalina.core.ApplicationFilterChain.internalDoFilter(ApplicationFilterChain.java:174)
	at org.apache.catalina.core.ApplicationFilterChain.doFilter(ApplicationFilterChain.java:149)
	at org.apache.catalina.core.StandardWrapperValve.invoke(StandardWrapperValve.java:167)
	at org.apache.catalina.core.StandardContextValve.invoke(StandardContextValve.java:90)
	at org.apache.catalina.authenticator.AuthenticatorBase.invoke(AuthenticatorBase.java:482)
	at org.apache.catalina.core.StandardHostValve.invoke(StandardHostValve.java:115)
	at org.apache.catalina.valves.ErrorReportValve.invoke(ErrorReportValve.java:93)
	at org.apache.catalina.core.StandardEngineValve.invoke(StandardEngineValve.java:74)
	at org.apache.catalina.connector.CoyoteAdapter.service(CoyoteAdapter.java:340)
	at org.apache.coyote.http11.Http11Processor.service(Http11Processor.java:391)
	at org.apache.coyote.AbstractProcessorLight.process(AbstractProcessorLight.java:63)
	at org.apache.coyote.AbstractProtocol$ConnectionHandler.process(AbstractProtocol.java:896)
	at org.apache.tomcat.util.net.NioEndpoint$SocketProcessor.doRun(NioEndpoint.java:1744)
	at org.apache.tomcat.util.net.SocketProcessorBase.run(SocketProcessorBase.java:52)
	at org.apache.tomcat.util.threads.ThreadPoolExecutor.runWorker(ThreadPoolExecutor.java:1191)
	at org.apache.tomcat.util.threads.ThreadPoolExecutor$Worker.run(ThreadPoolExecutor.java:659)
	at org.apache.tomcat.util.threads.TaskThread$WrappingRunnable.run(TaskThread.java:61)
	at java.base/java.lang.Thread.run(Thread.java:1570)
Caused by: org.hibernate.exception.SQLGrammarException: JDBC exception executing SQL [select count(tb1_0.id) from thong_bao tb1_0 where tb1_0.tai_khoan_id=? and not(tb1_0.da_doc)] [Table 'qltv.thong_bao' doesn't exist] [n/a]
	at org.hibernate.exception.internal.SQLExceptionTypeDelegate.convert(SQLExceptionTypeDelegate.java:66)
	at org.hibernate.exception.internal.StandardSQLExceptionConverter.convert(StandardSQLExceptionConverter.java:58)
	at org.hibernate.engine.jdbc.spi.SqlExceptionHelper.convert(SqlExceptionHelper.java:108)
	at org.hibernate.engine.jdbc.spi.SqlExceptionHelper.convert(SqlExceptionHelper.java:94)
	at org.hibernate.sql.results.jdbc.internal.DeferredResultSetAccess.executeQuery(DeferredResultSetAccess.java:265)
	at org.hibernate.sql.results.jdbc.internal.DeferredResultSetAccess.getResultSet(DeferredResultSetAccess.java:167)
	at org.hibernate.sql.results.jdbc.internal.JdbcValuesResultSetImpl.advanceNext(JdbcValuesResultSetImpl.java:218)
	at org.hibernate.sql.results.jdbc.internal.JdbcValuesResultSetImpl.processNext(JdbcValuesResultSetImpl.java:98)
	at org.hibernate.sql.results.jdbc.internal.AbstractJdbcValues.next(AbstractJdbcValues.java:19)
	at org.hibernate.sql.results.internal.RowProcessingStateStandardImpl.next(RowProcessingStateStandardImpl.java:66)
	at org.hibernate.sql.results.spi.ListResultsConsumer.consume(ListResultsConsumer.java:203)
	at org.hibernate.sql.results.spi.ListResultsConsumer.consume(ListResultsConsumer.java:33)
	at org.hibernate.sql.exec.internal.JdbcSelectExecutorStandardImpl.doExecuteQuery(JdbcSelectExecutorStandardImpl.java:209)
	at org.hibernate.sql.exec.internal.JdbcSelectExecutorStandardImpl.executeQuery(JdbcSelectExecutorStandardImpl.java:83)
	at org.hibernate.sql.exec.spi.JdbcSelectExecutor.list(JdbcSelectExecutor.java:76)
	at org.hibernate.sql.exec.spi.JdbcSelectExecutor.list(JdbcSelectExecutor.java:65)
	at org.hibernate.query.sqm.internal.ConcreteSqmSelectQueryPlan.lambda$new$2(ConcreteSqmSelectQueryPlan.java:137)
	at org.hibernate.query.sqm.internal.ConcreteSqmSelectQueryPlan.withCacheableSqmInterpretation(ConcreteSqmSelectQueryPlan.java:359)
	at org.hibernate.query.sqm.internal.ConcreteSqmSelectQueryPlan.performList(ConcreteSqmSelectQueryPlan.java:300)
	at org.hibernate.query.sqm.internal.QuerySqmImpl.doList(QuerySqmImpl.java:509)
	at org.hibernate.query.spi.AbstractSelectionQuery.list(AbstractSelectionQuery.java:427)
	at org.hibernate.query.spi.AbstractSelectionQuery.getSingleResult(AbstractSelectionQuery.java:564)
	at org.springframework.data.jpa.repository.query.JpaQueryExecution$SingleEntityExecution.doExecute(JpaQueryExecution.java:223)
	at org.springframework.data.jpa.repository.query.JpaQueryExecution.execute(JpaQueryExecution.java:92)
	at org.springframework.data.jpa.repository.query.AbstractJpaQuery.doExecute(AbstractJpaQuery.java:149)
	at org.springframework.data.jpa.repository.query.AbstractJpaQuery.execute(AbstractJpaQuery.java:137)
	at org.springframework.data.repository.core.support.RepositoryMethodInvoker.doInvoke(RepositoryMethodInvoker.java:170)
	at org.springframework.data.repository.core.support.RepositoryMethodInvoker.invoke(RepositoryMethodInvoker.java:158)
	at org.springframework.data.repository.core.support.QueryExecutorMethodInterceptor.doInvoke(QueryExecutorMethodInterceptor.java:164)
	at org.springframework.data.repository.core.support.QueryExecutorMethodInterceptor.invoke(QueryExecutorMethodInterceptor.java:143)
	at org.springframework.aop.framework.ReflectiveMethodInvocation.proceed(ReflectiveMethodInvocation.java:184)
	at org.springframework.data.projection.DefaultMethodInvokingMethodInterceptor.invoke(DefaultMethodInvokingMethodInterceptor.java:70)
	at org.springframework.aop.framework.ReflectiveMethodInvocation.proceed(ReflectiveMethodInvocation.java:184)
	at org.springframework.transaction.interceptor.TransactionInterceptor$1.proceedWithInvocation(TransactionInterceptor.java:123)
	at org.springframework.transaction.interceptor.TransactionAspectSupport.invokeWithinTransaction(TransactionAspectSupport.java:385)
	at org.springframework.transaction.interceptor.TransactionInterceptor.invoke(TransactionInterceptor.java:119)
	at org.springframework.aop.framework.ReflectiveMethodInvocation.proceed(ReflectiveMethodInvocation.java:184)
	at org.springframework.dao.support.PersistenceExceptionTranslationInterceptor.invoke(PersistenceExceptionTranslationInterceptor.java:137)
	... 107 common frames omitted
Caused by: java.sql.SQLSyntaxErrorException: Table 'qltv.thong_bao' doesn't exist
	at com.mysql.cj.jdbc.exceptions.SQLError.createSQLException(SQLError.java:121)
	at com.mysql.cj.jdbc.exceptions.SQLExceptionsMapping.translateException(SQLExceptionsMapping.java:122)
	at com.mysql.cj.jdbc.ClientPreparedStatement.executeInternal(ClientPreparedStatement.java:912)
	at com.mysql.cj.jdbc.ClientPreparedStatement.executeQuery(ClientPreparedStatement.java:968)
	at com.zaxxer.hikari.pool.ProxyPreparedStatement.executeQuery(ProxyPreparedStatement.java:52)
	at com.zaxxer.hikari.pool.HikariProxyPreparedStatement.executeQuery(HikariProxyPreparedStatement.java)
	at org.hibernate.sql.results.jdbc.internal.DeferredResultSetAccess.executeQuery(DeferredResultSetAccess.java:246)
	... 140 common frames omitted
2026-04-20 21:48:03 [http-nio-8080-exec-4] WARN  o.s.w.s.m.m.a.ExceptionHandlerExceptionResolver - Resolved [org.springframework.dao.InvalidDataAccessResourceUsageException: JDBC exception executing SQL [select count(tb1_0.id) from thong_bao tb1_0 where tb1_0.tai_khoan_id=? and not(tb1_0.da_doc)] [Table 'qltv.thong_bao' doesn't exist] [n/a]; SQL [n/a]]
2026-04-20 21:48:03 [http-nio-8080-exec-4] DEBUG o.s.web.servlet.DispatcherServlet - Using resolved error view: ModelAndView [view="redirect:http://localhost:8080/login"; model={}]
2026-04-20 21:48:03 [http-nio-8080-exec-4] DEBUG o.s.web.servlet.view.RedirectView - View name 'redirect:', model {}
2026-04-20 21:48:03 [http-nio-8080-exec-4] DEBUG o.s.web.servlet.DispatcherServlet - Completed 302 FOUND
2026-04-20 21:48:03 [http-nio-8080-exec-7] DEBUG o.s.security.web.FilterChainProxy - Securing GET /login
2026-04-20 21:48:03 [http-nio-8080-exec-7] DEBUG o.s.security.web.FilterChainProxy - Secured GET /login
2026-04-20 21:48:03 [http-nio-8080-exec-7] DEBUG o.s.web.servlet.DispatcherServlet - GET "/login", parameters={}
2026-04-20 21:48:03 [http-nio-8080-exec-7] DEBUG o.s.w.s.m.m.a.RequestMappingHandlerMapping - Mapped to com.example.library.controller.AuthController#loginPage(String, String, String, String, Model)
2026-04-20 21:48:03 [http-nio-8080-exec-7] DEBUG o.s.s.w.c.HttpSessionSecurityContextRepository - Retrieved SecurityContextImpl [Authentication=UsernamePasswordAuthenticationToken [Principal=org.springframework.security.core.userdetails.User [Username=Tanphong, Password=[PROTECTED], Enabled=true, AccountNonExpired=true, CredentialsNonExpired=true, AccountNonLocked=true, Granted Authorities=[ROLE_KHACHHANG]], Credentials=[PROTECTED], Authenticated=true, Details=WebAuthenticationDetails [RemoteIpAddress=0:0:0:0:0:0:0:1, SessionId=null], Granted Authorities=[ROLE_KHACHHANG]]]
2026-04-20 21:48:03 [http-nio-8080-exec-7] DEBUG org.hibernate.SQL - 
    select
        tk1_0.matk,
        tk1_0.avatar,
        tk1_0.diachi,
        tk1_0.email,
        tk1_0.hoten,
        tk1_0.ngaytao,
        tk1_0.password,
        tk1_0.quyen,
        tk1_0.reset_token,
        tk1_0.sodienthoai,
        tk1_0.trangthai,
        tk1_0.username 
    from
        taikhoan tk1_0 
    where
        tk1_0.username=?
2026-04-20 21:48:03 [http-nio-8080-exec-7] DEBUG org.hibernate.SQL - 
    select
        count(tb1_0.id) 
    from
        thong_bao tb1_0 
    where
        tb1_0.tai_khoan_id=? 
        and not(tb1_0.da_doc)
2026-04-20 21:48:03 [http-nio-8080-exec-7] WARN  o.h.e.jdbc.spi.SqlExceptionHelper - SQL Error: 1146, SQLState: 42S02
2026-04-20 21:48:03 [http-nio-8080-exec-7] ERROR o.h.e.jdbc.spi.SqlExceptionHelper - Table 'qltv.thong_bao' doesn't exist
2026-04-20 21:48:03 [http-nio-8080-exec-7] DEBUG o.s.w.s.m.m.a.ExceptionHandlerExceptionResolver - Using @ExceptionHandler com.example.library.exception.GlobalExceptionHandler#handleGeneralException(Exception, HttpServletRequest, RedirectAttributes)
2026-04-20 21:48:03 [http-nio-8080-exec-7] ERROR c.e.l.e.GlobalExceptionHandler - Lỗi không lường trước xảy ra tại URL: http://localhost:8080/login. Chi tiết: 
org.springframework.dao.InvalidDataAccessResourceUsageException: JDBC exception executing SQL [select count(tb1_0.id) from thong_bao tb1_0 where tb1_0.tai_khoan_id=? and not(tb1_0.da_doc)] [Table 'qltv.thong_bao' doesn't exist] [n/a]; SQL [n/a]
	at org.springframework.orm.jpa.vendor.HibernateJpaDialect.convertHibernateAccessException(HibernateJpaDialect.java:277)
	at org.springframework.orm.jpa.vendor.HibernateJpaDialect.translateExceptionIfPossible(HibernateJpaDialect.java:241)
	at org.springframework.orm.jpa.AbstractEntityManagerFactoryBean.translateExceptionIfPossible(AbstractEntityManagerFactoryBean.java:550)
	at org.springframework.dao.support.ChainedPersistenceExceptionTranslator.translateExceptionIfPossible(ChainedPersistenceExceptionTranslator.java:61)
	at org.springframework.dao.support.DataAccessUtils.translateIfNecessary(DataAccessUtils.java:335)
	at org.springframework.dao.support.PersistenceExceptionTranslationInterceptor.invoke(PersistenceExceptionTranslationInterceptor.java:152)
	at org.springframework.aop.framework.ReflectiveMethodInvocation.proceed(ReflectiveMethodInvocation.java:184)
	at org.springframework.data.jpa.repository.support.CrudMethodMetadataPostProcessor$CrudMethodMetadataPopulatingMethodInterceptor.invoke(CrudMethodMetadataPostProcessor.java:135)
	at org.springframework.aop.framework.ReflectiveMethodInvocation.proceed(ReflectiveMethodInvocation.java:184)
	at org.springframework.aop.interceptor.ExposeInvocationInterceptor.invoke(ExposeInvocationInterceptor.java:97)
	at org.springframework.aop.framework.ReflectiveMethodInvocation.proceed(ReflectiveMethodInvocation.java:184)
	at org.springframework.aop.framework.JdkDynamicAopProxy.invoke(JdkDynamicAopProxy.java:220)
	at jdk.proxy4/jdk.proxy4.$Proxy138.countByTaiKhoanIdAndDaDocFalse(Unknown Source)
	at com.example.library.service.NotificationService.getUnreadCount(NotificationService.java:70)
	at com.example.library.controller.GlobalControllerAdvice.lambda$getUnreadCount$0(GlobalControllerAdvice.java:27)
	at java.base/java.util.Optional.map(Optional.java:260)
	at com.example.library.controller.GlobalControllerAdvice.getUnreadCount(GlobalControllerAdvice.java:27)
	at java.base/jdk.internal.reflect.DirectMethodHandleAccessor.invoke(DirectMethodHandleAccessor.java:103)
	at java.base/java.lang.reflect.Method.invoke(Method.java:580)
	at org.springframework.web.method.support.InvocableHandlerMethod.doInvoke(InvocableHandlerMethod.java:261)
	at org.springframework.web.method.support.InvocableHandlerMethod.invokeForRequest(InvocableHandlerMethod.java:189)
	at org.springframework.web.method.annotation.ModelFactory.invokeModelAttributeMethods(ModelFactory.java:143)
	at org.springframework.web.method.annotation.ModelFactory.initModel(ModelFactory.java:112)
	at org.springframework.web.servlet.mvc.method.annotation.RequestMappingHandlerAdapter.invokeHandlerMethod(RequestMappingHandlerAdapter.java:894)
	at org.springframework.web.servlet.mvc.method.annotation.RequestMappingHandlerAdapter.handleInternal(RequestMappingHandlerAdapter.java:829)
	at org.springframework.web.servlet.mvc.method.AbstractHandlerMethodAdapter.handle(AbstractHandlerMethodAdapter.java:87)
	at org.springframework.web.servlet.DispatcherServlet.doDispatch(DispatcherServlet.java:1089)
	at org.springframework.web.servlet.DispatcherServlet.doService(DispatcherServlet.java:979)
	at org.springframework.web.servlet.FrameworkServlet.processRequest(FrameworkServlet.java:1014)
	at org.springframework.web.servlet.FrameworkServlet.doGet(FrameworkServlet.java:903)
	at jakarta.servlet.http.HttpServlet.service(HttpServlet.java:564)
	at org.springframework.web.servlet.FrameworkServlet.service(FrameworkServlet.java:885)
	at jakarta.servlet.http.HttpServlet.service(HttpServlet.java:658)
	at org.apache.catalina.core.ApplicationFilterChain.internalDoFilter(ApplicationFilterChain.java:205)
	at org.apache.catalina.core.ApplicationFilterChain.doFilter(ApplicationFilterChain.java:149)
	at org.apache.tomcat.websocket.server.WsFilter.doFilter(WsFilter.java:51)
	at org.apache.catalina.core.ApplicationFilterChain.internalDoFilter(ApplicationFilterChain.java:174)
	at org.apache.catalina.core.ApplicationFilterChain.doFilter(ApplicationFilterChain.java:149)
	at org.springframework.web.filter.CompositeFilter$VirtualFilterChain.doFilter(CompositeFilter.java:108)
	at org.springframework.security.web.FilterChainProxy.lambda$doFilterInternal$3(FilterChainProxy.java:231)
	at org.springframework.security.web.FilterChainProxy$VirtualFilterChain.doFilter(FilterChainProxy.java:365)
	at org.springframework.security.web.access.intercept.AuthorizationFilter.doFilter(AuthorizationFilter.java:100)
	at org.springframework.security.web.FilterChainProxy$VirtualFilterChain.doFilter(FilterChainProxy.java:374)
	at org.springframework.security.web.access.ExceptionTranslationFilter.doFilter(ExceptionTranslationFilter.java:126)
	at org.springframework.security.web.access.ExceptionTranslationFilter.doFilter(ExceptionTranslationFilter.java:120)
	at org.springframework.security.web.FilterChainProxy$VirtualFilterChain.doFilter(FilterChainProxy.java:374)
	at org.springframework.security.web.authentication.AnonymousAuthenticationFilter.doFilter(AnonymousAuthenticationFilter.java:100)
	at org.springframework.security.web.FilterChainProxy$VirtualFilterChain.doFilter(FilterChainProxy.java:374)
	at org.springframework.security.web.servletapi.SecurityContextHolderAwareRequestFilter.doFilter(SecurityContextHolderAwareRequestFilter.java:179)
	at org.springframework.security.web.FilterChainProxy$VirtualFilterChain.doFilter(FilterChainProxy.java:374)
	at org.springframework.security.web.savedrequest.RequestCacheAwareFilter.doFilter(RequestCacheAwareFilter.java:63)
	at org.springframework.security.web.FilterChainProxy$VirtualFilterChain.doFilter(FilterChainProxy.java:374)
	at org.springframework.security.web.authentication.AbstractAuthenticationProcessingFilter.doFilter(AbstractAuthenticationProcessingFilter.java:227)
	at org.springframework.security.web.authentication.AbstractAuthenticationProcessingFilter.doFilter(AbstractAuthenticationProcessingFilter.java:221)
	at org.springframework.security.web.FilterChainProxy$VirtualFilterChain.doFilter(FilterChainProxy.java:374)
	at org.springframework.security.web.authentication.logout.LogoutFilter.doFilter(LogoutFilter.java:107)
	at org.springframework.security.web.authentication.logout.LogoutFilter.doFilter(LogoutFilter.java:93)
	at org.springframework.security.web.FilterChainProxy$VirtualFilterChain.doFilter(FilterChainProxy.java:374)
	at org.springframework.web.filter.CorsFilter.doFilterInternal(CorsFilter.java:91)
	at org.springframework.web.filter.OncePerRequestFilter.doFilter(OncePerRequestFilter.java:116)
	at org.springframework.security.web.FilterChainProxy$VirtualFilterChain.doFilter(FilterChainProxy.java:374)
	at org.springframework.security.web.header.HeaderWriterFilter.doHeadersAfter(HeaderWriterFilter.java:90)
	at org.springframework.security.web.header.HeaderWriterFilter.doFilterInternal(HeaderWriterFilter.java:75)
	at org.springframework.web.filter.OncePerRequestFilter.doFilter(OncePerRequestFilter.java:116)
	at org.springframework.security.web.FilterChainProxy$VirtualFilterChain.doFilter(FilterChainProxy.java:374)
	at org.springframework.security.web.context.SecurityContextHolderFilter.doFilter(SecurityContextHolderFilter.java:82)
	at org.springframework.security.web.context.SecurityContextHolderFilter.doFilter(SecurityContextHolderFilter.java:69)
	at org.springframework.security.web.FilterChainProxy$VirtualFilterChain.doFilter(FilterChainProxy.java:374)
	at org.springframework.security.web.context.request.async.WebAsyncManagerIntegrationFilter.doFilterInternal(WebAsyncManagerIntegrationFilter.java:62)
	at org.springframework.web.filter.OncePerRequestFilter.doFilter(OncePerRequestFilter.java:116)
	at org.springframework.security.web.FilterChainProxy$VirtualFilterChain.doFilter(FilterChainProxy.java:374)
	at org.springframework.security.web.session.DisableEncodeUrlFilter.doFilterInternal(DisableEncodeUrlFilter.java:42)
	at org.springframework.web.filter.OncePerRequestFilter.doFilter(OncePerRequestFilter.java:116)
	at org.springframework.security.web.FilterChainProxy$VirtualFilterChain.doFilter(FilterChainProxy.java:374)
	at org.springframework.security.web.FilterChainProxy.doFilterInternal(FilterChainProxy.java:233)
	at org.springframework.security.web.FilterChainProxy.doFilter(FilterChainProxy.java:191)
	at org.springframework.web.filter.CompositeFilter$VirtualFilterChain.doFilter(CompositeFilter.java:113)
	at org.springframework.web.servlet.handler.HandlerMappingIntrospector.lambda$createCacheFilter$3(HandlerMappingIntrospector.java:195)
	at org.springframework.web.filter.CompositeFilter$VirtualFilterChain.doFilter(CompositeFilter.java:113)
	at org.springframework.web.filter.CompositeFilter.doFilter(CompositeFilter.java:74)
	at org.springframework.security.config.annotation.web.configuration.WebMvcSecurityConfiguration$CompositeFilterChainProxy.doFilter(WebMvcSecurityConfiguration.java:225)
	at org.springframework.web.filter.DelegatingFilterProxy.invokeDelegate(DelegatingFilterProxy.java:352)
	at org.springframework.web.filter.DelegatingFilterProxy.doFilter(DelegatingFilterProxy.java:268)
	at org.apache.catalina.core.ApplicationFilterChain.internalDoFilter(ApplicationFilterChain.java:174)
	at org.apache.catalina.core.ApplicationFilterChain.doFilter(ApplicationFilterChain.java:149)
	at org.springframework.web.filter.RequestContextFilter.doFilterInternal(RequestContextFilter.java:100)
	at org.springframework.web.filter.OncePerRequestFilter.doFilter(OncePerRequestFilter.java:116)
	at org.apache.catalina.core.ApplicationFilterChain.internalDoFilter(ApplicationFilterChain.java:174)
	at org.apache.catalina.core.ApplicationFilterChain.doFilter(ApplicationFilterChain.java:149)
	at org.springframework.web.filter.FormContentFilter.doFilterInternal(FormContentFilter.java:93)
	at org.springframework.web.filter.OncePerRequestFilter.doFilter(OncePerRequestFilter.java:116)
	at org.apache.catalina.core.ApplicationFilterChain.internalDoFilter(ApplicationFilterChain.java:174)
	at org.apache.catalina.core.ApplicationFilterChain.doFilter(ApplicationFilterChain.java:149)
	at org.springframework.web.filter.CharacterEncodingFilter.doFilterInternal(CharacterEncodingFilter.java:201)
	at org.springframework.web.filter.OncePerRequestFilter.doFilter(OncePerRequestFilter.java:116)
	at org.apache.catalina.core.ApplicationFilterChain.internalDoFilter(ApplicationFilterChain.java:174)
	at org.apache.catalina.core.ApplicationFilterChain.doFilter(ApplicationFilterChain.java:149)
	at org.apache.catalina.core.StandardWrapperValve.invoke(StandardWrapperValve.java:167)
	at org.apache.catalina.core.StandardContextValve.invoke(StandardContextValve.java:90)
	at org.apache.catalina.authenticator.AuthenticatorBase.invoke(AuthenticatorBase.java:482)
	at org.apache.catalina.core.StandardHostValve.invoke(StandardHostValve.java:115)
	at org.apache.catalina.valves.ErrorReportValve.invoke(ErrorReportValve.java:93)
	at org.apache.catalina.core.StandardEngineValve.invoke(StandardEngineValve.java:74)
	at org.apache.catalina.connector.CoyoteAdapter.service(CoyoteAdapter.java:340)
	at org.apache.coyote.http11.Http11Processor.service(Http11Processor.java:391)
	at org.apache.coyote.AbstractProcessorLight.process(AbstractProcessorLight.java:63)
	at org.apache.coyote.AbstractProtocol$ConnectionHandler.process(AbstractProtocol.java:896)
	at org.apache.tomcat.util.net.NioEndpoint$SocketProcessor.doRun(NioEndpoint.java:1744)
	at org.apache.tomcat.util.net.SocketProcessorBase.run(SocketProcessorBase.java:52)
	at org.apache.tomcat.util.threads.ThreadPoolExecutor.runWorker(ThreadPoolExecutor.java:1191)
	at org.apache.tomcat.util.threads.ThreadPoolExecutor$Worker.run(ThreadPoolExecutor.java:659)
	at org.apache.tomcat.util.threads.TaskThread$WrappingRunnable.run(TaskThread.java:61)
	at java.base/java.lang.Thread.run(Thread.java:1570)
Caused by: org.hibernate.exception.SQLGrammarException: JDBC exception executing SQL [select count(tb1_0.id) from thong_bao tb1_0 where tb1_0.tai_khoan_id=? and not(tb1_0.da_doc)] [Table 'qltv.thong_bao' doesn't exist] [n/a]
	at org.hibernate.exception.internal.SQLExceptionTypeDelegate.convert(SQLExceptionTypeDelegate.java:66)
	at org.hibernate.exception.internal.StandardSQLExceptionConverter.convert(StandardSQLExceptionConverter.java:58)
	at org.hibernate.engine.jdbc.spi.SqlExceptionHelper.convert(SqlExceptionHelper.java:108)
	at org.hibernate.engine.jdbc.spi.SqlExceptionHelper.convert(SqlExceptionHelper.java:94)
	at org.hibernate.sql.results.jdbc.internal.DeferredResultSetAccess.executeQuery(DeferredResultSetAccess.java:265)
	at org.hibernate.sql.results.jdbc.internal.DeferredResultSetAccess.getResultSet(DeferredResultSetAccess.java:167)
	at org.hibernate.sql.results.jdbc.internal.JdbcValuesResultSetImpl.advanceNext(JdbcValuesResultSetImpl.java:218)
	at org.hibernate.sql.results.jdbc.internal.JdbcValuesResultSetImpl.processNext(JdbcValuesResultSetImpl.java:98)
	at org.hibernate.sql.results.jdbc.internal.AbstractJdbcValues.next(AbstractJdbcValues.java:19)
	at org.hibernate.sql.results.internal.RowProcessingStateStandardImpl.next(RowProcessingStateStandardImpl.java:66)
	at org.hibernate.sql.results.spi.ListResultsConsumer.consume(ListResultsConsumer.java:203)
	at org.hibernate.sql.results.spi.ListResultsConsumer.consume(ListResultsConsumer.java:33)
	at org.hibernate.sql.exec.internal.JdbcSelectExecutorStandardImpl.doExecuteQuery(JdbcSelectExecutorStandardImpl.java:209)
	at org.hibernate.sql.exec.internal.JdbcSelectExecutorStandardImpl.executeQuery(JdbcSelectExecutorStandardImpl.java:83)
	at org.hibernate.sql.exec.spi.JdbcSelectExecutor.list(JdbcSelectExecutor.java:76)
	at org.hibernate.sql.exec.spi.JdbcSelectExecutor.list(JdbcSelectExecutor.java:65)
	at org.hibernate.query.sqm.internal.ConcreteSqmSelectQueryPlan.lambda$new$2(ConcreteSqmSelectQueryPlan.java:137)
	at org.hibernate.query.sqm.internal.ConcreteSqmSelectQueryPlan.withCacheableSqmInterpretation(ConcreteSqmSelectQueryPlan.java:359)
	at org.hibernate.query.sqm.internal.ConcreteSqmSelectQueryPlan.performList(ConcreteSqmSelectQueryPlan.java:300)
	at org.hibernate.query.sqm.internal.QuerySqmImpl.doList(QuerySqmImpl.java:509)
	at org.hibernate.query.spi.AbstractSelectionQuery.list(AbstractSelectionQuery.java:427)
	at org.hibernate.query.spi.AbstractSelectionQuery.getSingleResult(AbstractSelectionQuery.java:564)
	at org.springframework.data.jpa.repository.query.JpaQueryExecution$SingleEntityExecution.doExecute(JpaQueryExecution.java:223)
	at org.springframework.data.jpa.repository.query.JpaQueryExecution.execute(JpaQueryExecution.java:92)
	at org.springframework.data.jpa.repository.query.AbstractJpaQuery.doExecute(AbstractJpaQuery.java:149)
	at org.springframework.data.jpa.repository.query.AbstractJpaQuery.execute(AbstractJpaQuery.java:137)
	at org.springframework.data.repository.core.support.RepositoryMethodInvoker.doInvoke(RepositoryMethodInvoker.java:170)
	at org.springframework.data.repository.core.support.RepositoryMethodInvoker.invoke(RepositoryMethodInvoker.java:158)
	at org.springframework.data.repository.core.support.QueryExecutorMethodInterceptor.doInvoke(QueryExecutorMethodInterceptor.java:164)
	at org.springframework.data.repository.core.support.QueryExecutorMethodInterceptor.invoke(QueryExecutorMethodInterceptor.java:143)
	at org.springframework.aop.framework.ReflectiveMethodInvocation.proceed(ReflectiveMethodInvocation.java:184)
	at org.springframework.data.projection.DefaultMethodInvokingMethodInterceptor.invoke(DefaultMethodInvokingMethodInterceptor.java:70)
	at org.springframework.aop.framework.ReflectiveMethodInvocation.proceed(ReflectiveMethodInvocation.java:184)
	at org.springframework.transaction.interceptor.TransactionInterceptor$1.proceedWithInvocation(TransactionInterceptor.java:123)
	at org.springframework.transaction.interceptor.TransactionAspectSupport.invokeWithinTransaction(TransactionAspectSupport.java:385)
	at org.springframework.transaction.interceptor.TransactionInterceptor.invoke(TransactionInterceptor.java:119)
	at org.springframework.aop.framework.ReflectiveMethodInvocation.proceed(ReflectiveMethodInvocation.java:184)
	at org.springframework.dao.support.PersistenceExceptionTranslationInterceptor.invoke(PersistenceExceptionTranslationInterceptor.java:137)
	... 107 common frames omitted
Caused by: java.sql.SQLSyntaxErrorException: Table 'qltv.thong_bao' doesn't exist
	at com.mysql.cj.jdbc.exceptions.SQLError.createSQLException(SQLError.java:121)
	at com.mysql.cj.jdbc.exceptions.SQLExceptionsMapping.translateException(SQLExceptionsMapping.java:122)
	at com.mysql.cj.jdbc.ClientPreparedStatement.executeInternal(ClientPreparedStatement.java:912)
	at com.mysql.cj.jdbc.ClientPreparedStatement.executeQuery(ClientPreparedStatement.java:968)
	at com.zaxxer.hikari.pool.ProxyPreparedStatement.executeQuery(ProxyPreparedStatement.java:52)
	at com.zaxxer.hikari.pool.HikariProxyPreparedStatement.executeQuery(HikariProxyPreparedStatement.java)
	at org.hibernate.sql.results.jdbc.internal.DeferredResultSetAccess.executeQuery(DeferredResultSetAccess.java:246)
	... 140 common frames omitted
2026-04-20 21:48:03 [http-nio-8080-exec-7] WARN  o.s.w.s.m.m.a.ExceptionHandlerExceptionResolver - Resolved [org.springframework.dao.InvalidDataAccessResourceUsageException: JDBC exception executing SQL [select count(tb1_0.id) from thong_bao tb1_0 where tb1_0.tai_khoan_id=? and not(tb1_0.da_doc)] [Table 'qltv.thong_bao' doesn't exist] [n/a]; SQL [n/a]]
2026-04-20 21:48:03 [http-nio-8080-exec-7] DEBUG o.s.web.servlet.DispatcherServlet - Using resolved error view: ModelAndView [view="redirect:http://localhost:8080/login"; model={}]
2026-04-20 21:48:03 [http-nio-8080-exec-7] DEBUG o.s.web.servlet.view.RedirectView - View name 'redirect:', model {}
2026-04-20 21:48:03 [http-nio-8080-exec-7] DEBUG o.s.web.servlet.DispatcherServlet - Completed 302 FOUND
2026-04-20 21:48:03 [http-nio-8080-exec-5] DEBUG o.s.security.web.FilterChainProxy - Securing GET /login
2026-04-20 21:48:03 [http-nio-8080-exec-5] DEBUG o.s.security.web.FilterChainProxy - Secured GET /login
2026-04-20 21:48:03 [http-nio-8080-exec-5] DEBUG o.s.web.servlet.DispatcherServlet - GET "/login", parameters={}
2026-04-20 21:48:03 [http-nio-8080-exec-5] DEBUG o.s.w.s.m.m.a.RequestMappingHandlerMapping - Mapped to com.example.library.controller.AuthController#loginPage(String, String, String, String, Model)
2026-04-20 21:48:03 [http-nio-8080-exec-5] DEBUG o.s.s.w.c.HttpSessionSecurityContextRepository - Retrieved SecurityContextImpl [Authentication=UsernamePasswordAuthenticationToken [Principal=org.springframework.security.core.userdetails.User [Username=Tanphong, Password=[PROTECTED], Enabled=true, AccountNonExpired=true, CredentialsNonExpired=true, AccountNonLocked=true, Granted Authorities=[ROLE_KHACHHANG]], Credentials=[PROTECTED], Authenticated=true, Details=WebAuthenticationDetails [RemoteIpAddress=0:0:0:0:0:0:0:1, SessionId=null], Granted Authorities=[ROLE_KHACHHANG]]]
2026-04-20 21:48:03 [http-nio-8080-exec-5] DEBUG org.hibernate.SQL - 
    select
        tk1_0.matk,
        tk1_0.avatar,
        tk1_0.diachi,
        tk1_0.email,
        tk1_0.hoten,
        tk1_0.ngaytao,
        tk1_0.password,
        tk1_0.quyen,
        tk1_0.reset_token,
        tk1_0.sodienthoai,
        tk1_0.trangthai,
        tk1_0.username 
    from
        taikhoan tk1_0 
    where
        tk1_0.username=?
2026-04-20 21:48:03 [http-nio-8080-exec-5] DEBUG org.hibernate.SQL - 
    select
        count(tb1_0.id) 
    from
        thong_bao tb1_0 
    where
        tb1_0.tai_khoan_id=? 
        and not(tb1_0.da_doc)
2026-04-20 21:48:03 [http-nio-8080-exec-5] WARN  o.h.e.jdbc.spi.SqlExceptionHelper - SQL Error: 1146, SQLState: 42S02
2026-04-20 21:48:03 [http-nio-8080-exec-5] ERROR o.h.e.jdbc.spi.SqlExceptionHelper - Table 'qltv.thong_bao' doesn't exist
2026-04-20 21:48:03 [http-nio-8080-exec-5] DEBUG o.s.w.s.m.m.a.ExceptionHandlerExceptionResolver - Using @ExceptionHandler com.example.library.exception.GlobalExceptionHandler#handleGeneralException(Exception, HttpServletRequest, RedirectAttributes)
2026-04-20 21:48:03 [http-nio-8080-exec-5] ERROR c.e.l.e.GlobalExceptionHandler - Lỗi không lường trước xảy ra tại URL: http://localhost:8080/login. Chi tiết: 
org.springframework.dao.InvalidDataAccessResourceUsageException: JDBC exception executing SQL [select count(tb1_0.id) from thong_bao tb1_0 where tb1_0.tai_khoan_id=? and not(tb1_0.da_doc)] [Table 'qltv.thong_bao' doesn't exist] [n/a]; SQL [n/a]
	at org.springframework.orm.jpa.vendor.HibernateJpaDialect.convertHibernateAccessException(HibernateJpaDialect.java:277)
	at org.springframework.orm.jpa.vendor.HibernateJpaDialect.translateExceptionIfPossible(HibernateJpaDialect.java:241)
	at org.springframework.orm.jpa.AbstractEntityManagerFactoryBean.translateExceptionIfPossible(AbstractEntityManagerFactoryBean.java:550)
	at org.springframework.dao.support.ChainedPersistenceExceptionTranslator.translateExceptionIfPossible(ChainedPersistenceExceptionTranslator.java:61)
	at org.springframework.dao.support.DataAccessUtils.translateIfNecessary(DataAccessUtils.java:335)
	at org.springframework.dao.support.PersistenceExceptionTranslationInterceptor.invoke(PersistenceExceptionTranslationInterceptor.java:152)
	at org.springframework.aop.framework.ReflectiveMethodInvocation.proceed(ReflectiveMethodInvocation.java:184)
	at org.springframework.data.jpa.repository.support.CrudMethodMetadataPostProcessor$CrudMethodMetadataPopulatingMethodInterceptor.invoke(CrudMethodMetadataPostProcessor.java:135)
	at org.springframework.aop.framework.ReflectiveMethodInvocation.proceed(ReflectiveMethodInvocation.java:184)
	at org.springframework.aop.interceptor.ExposeInvocationInterceptor.invoke(ExposeInvocationInterceptor.java:97)
	at org.springframework.aop.framework.ReflectiveMethodInvocation.proceed(ReflectiveMethodInvocation.java:184)
	at org.springframework.aop.framework.JdkDynamicAopProxy.invoke(JdkDynamicAopProxy.java:220)
	at jdk.proxy4/jdk.proxy4.$Proxy138.countByTaiKhoanIdAndDaDocFalse(Unknown Source)
	at com.example.library.service.NotificationService.getUnreadCount(NotificationService.java:70)
	at com.example.library.controller.GlobalControllerAdvice.lambda$getUnreadCount$0(GlobalControllerAdvice.java:27)
	at java.base/java.util.Optional.map(Optional.java:260)
	at com.example.library.controller.GlobalControllerAdvice.getUnreadCount(GlobalControllerAdvice.java:27)
	at java.base/jdk.internal.reflect.DirectMethodHandleAccessor.invoke(DirectMethodHandleAccessor.java:103)
	at java.base/java.lang.reflect.Method.invoke(Method.java:580)
	at org.springframework.web.method.support.InvocableHandlerMethod.doInvoke(InvocableHandlerMethod.java:261)
	at org.springframework.web.method.support.InvocableHandlerMethod.invokeForRequest(InvocableHandlerMethod.java:189)
	at org.springframework.web.method.annotation.ModelFactory.invokeModelAttributeMethods(ModelFactory.java:143)
	at org.springframework.web.method.annotation.ModelFactory.initModel(ModelFactory.java:112)
	at org.springframework.web.servlet.mvc.method.annotation.RequestMappingHandlerAdapter.invokeHandlerMethod(RequestMappingHandlerAdapter.java:894)
	at org.springframework.web.servlet.mvc.method.annotation.RequestMappingHandlerAdapter.handleInternal(RequestMappingHandlerAdapter.java:829)
	at org.springframework.web.servlet.mvc.method.AbstractHandlerMethodAdapter.handle(AbstractHandlerMethodAdapter.java:87)
	at org.springframework.web.servlet.DispatcherServlet.doDispatch(DispatcherServlet.java:1089)
	at org.springframework.web.servlet.DispatcherServlet.doService(DispatcherServlet.java:979)
	at org.springframework.web.servlet.FrameworkServlet.processRequest(FrameworkServlet.java:1014)
	at org.springframework.web.servlet.FrameworkServlet.doGet(FrameworkServlet.java:903)
	at jakarta.servlet.http.HttpServlet.service(HttpServlet.java:564)
	at org.springframework.web.servlet.FrameworkServlet.service(FrameworkServlet.java:885)
	at jakarta.servlet.http.HttpServlet.service(HttpServlet.java:658)
	at org.apache.catalina.core.ApplicationFilterChain.internalDoFilter(ApplicationFilterChain.java:205)
	at org.apache.catalina.core.ApplicationFilterChain.doFilter(ApplicationFilterChain.java:149)
	at org.apache.tomcat.websocket.server.WsFilter.doFilter(WsFilter.java:51)
	at org.apache.catalina.core.ApplicationFilterChain.internalDoFilter(ApplicationFilterChain.java:174)
	at org.apache.catalina.core.ApplicationFilterChain.doFilter(ApplicationFilterChain.java:149)
	at org.springframework.web.filter.CompositeFilter$VirtualFilterChain.doFilter(CompositeFilter.java:108)
	at org.springframework.security.web.FilterChainProxy.lambda$doFilterInternal$3(FilterChainProxy.java:231)
	at org.springframework.security.web.FilterChainProxy$VirtualFilterChain.doFilter(FilterChainProxy.java:365)
	at org.springframework.security.web.access.intercept.AuthorizationFilter.doFilter(AuthorizationFilter.java:100)
	at org.springframework.security.web.FilterChainProxy$VirtualFilterChain.doFilter(FilterChainProxy.java:374)
	at org.springframework.security.web.access.ExceptionTranslationFilter.doFilter(ExceptionTranslationFilter.java:126)
	at org.springframework.security.web.access.ExceptionTranslationFilter.doFilter(ExceptionTranslationFilter.java:120)
	at org.springframework.security.web.FilterChainProxy$VirtualFilterChain.doFilter(FilterChainProxy.java:374)
	at org.springframework.security.web.authentication.AnonymousAuthenticationFilter.doFilter(AnonymousAuthenticationFilter.java:100)
	at org.springframework.security.web.FilterChainProxy$VirtualFilterChain.doFilter(FilterChainProxy.java:374)
	at org.springframework.security.web.servletapi.SecurityContextHolderAwareRequestFilter.doFilter(SecurityContextHolderAwareRequestFilter.java:179)
	at org.springframework.security.web.FilterChainProxy$VirtualFilterChain.doFilter(FilterChainProxy.java:374)
	at org.springframework.security.web.savedrequest.RequestCacheAwareFilter.doFilter(RequestCacheAwareFilter.java:63)
	at org.springframework.security.web.FilterChainProxy$VirtualFilterChain.doFilter(FilterChainProxy.java:374)
	at org.springframework.security.web.authentication.AbstractAuthenticationProcessingFilter.doFilter(AbstractAuthenticationProcessingFilter.java:227)
	at org.springframework.security.web.authentication.AbstractAuthenticationProcessingFilter.doFilter(AbstractAuthenticationProcessingFilter.java:221)
	at org.springframework.security.web.FilterChainProxy$VirtualFilterChain.doFilter(FilterChainProxy.java:374)
	at org.springframework.security.web.authentication.logout.LogoutFilter.doFilter(LogoutFilter.java:107)
	at org.springframework.security.web.authentication.logout.LogoutFilter.doFilter(LogoutFilter.java:93)
	at org.springframework.security.web.FilterChainProxy$VirtualFilterChain.doFilter(FilterChainProxy.java:374)
	at org.springframework.web.filter.CorsFilter.doFilterInternal(CorsFilter.java:91)
	at org.springframework.web.filter.OncePerRequestFilter.doFilter(OncePerRequestFilter.java:116)
	at org.springframework.security.web.FilterChainProxy$VirtualFilterChain.doFilter(FilterChainProxy.java:374)
	at org.springframework.security.web.header.HeaderWriterFilter.doHeadersAfter(HeaderWriterFilter.java:90)
	at org.springframework.security.web.header.HeaderWriterFilter.doFilterInternal(HeaderWriterFilter.java:75)
	at org.springframework.web.filter.OncePerRequestFilter.doFilter(OncePerRequestFilter.java:116)
	at org.springframework.security.web.FilterChainProxy$VirtualFilterChain.doFilter(FilterChainProxy.java:374)
	at org.springframework.security.web.context.SecurityContextHolderFilter.doFilter(SecurityContextHolderFilter.java:82)
	at org.springframework.security.web.context.SecurityContextHolderFilter.doFilter(SecurityContextHolderFilter.java:69)
	at org.springframework.security.web.FilterChainProxy$VirtualFilterChain.doFilter(FilterChainProxy.java:374)
	at org.springframework.security.web.context.request.async.WebAsyncManagerIntegrationFilter.doFilterInternal(WebAsyncManagerIntegrationFilter.java:62)
	at org.springframework.web.filter.OncePerRequestFilter.doFilter(OncePerRequestFilter.java:116)
	at org.springframework.security.web.FilterChainProxy$VirtualFilterChain.doFilter(FilterChainProxy.java:374)
	at org.springframework.security.web.session.DisableEncodeUrlFilter.doFilterInternal(DisableEncodeUrlFilter.java:42)
	at org.springframework.web.filter.OncePerRequestFilter.doFilter(OncePerRequestFilter.java:116)
	at org.springframework.security.web.FilterChainProxy$VirtualFilterChain.doFilter(FilterChainProxy.java:374)
	at org.springframework.security.web.FilterChainProxy.doFilterInternal(FilterChainProxy.java:233)
	at org.springframework.security.web.FilterChainProxy.doFilter(FilterChainProxy.java:191)
	at org.springframework.web.filter.CompositeFilter$VirtualFilterChain.doFilter(CompositeFilter.java:113)
	at org.springframework.web.servlet.handler.HandlerMappingIntrospector.lambda$createCacheFilter$3(HandlerMappingIntrospector.java:195)
	at org.springframework.web.filter.CompositeFilter$VirtualFilterChain.doFilter(CompositeFilter.java:113)
	at org.springframework.web.filter.CompositeFilter.doFilter(CompositeFilter.java:74)
	at org.springframework.security.config.annotation.web.configuration.WebMvcSecurityConfiguration$CompositeFilterChainProxy.doFilter(WebMvcSecurityConfiguration.java:225)
	at org.springframework.web.filter.DelegatingFilterProxy.invokeDelegate(DelegatingFilterProxy.java:352)
	at org.springframework.web.filter.DelegatingFilterProxy.doFilter(DelegatingFilterProxy.java:268)
	at org.apache.catalina.core.ApplicationFilterChain.internalDoFilter(ApplicationFilterChain.java:174)
	at org.apache.catalina.core.ApplicationFilterChain.doFilter(ApplicationFilterChain.java:149)
	at org.springframework.web.filter.RequestContextFilter.doFilterInternal(RequestContextFilter.java:100)
	at org.springframework.web.filter.OncePerRequestFilter.doFilter(OncePerRequestFilter.java:116)
	at org.apache.catalina.core.ApplicationFilterChain.internalDoFilter(ApplicationFilterChain.java:174)
	at org.apache.catalina.core.ApplicationFilterChain.doFilter(ApplicationFilterChain.java:149)
	at org.springframework.web.filter.FormContentFilter.doFilterInternal(FormContentFilter.java:93)
	at org.springframework.web.filter.OncePerRequestFilter.doFilter(OncePerRequestFilter.java:116)
	at org.apache.catalina.core.ApplicationFilterChain.internalDoFilter(ApplicationFilterChain.java:174)
	at org.apache.catalina.core.ApplicationFilterChain.doFilter(ApplicationFilterChain.java:149)
	at org.springframework.web.filter.CharacterEncodingFilter.doFilterInternal(CharacterEncodingFilter.java:201)
	at org.springframework.web.filter.OncePerRequestFilter.doFilter(OncePerRequestFilter.java:116)
	at org.apache.catalina.core.ApplicationFilterChain.internalDoFilter(ApplicationFilterChain.java:174)
	at org.apache.catalina.core.ApplicationFilterChain.doFilter(ApplicationFilterChain.java:149)
	at org.apache.catalina.core.StandardWrapperValve.invoke(StandardWrapperValve.java:167)
	at org.apache.catalina.core.StandardContextValve.invoke(StandardContextValve.java:90)
	at org.apache.catalina.authenticator.AuthenticatorBase.invoke(AuthenticatorBase.java:482)
	at org.apache.catalina.core.StandardHostValve.invoke(StandardHostValve.java:115)
	at org.apache.catalina.valves.ErrorReportValve.invoke(ErrorReportValve.java:93)
	at org.apache.catalina.core.StandardEngineValve.invoke(StandardEngineValve.java:74)
	at org.apache.catalina.connector.CoyoteAdapter.service(CoyoteAdapter.java:340)
	at org.apache.coyote.http11.Http11Processor.service(Http11Processor.java:391)
	at org.apache.coyote.AbstractProcessorLight.process(AbstractProcessorLight.java:63)
	at org.apache.coyote.AbstractProtocol$ConnectionHandler.process(AbstractProtocol.java:896)
	at org.apache.tomcat.util.net.NioEndpoint$SocketProcessor.doRun(NioEndpoint.java:1744)
	at org.apache.tomcat.util.net.SocketProcessorBase.run(SocketProcessorBase.java:52)
	at org.apache.tomcat.util.threads.ThreadPoolExecutor.runWorker(ThreadPoolExecutor.java:1191)
	at org.apache.tomcat.util.threads.ThreadPoolExecutor$Worker.run(ThreadPoolExecutor.java:659)
	at org.apache.tomcat.util.threads.TaskThread$WrappingRunnable.run(TaskThread.java:61)
	at java.base/java.lang.Thread.run(Thread.java:1570)
Caused by: org.hibernate.exception.SQLGrammarException: JDBC exception executing SQL [select count(tb1_0.id) from thong_bao tb1_0 where tb1_0.tai_khoan_id=? and not(tb1_0.da_doc)] [Table 'qltv.thong_bao' doesn't exist] [n/a]
	at org.hibernate.exception.internal.SQLExceptionTypeDelegate.convert(SQLExceptionTypeDelegate.java:66)
	at org.hibernate.exception.internal.StandardSQLExceptionConverter.convert(StandardSQLExceptionConverter.java:58)
	at org.hibernate.engine.jdbc.spi.SqlExceptionHelper.convert(SqlExceptionHelper.java:108)
	at org.hibernate.engine.jdbc.spi.SqlExceptionHelper.convert(SqlExceptionHelper.java:94)
	at org.hibernate.sql.results.jdbc.internal.DeferredResultSetAccess.executeQuery(DeferredResultSetAccess.java:265)
	at org.hibernate.sql.results.jdbc.internal.DeferredResultSetAccess.getResultSet(DeferredResultSetAccess.java:167)
	at org.hibernate.sql.results.jdbc.internal.JdbcValuesResultSetImpl.advanceNext(JdbcValuesResultSetImpl.java:218)
	at org.hibernate.sql.results.jdbc.internal.JdbcValuesResultSetImpl.processNext(JdbcValuesResultSetImpl.java:98)
	at org.hibernate.sql.results.jdbc.internal.AbstractJdbcValues.next(AbstractJdbcValues.java:19)
	at org.hibernate.sql.results.internal.RowProcessingStateStandardImpl.next(RowProcessingStateStandardImpl.java:66)
	at org.hibernate.sql.results.spi.ListResultsConsumer.consume(ListResultsConsumer.java:203)
	at org.hibernate.sql.results.spi.ListResultsConsumer.consume(ListResultsConsumer.java:33)
	at org.hibernate.sql.exec.internal.JdbcSelectExecutorStandardImpl.doExecuteQuery(JdbcSelectExecutorStandardImpl.java:209)
	at org.hibernate.sql.exec.internal.JdbcSelectExecutorStandardImpl.executeQuery(JdbcSelectExecutorStandardImpl.java:83)
	at org.hibernate.sql.exec.spi.JdbcSelectExecutor.list(JdbcSelectExecutor.java:76)
	at org.hibernate.sql.exec.spi.JdbcSelectExecutor.list(JdbcSelectExecutor.java:65)
	at org.hibernate.query.sqm.internal.ConcreteSqmSelectQueryPlan.lambda$new$2(ConcreteSqmSelectQueryPlan.java:137)
	at org.hibernate.query.sqm.internal.ConcreteSqmSelectQueryPlan.withCacheableSqmInterpretation(ConcreteSqmSelectQueryPlan.java:359)
	at org.hibernate.query.sqm.internal.ConcreteSqmSelectQueryPlan.performList(ConcreteSqmSelectQueryPlan.java:300)
	at org.hibernate.query.sqm.internal.QuerySqmImpl.doList(QuerySqmImpl.java:509)
	at org.hibernate.query.spi.AbstractSelectionQuery.list(AbstractSelectionQuery.java:427)
	at org.hibernate.query.spi.AbstractSelectionQuery.getSingleResult(AbstractSelectionQuery.java:564)
	at org.springframework.data.jpa.repository.query.JpaQueryExecution$SingleEntityExecution.doExecute(JpaQueryExecution.java:223)
	at org.springframework.data.jpa.repository.query.JpaQueryExecution.execute(JpaQueryExecution.java:92)
	at org.springframework.data.jpa.repository.query.AbstractJpaQuery.doExecute(AbstractJpaQuery.java:149)
	at org.springframework.data.jpa.repository.query.AbstractJpaQuery.execute(AbstractJpaQuery.java:137)
	at org.springframework.data.repository.core.support.RepositoryMethodInvoker.doInvoke(RepositoryMethodInvoker.java:170)
	at org.springframework.data.repository.core.support.RepositoryMethodInvoker.invoke(RepositoryMethodInvoker.java:158)
	at org.springframework.data.repository.core.support.QueryExecutorMethodInterceptor.doInvoke(QueryExecutorMethodInterceptor.java:164)
	at org.springframework.data.repository.core.support.QueryExecutorMethodInterceptor.invoke(QueryExecutorMethodInterceptor.java:143)
	at org.springframework.aop.framework.ReflectiveMethodInvocation.proceed(ReflectiveMethodInvocation.java:184)
	at org.springframework.data.projection.DefaultMethodInvokingMethodInterceptor.invoke(DefaultMethodInvokingMethodInterceptor.java:70)
	at org.springframework.aop.framework.ReflectiveMethodInvocation.proceed(ReflectiveMethodInvocation.java:184)
	at org.springframework.transaction.interceptor.TransactionInterceptor$1.proceedWithInvocation(TransactionInterceptor.java:123)
	at org.springframework.transaction.interceptor.TransactionAspectSupport.invokeWithinTransaction(TransactionAspectSupport.java:385)
	at org.springframework.transaction.interceptor.TransactionInterceptor.invoke(TransactionInterceptor.java:119)
	at org.springframework.aop.framework.ReflectiveMethodInvocation.proceed(ReflectiveMethodInvocation.java:184)
	at org.springframework.dao.support.PersistenceExceptionTranslationInterceptor.invoke(PersistenceExceptionTranslationInterceptor.java:137)
	... 107 common frames omitted
Caused by: java.sql.SQLSyntaxErrorException: Table 'qltv.thong_bao' doesn't exist
	at com.mysql.cj.jdbc.exceptions.SQLError.createSQLException(SQLError.java:121)
	at com.mysql.cj.jdbc.exceptions.SQLExceptionsMapping.translateException(SQLExceptionsMapping.java:122)
	at com.mysql.cj.jdbc.ClientPreparedStatement.executeInternal(ClientPreparedStatement.java:912)
	at com.mysql.cj.jdbc.ClientPreparedStatement.executeQuery(ClientPreparedStatement.java:968)
	at com.zaxxer.hikari.pool.ProxyPreparedStatement.executeQuery(ProxyPreparedStatement.java:52)
	at com.zaxxer.hikari.pool.HikariProxyPreparedStatement.executeQuery(HikariProxyPreparedStatement.java)
	at org.hibernate.sql.results.jdbc.internal.DeferredResultSetAccess.executeQuery(DeferredResultSetAccess.java:246)
	... 140 common frames omitted
2026-04-20 21:48:03 [http-nio-8080-exec-5] WARN  o.s.w.s.m.m.a.ExceptionHandlerExceptionResolver - Resolved [org.springframework.dao.InvalidDataAccessResourceUsageException: JDBC exception executing SQL [select count(tb1_0.id) from thong_bao tb1_0 where tb1_0.tai_khoan_id=? and not(tb1_0.da_doc)] [Table 'qltv.thong_bao' doesn't exist] [n/a]; SQL [n/a]]
2026-04-20 21:48:03 [http-nio-8080-exec-5] DEBUG o.s.web.servlet.DispatcherServlet - Using resolved error view: ModelAndView [view="redirect:http://localhost:8080/login"; model={}]
2026-04-20 21:48:03 [http-nio-8080-exec-5] DEBUG o.s.web.servlet.view.RedirectView - View name 'redirect:', model {}
2026-04-20 21:48:03 [http-nio-8080-exec-5] DEBUG o.s.web.servlet.DispatcherServlet - Completed 302 FOUND
2026-04-20 21:48:59 [File Watcher] INFO  o.s.b.d.a.LocalDevToolsAutoConfiguration$RestartingClassPathChangeChangedEventListener - Restarting due to 3 class path changes (0 additions, 0 deletions, 3 modifications)
2026-04-20 21:48:59 [Thread-5] INFO  o.s.o.j.LocalContainerEntityManagerFactoryBean - Closing JPA EntityManagerFactory for persistence unit 'default'
2026-04-20 21:48:59 [Thread-5] INFO  com.zaxxer.hikari.HikariDataSource - HikariPool-1 - Shutdown initiated...
2026-04-20 21:49:00 [Thread-5] INFO  com.zaxxer.hikari.HikariDataSource - HikariPool-1 - Shutdown completed.
2026-04-20 21:49:00 [restartedMain] INFO  c.example.library.LibraryApplication - Starting LibraryApplication using Java 22.0.1 with PID 31596 (F:\Project\QL_Sach\target\classes started by Lenovo in F:\Project\QL_Sach)
2026-04-20 21:49:00 [restartedMain] DEBUG c.example.library.LibraryApplication - Running with Spring Boot v3.2.2, Spring v6.1.3
2026-04-20 21:49:00 [restartedMain] INFO  c.example.library.LibraryApplication - No active profile set, falling back to 1 default profile: "default"
2026-04-20 21:49:00 [restartedMain] INFO  o.s.d.r.c.RepositoryConfigurationDelegate - Bootstrapping Spring Data JPA repositories in DEFAULT mode.
2026-04-20 21:49:00 [restartedMain] INFO  o.s.d.r.c.RepositoryConfigurationDelegate - Finished Spring Data repository scanning in 41 ms. Found 15 JPA repository interfaces.
2026-04-20 21:49:01 [restartedMain] INFO  o.s.b.w.e.tomcat.TomcatWebServer - Tomcat initialized with port 8080 (http)
2026-04-20 21:49:01 [restartedMain] INFO  o.a.catalina.core.StandardService - Starting service [Tomcat]
2026-04-20 21:49:01 [restartedMain] INFO  o.a.catalina.core.StandardEngine - Starting Servlet engine: [Apache Tomcat/10.1.18]
2026-04-20 21:49:01 [restartedMain] INFO  o.a.c.c.C.[Tomcat].[localhost].[/] - Initializing Spring embedded WebApplicationContext
2026-04-20 21:49:01 [restartedMain] INFO  o.s.b.w.s.c.ServletWebServerApplicationContext - Root WebApplicationContext: initialization completed in 856 ms
2026-04-20 21:49:01 [restartedMain] INFO  o.h.jpa.internal.util.LogHelper - HHH000204: Processing PersistenceUnitInfo [name: default]
2026-04-20 21:49:01 [restartedMain] INFO  o.h.c.i.RegionFactoryInitiator - HHH000026: Second-level cache disabled
2026-04-20 21:49:01 [restartedMain] INFO  o.s.o.j.p.SpringPersistenceUnitInfo - No LoadTimeWeaver setup: ignoring JPA class transformer
2026-04-20 21:49:01 [restartedMain] INFO  com.zaxxer.hikari.HikariDataSource - HikariPool-2 - Starting...
2026-04-20 21:49:01 [restartedMain] INFO  com.zaxxer.hikari.pool.HikariPool - HikariPool-2 - Added connection com.mysql.cj.jdbc.ConnectionImpl@1c1b148c
2026-04-20 21:49:01 [restartedMain] INFO  com.zaxxer.hikari.HikariDataSource - HikariPool-2 - Start completed.
2026-04-20 21:49:01 [restartedMain] WARN  org.hibernate.orm.deprecation - HHH90000025: MySQL8Dialect does not need to be specified explicitly using 'hibernate.dialect' (remove the property setting and it will be selected by default)
2026-04-20 21:49:01 [restartedMain] WARN  org.hibernate.orm.deprecation - HHH90000026: MySQL8Dialect has been deprecated; use org.hibernate.dialect.MySQLDialect instead
2026-04-20 21:49:01 [restartedMain] INFO  o.h.e.t.j.p.i.JtaPlatformInitiator - HHH000489: No JTA platform available (set 'hibernate.transaction.jta.platform' to enable JTA platform integration)
2026-04-20 21:49:01 [restartedMain] DEBUG org.hibernate.SQL - 
    create table thong_bao (
        id bigint not null auto_increment,
        da_doc bit,
        loai varchar(255),
        ngay_tao datetime(6),
        noi_dung LONGTEXT,
        tai_khoan_id bigint not null,
        tieu_de varchar(255) not null,
        primary key (id)
    ) engine=InnoDB
2026-04-20 21:49:01 [restartedMain] INFO  o.s.o.j.LocalContainerEntityManagerFactoryBean - Initialized JPA EntityManagerFactory for persistence unit 'default'
2026-04-20 21:49:02 [restartedMain] WARN  o.s.b.a.o.j.JpaBaseConfiguration$JpaWebConfiguration - spring.jpa.open-in-view is enabled by default. Therefore, database queries may be performed during view rendering. Explicitly configure spring.jpa.open-in-view to disable this warning
2026-04-20 21:49:02 [restartedMain] INFO  o.s.b.a.w.s.WelcomePageHandlerMapping - Adding welcome page template: index
2026-04-20 21:49:02 [restartedMain] DEBUG o.s.w.s.m.m.a.RequestMappingHandlerMapping - 100 mappings in 'requestMappingHandlerMapping'
2026-04-20 21:49:02 [restartedMain] DEBUG o.s.w.s.h.SimpleUrlHandlerMapping - Patterns [/, /index] in 'viewControllerHandlerMapping'
2026-04-20 21:49:02 [restartedMain] DEBUG o.s.w.s.h.SimpleUrlHandlerMapping - Patterns [/webjars/**, /**, /img/sach/**] in 'resourceHandlerMapping'
2026-04-20 21:49:02 [restartedMain] INFO  o.s.s.web.DefaultSecurityFilterChain - Will secure any request with [org.springframework.security.web.session.DisableEncodeUrlFilter@70152fb9, org.springframework.security.web.context.request.async.WebAsyncManagerIntegrationFilter@2a76132, org.springframework.security.web.context.SecurityContextHolderFilter@94457df, org.springframework.security.web.header.HeaderWriterFilter@5e90a747, org.springframework.web.filter.CorsFilter@183a4451, org.springframework.security.web.authentication.logout.LogoutFilter@6f4ac0d, org.springframework.security.web.authentication.UsernamePasswordAuthenticationFilter@21644a06, org.springframework.security.web.savedrequest.RequestCacheAwareFilter@3ef6b041, org.springframework.security.web.servletapi.SecurityContextHolderAwareRequestFilter@7dab1a93, org.springframework.security.web.authentication.AnonymousAuthenticationFilter@1b8d092a, org.springframework.security.web.access.ExceptionTranslationFilter@7dc7cb3f, org.springframework.security.web.access.intercept.AuthorizationFilter@2d30a95]
2026-04-20 21:49:02 [restartedMain] DEBUG o.s.w.s.m.m.a.RequestMappingHandlerAdapter - ControllerAdvice beans: 1 @ModelAttribute, 0 @InitBinder, 1 RequestBodyAdvice, 1 ResponseBodyAdvice
2026-04-20 21:49:02 [restartedMain] DEBUG o.s.w.s.m.m.a.ExceptionHandlerExceptionResolver - ControllerAdvice beans: 1 @ExceptionHandler, 1 ResponseBodyAdvice
2026-04-20 21:49:02 [restartedMain] INFO  o.s.b.d.a.OptionalLiveReloadServer - LiveReload server is running on port 35729
2026-04-20 21:49:02 [restartedMain] INFO  o.s.b.w.e.tomcat.TomcatWebServer - Tomcat started on port 8080 (http) with context path ''
2026-04-20 21:49:02 [restartedMain] INFO  c.example.library.LibraryApplication - Started LibraryApplication in 2.592 seconds (process running for 750.956)
2026-04-20 21:49:02 [scheduling-1] INFO  c.e.library.service.KeepAliveService - Attempting to keep-alive: Ping to http://localhost:8080/ping
2026-04-20 21:49:02 [scheduling-1] DEBUG o.s.web.client.RestTemplate - HTTP GET http://localhost:8080/ping
2026-04-20 21:49:02 [scheduling-1] DEBUG o.s.web.client.RestTemplate - Accept=[text/plain, application/json, application/*+json, */*]
2026-04-20 21:49:02 [restartedMain] DEBUG org.hibernate.SQL - 
    select
        count(*) 
    from
        taikhoan tk1_0
2026-04-20 21:49:02 [http-nio-8080-exec-1] INFO  o.a.c.c.C.[Tomcat].[localhost].[/] - Initializing Spring DispatcherServlet 'dispatcherServlet'
2026-04-20 21:49:02 [http-nio-8080-exec-1] INFO  o.s.web.servlet.DispatcherServlet - Initializing Servlet 'dispatcherServlet'
2026-04-20 21:49:02 [http-nio-8080-exec-1] DEBUG o.s.web.servlet.DispatcherServlet - Detected StandardServletMultipartResolver
2026-04-20 21:49:02 [http-nio-8080-exec-1] DEBUG o.s.web.servlet.DispatcherServlet - Detected AcceptHeaderLocaleResolver
2026-04-20 21:49:02 [http-nio-8080-exec-1] DEBUG o.s.web.servlet.DispatcherServlet - Detected FixedThemeResolver
2026-04-20 21:49:02 [http-nio-8080-exec-1] DEBUG o.s.web.servlet.DispatcherServlet - Detected org.springframework.web.servlet.view.DefaultRequestToViewNameTranslator@2fb53c0e
2026-04-20 21:49:02 [http-nio-8080-exec-1] DEBUG o.s.web.servlet.DispatcherServlet - Detected org.springframework.web.servlet.support.SessionFlashMapManager@2fda76b1
2026-04-20 21:49:02 [http-nio-8080-exec-1] DEBUG o.s.web.servlet.DispatcherServlet - enableLoggingRequestDetails='false': request parameters and headers will be masked to prevent unsafe logging of potentially sensitive data
2026-04-20 21:49:02 [http-nio-8080-exec-1] INFO  o.s.web.servlet.DispatcherServlet - Completed initialization in 2 ms
2026-04-20 21:49:02 [http-nio-8080-exec-1] DEBUG o.s.security.web.FilterChainProxy - Securing GET /ping
2026-04-20 21:49:02 [http-nio-8080-exec-1] DEBUG o.s.s.w.a.AnonymousAuthenticationFilter - Set SecurityContextHolder to anonymous SecurityContext
2026-04-20 21:49:02 [http-nio-8080-exec-1] DEBUG o.s.s.web.DefaultRedirectStrategy - Redirecting to http://localhost:8080/login
2026-04-20 21:49:02 [http-nio-8080-exec-3] DEBUG o.s.security.web.FilterChainProxy - Securing GET /login
2026-04-20 21:49:02 [http-nio-8080-exec-3] DEBUG o.s.security.web.FilterChainProxy - Secured GET /login
2026-04-20 21:49:02 [http-nio-8080-exec-3] DEBUG o.s.web.servlet.DispatcherServlet - GET "/login", parameters={}
2026-04-20 21:49:02 [http-nio-8080-exec-3] DEBUG o.s.w.s.m.m.a.RequestMappingHandlerMapping - Mapped to com.example.library.controller.AuthController#loginPage(String, String, String, String, Model)
2026-04-20 21:49:02 [http-nio-8080-exec-3] DEBUG o.s.s.w.a.AnonymousAuthenticationFilter - Set SecurityContextHolder to anonymous SecurityContext
2026-04-20 21:49:02 [http-nio-8080-exec-3] DEBUG o.s.w.s.v.ContentNegotiatingViewResolver - Selected '*/*' given [text/plain, application/json, application/*+json, */*]
2026-04-20 21:49:02 [http-nio-8080-exec-3] DEBUG org.thymeleaf.TemplateEngine - [THYMELEAF] INITIALIZING TEMPLATE ENGINE
2026-04-20 21:49:02 [restartedMain] DEBUG org.hibernate.SQL - 
    select
        ls1_0.MaLoai,
        ls1_0.TenLoai,
        ls1_0.TrangThai 
    from
        loai ls1_0 
    where
        upper(ls1_0.TenLoai) like upper(?) escape '\\'
2026-04-20 21:49:02 [restartedMain] DEBUG org.hibernate.SQL - 
    select
        ls1_0.MaLoai,
        ls1_0.TenLoai,
        ls1_0.TrangThai 
    from
        loai ls1_0 
    where
        upper(ls1_0.TenLoai) like upper(?) escape '\\'
2026-04-20 21:49:02 [http-nio-8080-exec-3] DEBUG org.thymeleaf.TemplateEngine.CONFIG - Initializing Thymeleaf Template engine configuration...
[THYMELEAF] TEMPLATE ENGINE CONFIGURATION:
[THYMELEAF] * Thymeleaf version: 3.1.2.RELEASE (built 2023-07-30T19:25:50+0000)
[THYMELEAF] * Cache Manager implementation: org.thymeleaf.cache.StandardCacheManager
[THYMELEAF] * Template resolvers:
[THYMELEAF]     * org.thymeleaf.spring6.templateresolver.SpringResourceTemplateResolver
[THYMELEAF] * Message resolvers:
[THYMELEAF]     * org.thymeleaf.spring6.messageresolver.SpringMessageResolver
[THYMELEAF] * Link builders:
[THYMELEAF]     * org.thymeleaf.linkbuilder.StandardLinkBuilder
[THYMELEAF] * Dialect [1 of 2]: SpringStandard (org.thymeleaf.spring6.dialect.SpringStandardDialect)
[THYMELEAF]     * Prefix: "th"
[THYMELEAF]     * Processors for Template Mode: HTML
[THYMELEAF]         * Element Tag Processors by [matching element and attribute name] [precedence]:
[THYMELEAF]             * [* {th:include,data-th-include}] [100]: org.thymeleaf.standard.processor.StandardIncludeTagProcessor
[THYMELEAF]             * [* {th:insert,data-th-insert}] [100]: org.thymeleaf.standard.processor.StandardInsertTagProcessor
[THYMELEAF]             * [* {th:replace,data-th-replace}] [100]: org.thymeleaf.standard.processor.StandardReplaceTagProcessor
[THYMELEAF]             * [* {th:each,data-th-each}] [200]: org.thymeleaf.standard.processor.StandardEachTagProcessor
[THYMELEAF]             * [* {th:switch,data-th-switch}] [250]: org.thymeleaf.standard.processor.StandardSwitchTagProcessor
[THYMELEAF]             * [* {th:case,data-th-case}] [275]: org.thymeleaf.standard.processor.StandardCaseTagProcessor
[THYMELEAF]             * [* {th:if,data-th-if}] [300]: org.thymeleaf.standard.processor.StandardIfTagProcessor
[THYMELEAF]             * [* {th:unless,data-th-unless}] [400]: org.thymeleaf.standard.processor.StandardUnlessTagProcessor
[THYMELEAF]             * [* {th:object,data-th-object}] [500]: org.thymeleaf.spring6.processor.SpringObjectTagProcessor
[THYMELEAF]             * [* {th:with,data-th-with}] [600]: org.thymeleaf.standard.processor.StandardWithTagProcessor
[THYMELEAF]             * [* {th:attr,data-th-attr}] [700]: org.thymeleaf.standard.processor.StandardAttrTagProcessor
[THYMELEAF]             * [* {th:attrprepend,data-th-attrprepend}] [800]: org.thymeleaf.standard.processor.StandardAttrprependTagProcessor
[THYMELEAF]             * [* {th:attrappend,data-th-attrappend}] [900]: org.thymeleaf.standard.processor.StandardAttrappendTagProcessor
[THYMELEAF]             * [* {th:method,data-th-method}] [990]: org.thymeleaf.spring6.processor.SpringMethodTagProcessor
[THYMELEAF]             * [* {th:alt-title,data-th-alt-title}] [990]: org.thymeleaf.standard.processor.StandardAltTitleTagProcessor
[THYMELEAF]             * [* {th:lang-xmllang,data-th-lang-xmllang}] [990]: org.thymeleaf.standard.processor.StandardLangXmlLangTagProcessor
[THYMELEAF]             * [* {th:action,data-th-action}] [1000]: org.thymeleaf.spring6.processor.SpringActionTagProcessor
[THYMELEAF]             * [* {th:href,data-th-href}] [1000]: org.thymeleaf.spring6.processor.SpringHrefTagProcessor
[THYMELEAF]             * [* {th:src,data-th-src}] [1000]: org.thymeleaf.spring6.processor.SpringSrcTagProcessor
[THYMELEAF]             * [* {th:autoplay,data-th-autoplay}] [1000]: org.thymeleaf.standard.processor.StandardConditionalFixedValueTagProcessor
[THYMELEAF]             * [* {th:default,data-th-default}] [1000]: org.thymeleaf.standard.processor.StandardConditionalFixedValueTagProcessor
[THYMELEAF]             * [* {th:required,data-th-required}] [1000]: org.thymeleaf.standard.processor.StandardConditionalFixedValueTagProcessor
[THYMELEAF]             * [* {th:readonly,data-th-readonly}] [1000]: org.thymeleaf.standard.processor.StandardConditionalFixedValueTagProcessor
[THYMELEAF]             * [* {th:pubdate,data-th-pubdate}] [1000]: org.thymeleaf.standard.processor.StandardConditionalFixedValueTagProcessor
[THYMELEAF]             * [* {th:multiple,data-th-multiple}] [1000]: org.thymeleaf.standard.processor.StandardConditionalFixedValueTagProcessor
[THYMELEAF]             * [* {th:autofocus,data-th-autofocus}] [1000]: org.thymeleaf.standard.processor.StandardConditionalFixedValueTagProcessor
[THYMELEAF]             * [* {th:reversed,data-th-reversed}] [1000]: org.thymeleaf.standard.processor.StandardConditionalFixedValueTagProcessor
[THYMELEAF]             * [* {th:open,data-th-open}] [1000]: org.thymeleaf.standard.processor.StandardConditionalFixedValueTagProcessor
[THYMELEAF]             * [* {th:formnovalidate,data-th-formnovalidate}] [1000]: org.thymeleaf.standard.processor.StandardConditionalFixedValueTagProcessor
[THYMELEAF]             * [* {th:defer,data-th-defer}] [1000]: org.thymeleaf.standard.processor.StandardConditionalFixedValueTagProcessor
[THYMELEAF]             * [* {th:ismap,data-th-ismap}] [1000]: org.thymeleaf.standard.processor.StandardConditionalFixedValueTagProcessor
[THYMELEAF]             * [* {th:controls,data-th-controls}] [1000]: org.thymeleaf.standard.processor.StandardConditionalFixedValueTagProcessor
[THYMELEAF]             * [* {th:seamless,data-th-seamless}] [1000]: org.thymeleaf.standard.processor.StandardConditionalFixedValueTagProcessor
[THYMELEAF]             * [* {th:async,data-th-async}] [1000]: org.thymeleaf.standard.processor.StandardConditionalFixedValueTagProcessor
[THYMELEAF]             * [* {th:declare,data-th-declare}] [1000]: org.thymeleaf.standard.processor.StandardConditionalFixedValueTagProcessor
[THYMELEAF]             * [* {th:disabled,data-th-disabled}] [1000]: org.thymeleaf.standard.processor.StandardConditionalFixedValueTagProcessor
[THYMELEAF]             * [* {th:selected,data-th-selected}] [1000]: org.thymeleaf.standard.processor.StandardConditionalFixedValueTagProcessor
[THYMELEAF]             * [* {th:hidden,data-th-hidden}] [1000]: org.thymeleaf.standard.processor.StandardConditionalFixedValueTagProcessor
[THYMELEAF]             * [* {th:nowrap,data-th-nowrap}] [1000]: org.thymeleaf.standard.processor.StandardConditionalFixedValueTagProcessor
[THYMELEAF]             * [* {th:scoped,data-th-scoped}] [1000]: org.thymeleaf.standard.processor.StandardConditionalFixedValueTagProcessor
[THYMELEAF]             * [* {th:novalidate,data-th-novalidate}] [1000]: org.thymeleaf.standard.processor.StandardConditionalFixedValueTagProcessor
[THYMELEAF]             * [* {th:checked,data-th-checked}] [1000]: org.thymeleaf.standard.processor.StandardConditionalFixedValueTagProcessor
[THYMELEAF]             * [* {th:loop,data-th-loop}] [1000]: org.thymeleaf.standard.processor.StandardConditionalFixedValueTagProcessor
[THYMELEAF]             * [* {th:onoffline,data-th-onoffline}] [1000]: org.thymeleaf.standard.processor.StandardDOMEventAttributeTagProcessor
[THYMELEAF]             * [* {th:ondragleave,data-th-ondragleave}] [1000]: org.thymeleaf.standard.processor.StandardDOMEventAttributeTagProcessor
[THYMELEAF]             * [* {th:onchange,data-th-onchange}] [1000]: org.thymeleaf.standard.processor.StandardDOMEventAttributeTagProcessor
[THYMELEAF]             * [* {th:onabort,data-th-onabort}] [1000]: org.thymeleaf.standard.processor.StandardDOMEventAttributeTagProcessor
[THYMELEAF]             * [* {th:onstalled,data-th-onstalled}] [1000]: org.thymeleaf.standard.processor.StandardDOMEventAttributeTagProcessor
[THYMELEAF]             * [* {th:onmousemove,data-th-onmousemove}] [1000]: org.thymeleaf.standard.processor.StandardDOMEventAttributeTagProcessor
[THYMELEAF]             * [* {th:onselect,data-th-onselect}] [1000]: org.thymeleaf.standard.processor.StandardDOMEventAttributeTagProcessor
[THYMELEAF]             * [* {th:onprogress,data-th-onprogress}] [1000]: org.thymeleaf.standard.processor.StandardDOMEventAttributeTagProcessor
[THYMELEAF]             * [* {th:onsuspend,data-th-onsuspend}] [1000]: org.thymeleaf.standard.processor.StandardDOMEventAttributeTagProcessor
[THYMELEAF]             * [* {th:onundo,data-th-onundo}] [1000]: org.thymeleaf.standard.processor.StandardDOMEventAttributeTagProcessor
[THYMELEAF]             * [* {th:onblur,data-th-onblur}] [1000]: org.thymeleaf.standard.processor.StandardDOMEventAttributeTagProcessor
[THYMELEAF]             * [* {th:onresize,data-th-onresize}] [1000]: org.thymeleaf.standard.processor.StandardDOMEventAttributeTagProcessor
[THYMELEAF]             * [* {th:onkeypress,data-th-onkeypress}] [1000]: org.thymeleaf.standard.processor.StandardDOMEventAttributeTagProcessor
[THYMELEAF]             * [* {th:onsubmit,data-th-onsubmit}] [1000]: org.thymeleaf.standard.processor.StandardDOMEventAttributeTagProcessor
[THYMELEAF]             * [* {th:onafterprint,data-th-onafterprint}] [1000]: org.thymeleaf.standard.processor.StandardDOMEventAttributeTagProcessor
[THYMELEAF]             * [* {th:onreset,data-th-onreset}] [1000]: org.thymeleaf.standard.processor.StandardDOMEventAttributeTagProcessor
[THYMELEAF]             * [* {th:onpopstate,data-th-onpopstate}] [1000]: org.thymeleaf.standard.processor.StandardDOMEventAttributeTagProcessor
[THYMELEAF]             * [* {th:oninvalid,data-th-oninvalid}] [1000]: org.thymeleaf.standard.processor.StandardDOMEventAttributeTagProcessor
[THYMELEAF]             * [* {th:ononline,data-th-ononline}] [1000]: org.thymeleaf.standard.processor.StandardDOMEventAttributeTagProcessor
[THYMELEAF]             * [* {th:onloadstart,data-th-onloadstart}] [1000]: org.thymeleaf.standard.processor.StandardDOMEventAttributeTagProcessor
[THYMELEAF]             * [* {th:ondragend,data-th-ondragend}] [1000]: org.thymeleaf.standard.processor.StandardDOMEventAttributeTagProcessor
[THYMELEAF]             * [* {th:onreadystatechange,data-th-onreadystatechange}] [1000]: org.thymeleaf.standard.processor.StandardDOMEventAttributeTagProcessor
[THYMELEAF]             * [* {th:onstorage,data-th-onstorage}] [1000]: org.thymeleaf.standard.processor.StandardDOMEventAttributeTagProcessor
[THYMELEAF]             * [* {th:onended,data-th-onended}] [1000]: org.thymeleaf.standard.processor.StandardDOMEventAttributeTagProcessor
[THYMELEAF]             * [* {th:onkeyup,data-th-onkeyup}] [1000]: org.thymeleaf.standard.processor.StandardDOMEventAttributeTagProcessor
[THYMELEAF]             * [* {th:onload,data-th-onload}] [1000]: org.thymeleaf.standard.processor.StandardDOMEventAttributeTagProcessor
[THYMELEAF]             * [* {th:onerror,data-th-onerror}] [1000]: org.thymeleaf.standard.processor.StandardDOMEventAttributeTagProcessor
[THYMELEAF]             * [* {th:ondrop,data-th-ondrop}] [1000]: org.thymeleaf.standard.processor.StandardDOMEventAttributeTagProcessor
[THYMELEAF]             * [* {th:onmouseout,data-th-onmouseout}] [1000]: org.thymeleaf.standard.processor.StandardDOMEventAttributeTagProcessor
[THYMELEAF]             * [* {th:oncanplaythrough,data-th-oncanplaythrough}] [1000]: org.thymeleaf.standard.processor.StandardDOMEventAttributeTagProcessor
[THYMELEAF]             * [* {th:onbeforeprint,data-th-onbeforeprint}] [1000]: org.thymeleaf.standard.processor.StandardDOMEventAttributeTagProcessor
[THYMELEAF]             * [* {th:onscroll,data-th-onscroll}] [1000]: org.thymeleaf.standard.processor.StandardDOMEventAttributeTagProcessor
[THYMELEAF]             * [* {th:onvolumechange,data-th-onvolumechange}] [1000]: org.thymeleaf.standard.processor.StandardDOMEventAttributeTagProcessor
[THYMELEAF]             * [* {th:ondurationchange,data-th-ondurationchange}] [1000]: org.thymeleaf.standard.processor.StandardDOMEventAttributeTagProcessor
[THYMELEAF]             * [* {th:onseeking,data-th-onseeking}] [1000]: org.thymeleaf.standard.processor.StandardDOMEventAttributeTagProcessor
[THYMELEAF]             * [* {th:ondblclick,data-th-ondblclick}] [1000]: org.thymeleaf.standard.processor.StandardDOMEventAttributeTagProcessor
[THYMELEAF]             * [* {th:onfocus,data-th-onfocus}] [1000]: org.thymeleaf.standard.processor.StandardDOMEventAttributeTagProcessor
[THYMELEAF]             * [* {th:onemptied,data-th-onemptied}] [1000]: org.thymeleaf.standard.processor.StandardDOMEventAttributeTagProcessor
[THYMELEAF]             * [* {th:ondragstart,data-th-ondragstart}] [1000]: org.thymeleaf.standard.processor.StandardDOMEventAttributeTagProcessor
[THYMELEAF]             * [* {th:onwaiting,data-th-onwaiting}] [1000]: org.thymeleaf.standard.processor.StandardDOMEventAttributeTagProcessor
[THYMELEAF]             * [* {th:ontimeupdate,data-th-ontimeupdate}] [1000]: org.thymeleaf.standard.processor.StandardDOMEventAttributeTagProcessor
[THYMELEAF]             * [* {th:onclick,data-th-onclick}] [1000]: org.thymeleaf.standard.processor.StandardDOMEventAttributeTagProcessor
[THYMELEAF]             * [* {th:onmousedown,data-th-onmousedown}] [1000]: org.thymeleaf.standard.processor.StandardDOMEventAttributeTagProcessor
[THYMELEAF]             * [* {th:ondragover,data-th-ondragover}] [1000]: org.thymeleaf.standard.processor.StandardDOMEventAttributeTagProcessor
[THYMELEAF]             * [* {th:oncontextmenu,data-th-oncontextmenu}] [1000]: org.thymeleaf.standard.processor.StandardDOMEventAttributeTagProcessor
[THYMELEAF]             * [* {th:onratechange,data-th-onratechange}] [1000]: org.thymeleaf.standard.processor.StandardDOMEventAttributeTagProcessor
[THYMELEAF]             * [* {th:onhashchange,data-th-onhashchange}] [1000]: org.thymeleaf.standard.processor.StandardDOMEventAttributeTagProcessor
[THYMELEAF]             * [* {th:ondrag,data-th-ondrag}] [1000]: org.thymeleaf.standard.processor.StandardDOMEventAttributeTagProcessor
[THYMELEAF]             * [* {th:onforminput,data-th-onforminput}] [1000]: org.thymeleaf.standard.processor.StandardDOMEventAttributeTagProcessor
[THYMELEAF]             * [* {th:onunload,data-th-onunload}] [1000]: org.thymeleaf.standard.processor.StandardDOMEventAttributeTagProcessor
[THYMELEAF]             * [* {th:oninput,data-th-oninput}] [1000]: org.thymeleaf.standard.processor.StandardDOMEventAttributeTagProcessor
[THYMELEAF]             * [* {th:onkeydown,data-th-onkeydown}] [1000]: org.thymeleaf.standard.processor.StandardDOMEventAttributeTagProcessor
[THYMELEAF]             * [* {th:onmouseover,data-th-onmouseover}] [1000]: org.thymeleaf.standard.processor.StandardDOMEventAttributeTagProcessor
[THYMELEAF]             * [* {th:onbeforeunload,data-th-onbeforeunload}] [1000]: org.thymeleaf.standard.processor.StandardDOMEventAttributeTagProcessor
[THYMELEAF]             * [* {th:onmousewheel,data-th-onmousewheel}] [1000]: org.thymeleaf.standard.processor.StandardDOMEventAttributeTagProcessor
[THYMELEAF]             * [* {th:onshow,data-th-onshow}] [1000]: org.thymeleaf.standard.processor.StandardDOMEventAttributeTagProcessor
[THYMELEAF]             * [* {th:onloadedmetadata,data-th-onloadedmetadata}] [1000]: org.thymeleaf.standard.processor.StandardDOMEventAttributeTagProcessor
[THYMELEAF]             * [* {th:onmessage,data-th-onmessage}] [1000]: org.thymeleaf.standard.processor.StandardDOMEventAttributeTagProcessor
[THYMELEAF]             * [* {th:onpause,data-th-onpause}] [1000]: org.thymeleaf.standard.processor.StandardDOMEventAttributeTagProcessor
[THYMELEAF]             * [* {th:onplaying,data-th-onplaying}] [1000]: org.thymeleaf.standard.processor.StandardDOMEventAttributeTagProcessor
[THYMELEAF]             * [* {th:onseeked,data-th-onseeked}] [1000]: org.thymeleaf.standard.processor.StandardDOMEventAttributeTagProcessor
[THYMELEAF]             * [* {th:onmouseup,data-th-onmouseup}] [1000]: org.thymeleaf.standard.processor.StandardDOMEventAttributeTagProcessor
[THYMELEAF]             * [* {th:onloadeddata,data-th-onloadeddata}] [1000]: org.thymeleaf.standard.processor.StandardDOMEventAttributeTagProcessor
[THYMELEAF]             * [* {th:ondragenter,data-th-ondragenter}] [1000]: org.thymeleaf.standard.processor.StandardDOMEventAttributeTagProcessor
[THYMELEAF]             * [* {th:onplay,data-th-onplay}] [1000]: org.thymeleaf.standard.processor.StandardDOMEventAttributeTagProcessor
[THYMELEAF]             * [* {th:onredo,data-th-onredo}] [1000]: org.thymeleaf.standard.processor.StandardDOMEventAttributeTagProcessor
[THYMELEAF]             * [* {th:oncanplay,data-th-oncanplay}] [1000]: org.thymeleaf.standard.processor.StandardDOMEventAttributeTagProcessor
[THYMELEAF]             * [* {th:onformchange,data-th-onformchange}] [1000]: org.thymeleaf.standard.processor.StandardDOMEventAttributeTagProcessor
[THYMELEAF]             * [* {th:inline,data-th-inline}] [1000]: org.thymeleaf.standard.processor.StandardInlineHTMLTagProcessor
[THYMELEAF]             * [* {th:name,data-th-name}] [1000]: org.thymeleaf.standard.processor.StandardNonRemovableAttributeTagProcessor
[THYMELEAF]             * [* {th:type,data-th-type}] [1000]: org.thymeleaf.standard.processor.StandardNonRemovableAttributeTagProcessor
[THYMELEAF]             * [* {th:marginheight,data-th-marginheight}] [1000]: org.thymeleaf.standard.processor.StandardRemovableAttributeTagProcessor
[THYMELEAF]             * [* {th:cite,data-th-cite}] [1000]: org.thymeleaf.standard.processor.StandardRemovableAttributeTagProcessor
[THYMELEAF]             * [* {th:bgcolor,data-th-bgcolor}] [1000]: org.thymeleaf.standard.processor.StandardRemovableAttributeTagProcessor
[THYMELEAF]             * [* {th:formtarget,data-th-formtarget}] [1000]: org.thymeleaf.standard.processor.StandardRemovableAttributeTagProcessor
[THYMELEAF]             * [* {th:kind,data-th-kind}] [1000]: org.thymeleaf.standard.processor.StandardRemovableAttributeTagProcessor
[THYMELEAF]             * [* {th:enctype,data-th-enctype}] [1000]: org.thymeleaf.standard.processor.StandardRemovableAttributeTagProcessor
[THYMELEAF]             * [* {th:low,data-th-low}] [1000]: org.thymeleaf.standard.processor.StandardRemovableAttributeTagProcessor
[THYMELEAF]             * [* {th:headers,data-th-headers}] [1000]: org.thymeleaf.standard.processor.StandardRemovableAttributeTagProcessor
[THYMELEAF]             * [* {th:cols,data-th-cols}] [1000]: org.thymeleaf.standard.processor.StandardRemovableAttributeTagProcessor
[THYMELEAF]             * [* {th:frameborder,data-th-frameborder}] [1000]: org.thymeleaf.standard.processor.StandardRemovableAttributeTagProcessor
[THYMELEAF]             * [* {th:form,data-th-form}] [1000]: org.thymeleaf.standard.processor.StandardRemovableAttributeTagProcessor
[THYMELEAF]             * [* {th:icon,data-th-icon}] [1000]: org.thymeleaf.standard.processor.StandardRemovableAttributeTagProcessor
[THYMELEAF]             * [* {th:height,data-th-height}] [1000]: org.thymeleaf.standard.processor.StandardRemovableAttributeTagProcessor
[THYMELEAF]             * [* {th:id,data-th-id}] [1000]: org.thymeleaf.standard.processor.StandardRemovableAttributeTagProcessor
[THYMELEAF]             * [* {th:formmethod,data-th-formmethod}] [1000]: org.thymeleaf.standard.processor.StandardRemovableAttributeTagProcessor
[THYMELEAF]             * [* {th:vspace,data-th-vspace}] [1000]: org.thymeleaf.standard.processor.StandardRemovableAttributeTagProcessor
[THYMELEAF]             * [* {th:poster,data-th-poster}] [1000]: org.thymeleaf.standard.processor.StandardRemovableAttributeTagProcessor
[THYMELEAF]             * [* {th:charset,data-th-charset}] [1000]: org.thymeleaf.standard.processor.StandardRemovableAttributeTagProcessor
[THYMELEAF]             * [* {th:media,data-th-media}] [1000]: org.thymeleaf.standard.processor.StandardRemovableAttributeTagProcessor
[THYMELEAF]             * [* {th:min,data-th-min}] [1000]: org.thymeleaf.standard.processor.StandardRemovableAttributeTagProcessor
[THYMELEAF]             * [* {th:spellcheck,data-th-spellcheck}] [1000]: org.thymeleaf.standard.processor.StandardRemovableAttributeTagProcessor
[THYMELEAF]             * [* {th:marginwidth,data-th-marginwidth}] [1000]: org.thymeleaf.standard.processor.StandardRemovableAttributeTagProcessor
[THYMELEAF]             * [* {th:usemap,data-th-usemap}] [1000]: org.thymeleaf.standard.processor.StandardRemovableAttributeTagProcessor
[THYMELEAF]             * [* {th:scheme,data-th-scheme}] [1000]: org.thymeleaf.standard.processor.StandardRemovableAttributeTagProcessor
[THYMELEAF]             * [* {th:accept-charset,data-th-accept-charset}] [1000]: org.thymeleaf.standard.processor.StandardRemovableAttributeTagProcessor
[THYMELEAF]             * [* {th:axis,data-th-axis}] [1000]: org.thymeleaf.standard.processor.StandardRemovableAttributeTagProcessor
[THYMELEAF]             * [* {th:scope,data-th-scope}] [1000]: org.thymeleaf.standard.processor.StandardRemovableAttributeTagProcessor
[THYMELEAF]             * [* {th:label,data-th-label}] [1000]: org.thymeleaf.standard.processor.StandardRemovableAttributeTagProcessor
[THYMELEAF]             * [* {th:preload,data-th-preload}] [1000]: org.thymeleaf.standard.processor.StandardRemovableAttributeTagProcessor
[THYMELEAF]             * [* {th:list,data-th-list}] [1000]: org.thymeleaf.standard.processor.StandardRemovableAttributeTagProcessor
[THYMELEAF]             * [* {th:cellspacing,data-th-cellspacing}] [1000]: org.thymeleaf.standard.processor.StandardRemovableAttributeTagProcessor
[THYMELEAF]             * [* {th:target,data-th-target}] [1000]: org.thymeleaf.standard.processor.StandardRemovableAttributeTagProcessor
[THYMELEAF]             * [* {th:rowspan,data-th-rowspan}] [1000]: org.thymeleaf.standard.processor.StandardRemovableAttributeTagProcessor
[THYMELEAF]             * [* {th:span,data-th-span}] [1000]: org.thymeleaf.standard.processor.StandardRemovableAttributeTagProcessor
[THYMELEAF]             * [* {th:colspan,data-th-colspan}] [1000]: org.thymeleaf.standard.processor.StandardRemovableAttributeTagProcessor
[THYMELEAF]             * [* {th:max,data-th-max}] [1000]: org.thymeleaf.standard.processor.StandardRemovableAttributeTagProcessor
[THYMELEAF]             * [* {th:autocomplete,data-th-autocomplete}] [1000]: org.thymeleaf.standard.processor.StandardRemovableAttributeTagProcessor
[THYMELEAF]             * [* {th:content,data-th-content}] [1000]: org.thymeleaf.standard.processor.StandardRemovableAttributeTagProcessor
[THYMELEAF]             * [* {th:formenctype,data-th-formenctype}] [1000]: org.thymeleaf.standard.processor.StandardRemovableAttributeTagProcessor
[THYMELEAF]             * [* {th:rev,data-th-rev}] [1000]: org.thymeleaf.standard.processor.StandardRemovableAttributeTagProcessor
[THYMELEAF]             * [* {th:size,data-th-size}] [1000]: org.thymeleaf.standard.processor.StandardRemovableAttributeTagProcessor
[THYMELEAF]             * [* {th:abbr,data-th-abbr}] [1000]: org.thymeleaf.standard.processor.StandardRemovableAttributeTagProcessor
[THYMELEAF]             * [* {th:step,data-th-step}] [1000]: org.thymeleaf.standard.processor.StandardRemovableAttributeTagProcessor
[THYMELEAF]             * [* {th:draggable,data-th-draggable}] [1000]: org.thymeleaf.standard.processor.StandardRemovableAttributeTagProcessor
[THYMELEAF]             * [* {th:class,data-th-class}] [1000]: org.thymeleaf.standard.processor.StandardRemovableAttributeTagProcessor
[THYMELEAF]             * [* {th:compact,data-th-compact}] [1000]: org.thymeleaf.standard.processor.StandardRemovableAttributeTagProcessor
[THYMELEAF]             * [* {th:border,data-th-border}] [1000]: org.thymeleaf.standard.processor.StandardRemovableAttributeTagProcessor
[THYMELEAF]             * [* {th:formaction,data-th-formaction}] [1000]: org.thymeleaf.standard.processor.StandardRemovableAttributeTagProcessor
[THYMELEAF]             * [* {th:dropzone,data-th-dropzone}] [1000]: org.thymeleaf.standard.processor.StandardRemovableAttributeTagProcessor
[THYMELEAF]             * [* {th:alt,data-th-alt}] [1000]: org.thymeleaf.standard.processor.StandardRemovableAttributeTagProcessor
[THYMELEAF]             * [* {th:srclang,data-th-srclang}] [1000]: org.thymeleaf.standard.processor.StandardRemovableAttributeTagProcessor
[THYMELEAF]             * [* {th:data,data-th-data}] [1000]: org.thymeleaf.standard.processor.StandardRemovableAttributeTagProcessor
[THYMELEAF]             * [* {th:archive,data-th-archive}] [1000]: org.thymeleaf.standard.processor.StandardRemovableAttributeTagProcessor
[THYMELEAF]             * [* {th:frame,data-th-frame}] [1000]: org.thymeleaf.standard.processor.StandardRemovableAttributeTagProcessor
[THYMELEAF]             * [* {th:standby,data-th-standby}] [1000]: org.thymeleaf.standard.processor.StandardRemovableAttributeTagProcessor
[THYMELEAF]             * [* {th:rel,data-th-rel}] [1000]: org.thymeleaf.standard.processor.StandardRemovableAttributeTagProcessor
[THYMELEAF]             * [* {th:title,data-th-title}] [1000]: org.thymeleaf.standard.processor.StandardRemovableAttributeTagProcessor
[THYMELEAF]             * [* {th:placeholder,data-th-placeholder}] [1000]: org.thymeleaf.standard.processor.StandardRemovableAttributeTagProcessor
[THYMELEAF]             * [* {th:hreflang,data-th-hreflang}] [1000]: org.thymeleaf.standard.processor.StandardRemovableAttributeTagProcessor
[THYMELEAF]             * [* {th:high,data-th-high}] [1000]: org.thymeleaf.standard.processor.StandardRemovableAttributeTagProcessor
[THYMELEAF]             * [* {th:accept,data-th-accept}] [1000]: org.thymeleaf.standard.processor.StandardRemovableAttributeTagProcessor
[THYMELEAF]             * [* {th:cellpadding,data-th-cellpadding}] [1000]: org.thymeleaf.standard.processor.StandardRemovableAttributeTagProcessor
[THYMELEAF]             * [* {th:codetype,data-th-codetype}] [1000]: org.thymeleaf.standard.processor.StandardRemovableAttributeTagProcessor
[THYMELEAF]             * [* {th:rules,data-th-rules}] [1000]: org.thymeleaf.standard.processor.StandardRemovableAttributeTagProcessor
[THYMELEAF]             * [* {th:classid,data-th-classid}] [1000]: org.thymeleaf.standard.processor.StandardRemovableAttributeTagProcessor
[THYMELEAF]             * [* {th:valuetype,data-th-valuetype}] [1000]: org.thymeleaf.standard.processor.StandardRemovableAttributeTagProcessor
[THYMELEAF]             * [* {th:manifest,data-th-manifest}] [1000]: org.thymeleaf.standard.processor.StandardRemovableAttributeTagProcessor
[THYMELEAF]             * [* {th:wrap,data-th-wrap}] [1000]: org.thymeleaf.standard.processor.StandardRemovableAttributeTagProcessor
[THYMELEAF]             * [* {th:challenge,data-th-challenge}] [1000]: org.thymeleaf.standard.processor.StandardRemovableAttributeTagProcessor
[THYMELEAF]             * [* {th:optimum,data-th-optimum}] [1000]: org.thymeleaf.standard.processor.StandardRemovableAttributeTagProcessor
[THYMELEAF]             * [* {th:background,data-th-background}] [1000]: org.thymeleaf.standard.processor.StandardRemovableAttributeTagProcessor
[THYMELEAF]             * [* {th:for,data-th-for}] [1000]: org.thymeleaf.standard.processor.StandardRemovableAttributeTagProcessor
[THYMELEAF]             * [* {th:summary,data-th-summary}] [1000]: org.thymeleaf.standard.processor.StandardRemovableAttributeTagProcessor
[THYMELEAF]             * [* {th:rows,data-th-rows}] [1000]: org.thymeleaf.standard.processor.StandardRemovableAttributeTagProcessor
[THYMELEAF]             * [* {th:maxlength,data-th-maxlength}] [1000]: org.thymeleaf.standard.processor.StandardRemovableAttributeTagProcessor
[THYMELEAF]             * [* {th:scrolling,data-th-scrolling}] [1000]: org.thymeleaf.standard.processor.StandardRemovableAttributeTagProcessor
[THYMELEAF]             * [* {th:sizes,data-th-sizes}] [1000]: org.thymeleaf.standard.processor.StandardRemovableAttributeTagProcessor
[THYMELEAF]             * [* {th:width,data-th-width}] [1000]: org.thymeleaf.standard.processor.StandardRemovableAttributeTagProcessor
[THYMELEAF]             * [* {th:tabindex,data-th-tabindex}] [1000]: org.thymeleaf.standard.processor.StandardRemovableAttributeTagProcessor
[THYMELEAF]             * [* {th:pattern,data-th-pattern}] [1000]: org.thymeleaf.standard.processor.StandardRemovableAttributeTagProcessor
[THYMELEAF]             * [* {th:align,data-th-align}] [1000]: org.thymeleaf.standard.processor.StandardRemovableAttributeTagProcessor
[THYMELEAF]             * [* {th:start,data-th-start}] [1000]: org.thymeleaf.standard.processor.StandardRemovableAttributeTagProcessor
[THYMELEAF]             * [* {th:hspace,data-th-hspace}] [1000]: org.thymeleaf.standard.processor.StandardRemovableAttributeTagProcessor
[THYMELEAF]             * [* {th:contextmenu,data-th-contextmenu}] [1000]: org.thymeleaf.standard.processor.StandardRemovableAttributeTagProcessor
[THYMELEAF]             * [* {th:dir,data-th-dir}] [1000]: org.thymeleaf.standard.processor.StandardRemovableAttributeTagProcessor
[THYMELEAF]             * [* {th:keytype,data-th-keytype}] [1000]: org.thymeleaf.standard.processor.StandardRemovableAttributeTagProcessor
[THYMELEAF]             * [* {th:datetime,data-th-datetime}] [1000]: org.thymeleaf.standard.processor.StandardRemovableAttributeTagProcessor
[THYMELEAF]             * [* {th:accesskey,data-th-accesskey}] [1000]: org.thymeleaf.standard.processor.StandardRemovableAttributeTagProcessor
[THYMELEAF]             * [* {th:http-equiv,data-th-http-equiv}] [1000]: org.thymeleaf.standard.processor.StandardRemovableAttributeTagProcessor
[THYMELEAF]             * [* {th:style,data-th-style}] [1000]: org.thymeleaf.standard.processor.StandardRemovableAttributeTagProcessor
[THYMELEAF]             * [* {th:longdesc,data-th-longdesc}] [1000]: org.thymeleaf.standard.processor.StandardRemovableAttributeTagProcessor
[THYMELEAF]             * [* {th:radiogroup,data-th-radiogroup}] [1000]: org.thymeleaf.standard.processor.StandardRemovableAttributeTagProcessor
[THYMELEAF]             * [* {th:sandbox,data-th-sandbox}] [1000]: org.thymeleaf.standard.processor.StandardRemovableAttributeTagProcessor
[THYMELEAF]             * [* {th:lang,data-th-lang}] [1000]: org.thymeleaf.standard.processor.StandardRemovableAttributeTagProcessor
[THYMELEAF]             * [* {th:contenteditable,data-th-contenteditable}] [1000]: org.thymeleaf.standard.processor.StandardRemovableAttributeTagProcessor
[THYMELEAF]             * [* {th:codebase,data-th-codebase}] [1000]: org.thymeleaf.standard.processor.StandardRemovableAttributeTagProcessor
[THYMELEAF]             * [* {th:audio,data-th-audio}] [1000]: org.thymeleaf.standard.processor.StandardRemovableAttributeTagProcessor
[THYMELEAF]             * [* {th:xmlbase,data-th-xmlbase}] [1000]: org.thymeleaf.standard.processor.StandardXmlBaseTagProcessor
[THYMELEAF]             * [* {th:xmllang,data-th-xmllang}] [1000]: org.thymeleaf.standard.processor.StandardXmlLangTagProcessor
[THYMELEAF]             * [* {xmlns:th}] [1000]: org.thymeleaf.standard.processor.StandardXmlNsTagProcessor
[THYMELEAF]             * [* {th:xmlspace,data-th-xmlspace}] [1000]: org.thymeleaf.standard.processor.StandardXmlSpaceTagProcessor
[THYMELEAF]             * [{option} *] [1005]: org.thymeleaf.spring6.processor.SpringOptionInSelectFieldTagProcessor
[THYMELEAF]             * [* {th:value,data-th-value}] [1010]: org.thymeleaf.spring6.processor.SpringValueTagProcessor
[THYMELEAF]             * [* {th:classappend,data-th-classappend}] [1100]: org.thymeleaf.standard.processor.StandardClassappendTagProcessor
[THYMELEAF]             * [* {th:styleappend,data-th-styleappend}] [1100]: org.thymeleaf.standard.processor.StandardStyleappendTagProcessor
[THYMELEAF]             * [* {th:text,data-th-text}] [1300]: org.thymeleaf.standard.processor.StandardTextTagProcessor
[THYMELEAF]             * [* {th:utext,data-th-utext}] [1400]: org.thymeleaf.standard.processor.StandardUtextTagProcessor
[THYMELEAF]             * [* {th:fragment,data-th-fragment}] [1500]: org.thymeleaf.standard.processor.StandardFragmentTagProcessor
[THYMELEAF]             * [* {th:assert,data-th-assert}] [1550]: org.thymeleaf.standard.processor.StandardAssertTagProcessor
[THYMELEAF]             * [* {th:remove,data-th-remove}] [1600]: org.thymeleaf.standard.processor.StandardRemoveTagProcessor
[THYMELEAF]             * [* {th:errors,data-th-errors}] [1700]: org.thymeleaf.spring6.processor.SpringErrorsTagProcessor
[THYMELEAF]             * [{input} {th:field,data-th-field}] [1700]: org.thymeleaf.spring6.processor.SpringInputCheckboxFieldTagProcessor
[THYMELEAF]             * [{input} {th:field,data-th-field}] [1700]: org.thymeleaf.spring6.processor.SpringInputFileFieldTagProcessor
[THYMELEAF]             * [{input} {th:field,data-th-field}] [1700]: org.thymeleaf.spring6.processor.SpringInputGeneralFieldTagProcessor
[THYMELEAF]             * [{input} {th:field,data-th-field}] [1700]: org.thymeleaf.spring6.processor.SpringInputPasswordFieldTagProcessor
[THYMELEAF]             * [{input} {th:field,data-th-field}] [1700]: org.thymeleaf.spring6.processor.SpringInputRadioFieldTagProcessor
[THYMELEAF]             * [{option} {th:field,data-th-field}] [1700]: org.thymeleaf.spring6.processor.SpringOptionFieldTagProcessor
[THYMELEAF]             * [{select} {th:field,data-th-field}] [1700]: org.thymeleaf.spring6.processor.SpringSelectFieldTagProcessor
[THYMELEAF]             * [{textarea} {th:field,data-th-field}] [1700]: org.thymeleaf.spring6.processor.SpringTextareaFieldTagProcessor
[THYMELEAF]             * [* {th:uerrors,data-th-uerrors}] [1700]: org.thymeleaf.spring6.processor.SpringUErrorsTagProcessor
[THYMELEAF]             * [* {th:errorclass,data-th-errorclass}] [1800]: org.thymeleaf.spring6.processor.SpringErrorClassTagProcessor
[THYMELEAF]             * [* {th:ref,data-th-ref}] [10000]: org.thymeleaf.standard.processor.StandardRefAttributeTagProcessor
[THYMELEAF]             * [{th:block,th-block} *] [100000]: org.thymeleaf.standard.processor.StandardBlockTagProcessor
[THYMELEAF]             * [* th:*] [2147483647]: org.thymeleaf.standard.processor.StandardDefaultAttributesTagProcessor
[THYMELEAF]         * Text Processors by [precedence]:
[THYMELEAF]             * [1000]: org.thymeleaf.standard.processor.StandardInliningTextProcessor
[THYMELEAF]         * DOCTYPE Processors by [precedence]:
[THYMELEAF]             * [1000]: org.thymeleaf.standard.processor.StandardTranslationDocTypeProcessor
[THYMELEAF]         * CDATA Section Processors by [precedence]:
[THYMELEAF]             * [1000]: org.thymeleaf.standard.processor.StandardInliningCDATASectionProcessor
[THYMELEAF]         * Comment Processors by [precedence]:
[THYMELEAF]             * [1000]: org.thymeleaf.standard.processor.StandardInliningCommentProcessor
[THYMELEAF]             * [1100]: org.thymeleaf.standard.processor.StandardConditionalCommentProcessor
[THYMELEAF]     * Processors for Template Mode: XML
[THYMELEAF]         * Element Tag Processors by [matching element and attribute name] [precedence]:
[THYMELEAF]             * [* {th:include}] [100]: org.thymeleaf.standard.processor.StandardIncludeTagProcessor
[THYMELEAF]             * [* {th:insert}] [100]: org.thymeleaf.standard.processor.StandardInsertTagProcessor
[THYMELEAF]             * [* {th:replace}] [100]: org.thymeleaf.standard.processor.StandardReplaceTagProcessor
[THYMELEAF]             * [* {th:each}] [200]: org.thymeleaf.standard.processor.StandardEachTagProcessor
[THYMELEAF]             * [* {th:switch}] [250]: org.thymeleaf.standard.processor.StandardSwitchTagProcessor
[THYMELEAF]             * [* {th:case}] [275]: org.thymeleaf.standard.processor.StandardCaseTagProcessor
[THYMELEAF]             * [* {th:if}] [300]: org.thymeleaf.standard.processor.StandardIfTagProcessor
[THYMELEAF]             * [* {th:unless}] [400]: org.thymeleaf.standard.processor.StandardUnlessTagProcessor
[THYMELEAF]             * [* {th:object}] [500]: org.thymeleaf.standard.processor.StandardObjectTagProcessor
[THYMELEAF]             * [* {th:with}] [600]: org.thymeleaf.standard.processor.StandardWithTagProcessor
[THYMELEAF]             * [* {th:attr}] [700]: org.thymeleaf.standard.processor.StandardAttrTagProcessor
[THYMELEAF]             * [* {th:attrprepend}] [800]: org.thymeleaf.standard.processor.StandardAttrprependTagProcessor
[THYMELEAF]             * [* {th:attrappend}] [900]: org.thymeleaf.standard.processor.StandardAttrappendTagProcessor
[THYMELEAF]             * [* {th:inline}] [1000]: org.thymeleaf.standard.processor.StandardInlineXMLTagProcessor
[THYMELEAF]             * [* {xmlns:th}] [1000]: org.thymeleaf.standard.processor.StandardXmlNsTagProcessor
[THYMELEAF]             * [* {th:text}] [1300]: org.thymeleaf.standard.processor.StandardTextTagProcessor
[THYMELEAF]             * [* {th:utext}] [1400]: org.thymeleaf.standard.processor.StandardUtextTagProcessor
[THYMELEAF]             * [* {th:fragment}] [1500]: org.thymeleaf.standard.processor.StandardFragmentTagProcessor
[THYMELEAF]             * [* {th:assert}] [1550]: org.thymeleaf.standard.processor.StandardAssertTagProcessor
[THYMELEAF]             * [* {th:remove}] [1600]: org.thymeleaf.standard.processor.StandardRemoveTagProcessor
[THYMELEAF]             * [* {th:ref}] [10000]: org.thymeleaf.standard.processor.StandardRefAttributeTagProcessor
[THYMELEAF]             * [{th:block} *] [100000]: org.thymeleaf.standard.processor.StandardBlockTagProcessor
[THYMELEAF]             * [* th:*] [2147483647]: org.thymeleaf.standard.processor.StandardDefaultAttributesTagProcessor
[THYMELEAF]         * Text Processors by [precedence]:
[THYMELEAF]             * [1000]: org.thymeleaf.standard.processor.StandardInliningTextProcessor
[THYMELEAF]         * CDATA Section Processors by [precedence]:
[THYMELEAF]             * [1000]: org.thymeleaf.standard.processor.StandardInliningCDATASectionProcessor
[THYMELEAF]         * Comment Processors by [precedence]:
[THYMELEAF]             * [1000]: org.thymeleaf.standard.processor.StandardInliningCommentProcessor
[THYMELEAF]     * Processors for Template Mode: TEXT
[THYMELEAF]         * Element Tag Processors by [matching element and attribute name] [precedence]:
[THYMELEAF]             * [* {th:insert}] [100]: org.thymeleaf.standard.processor.StandardInsertTagProcessor
[THYMELEAF]             * [* {th:replace}] [100]: org.thymeleaf.standard.processor.StandardReplaceTagProcessor
[THYMELEAF]             * [* {th:each}] [200]: org.thymeleaf.standard.processor.StandardEachTagProcessor
[THYMELEAF]             * [* {th:switch}] [250]: org.thymeleaf.standard.processor.StandardSwitchTagProcessor
[THYMELEAF]             * [* {th:case}] [275]: org.thymeleaf.standard.processor.StandardCaseTagProcessor
[THYMELEAF]             * [* {th:if}] [300]: org.thymeleaf.standard.processor.StandardIfTagProcessor
[THYMELEAF]             * [* {th:unless}] [400]: org.thymeleaf.standard.processor.StandardUnlessTagProcessor
[THYMELEAF]             * [* {th:object}] [500]: org.thymeleaf.standard.processor.StandardObjectTagProcessor
[THYMELEAF]             * [* {th:with}] [600]: org.thymeleaf.standard.processor.StandardWithTagProcessor
[THYMELEAF]             * [* {th:inline}] [1000]: org.thymeleaf.standard.processor.StandardInlineTextualTagProcessor
[THYMELEAF]             * [* {th:text}] [1300]: org.thymeleaf.standard.processor.StandardTextTagProcessor
[THYMELEAF]             * [* {th:utext}] [1400]: org.thymeleaf.standard.processor.StandardUtextTagProcessor
[THYMELEAF]             * [* {th:assert}] [1550]: org.thymeleaf.standard.processor.StandardAssertTagProcessor
[THYMELEAF]             * [* {th:remove}] [1600]: org.thymeleaf.standard.processor.StandardRemoveTagProcessor
[THYMELEAF]             * [* 100000] [org.thymeleaf.standard.processor.StandardBlockTagProcessor]: {}
[THYMELEAF]             * [{th:block} *] [100000]: org.thymeleaf.standard.processor.StandardBlockTagProcessor
[THYMELEAF]         * Text Processors by [precedence]:
[THYMELEAF]             * [1000]: org.thymeleaf.standard.processor.StandardInliningTextProcessor
[THYMELEAF]     * Processors for Template Mode: JAVASCRIPT
[THYMELEAF]         * Element Tag Processors by [matching element and attribute name] [precedence]:
[THYMELEAF]             * [* {th:insert}] [100]: org.thymeleaf.standard.processor.StandardInsertTagProcessor
[THYMELEAF]             * [* {th:replace}] [100]: org.thymeleaf.standard.processor.StandardReplaceTagProcessor
[THYMELEAF]             * [* {th:each}] [200]: org.thymeleaf.standard.processor.StandardEachTagProcessor
[THYMELEAF]             * [* {th:switch}] [250]: org.thymeleaf.standard.processor.StandardSwitchTagProcessor
[THYMELEAF]             * [* {th:case}] [275]: org.thymeleaf.standard.processor.StandardCaseTagProcessor
[THYMELEAF]             * [* {th:if}] [300]: org.thymeleaf.standard.processor.StandardIfTagProcessor
[THYMELEAF]             * [* {th:unless}] [400]: org.thymeleaf.standard.processor.StandardUnlessTagProcessor
[THYMELEAF]             * [* {th:object}] [500]: org.thymeleaf.standard.processor.StandardObjectTagProcessor
[THYMELEAF]             * [* {th:with}] [600]: org.thymeleaf.standard.processor.StandardWithTagProcessor
[THYMELEAF]             * [* {th:inline}] [1000]: org.thymeleaf.standard.processor.StandardInlineTextualTagProcessor
[THYMELEAF]             * [* {th:text}] [1300]: org.thymeleaf.standard.processor.StandardTextTagProcessor
[THYMELEAF]             * [* {th:utext}] [1400]: org.thymeleaf.standard.processor.StandardUtextTagProcessor
[THYMELEAF]             * [* {th:assert}] [1550]: org.thymeleaf.standard.processor.StandardAssertTagProcessor
[THYMELEAF]             * [* {th:remove}] [1600]: org.thymeleaf.standard.processor.StandardRemoveTagProcessor
[THYMELEAF]             * [{th:block} *] [100000]: org.thymeleaf.standard.processor.StandardBlockTagProcessor
[THYMELEAF]             * [* 100000] [org.thymeleaf.standard.processor.StandardBlockTagProcessor]: {}
[THYMELEAF]         * Text Processors by [precedence]:
[THYMELEAF]             * [1000]: org.thymeleaf.standard.processor.StandardInliningTextProcessor
[THYMELEAF]     * Processors for Template Mode: CSS
[THYMELEAF]         * Element Tag Processors by [matching element and attribute name] [precedence]:
[THYMELEAF]             * [* {th:insert}] [100]: org.thymeleaf.standard.processor.StandardInsertTagProcessor
[THYMELEAF]             * [* {th:replace}] [100]: org.thymeleaf.standard.processor.StandardReplaceTagProcessor
[THYMELEAF]             * [* {th:each}] [200]: org.thymeleaf.standard.processor.StandardEachTagProcessor
[THYMELEAF]             * [* {th:switch}] [250]: org.thymeleaf.standard.processor.StandardSwitchTagProcessor
[THYMELEAF]             * [* {th:case}] [275]: org.thymeleaf.standard.processor.StandardCaseTagProcessor
[THYMELEAF]             * [* {th:if}] [300]: org.thymeleaf.standard.processor.StandardIfTagProcessor
[THYMELEAF]             * [* {th:unless}] [400]: org.thymeleaf.standard.processor.StandardUnlessTagProcessor
[THYMELEAF]             * [* {th:object}] [500]: org.thymeleaf.standard.processor.StandardObjectTagProcessor
[THYMELEAF]             * [* {th:with}] [600]: org.thymeleaf.standard.processor.StandardWithTagProcessor
[THYMELEAF]             * [* {th:inline}] [1000]: org.thymeleaf.standard.processor.StandardInlineTextualTagProcessor
[THYMELEAF]             * [* {th:text}] [1300]: org.thymeleaf.standard.processor.StandardTextTagProcessor
[THYMELEAF]             * [* {th:utext}] [1400]: org.thymeleaf.standard.processor.StandardUtextTagProcessor
[THYMELEAF]             * [* {th:assert}] [1550]: org.thymeleaf.standard.processor.StandardAssertTagProcessor
[THYMELEAF]             * [* {th:remove}] [1600]: org.thymeleaf.standard.processor.StandardRemoveTagProcessor
[THYMELEAF]             * [* 100000] [org.thymeleaf.standard.processor.StandardBlockTagProcessor]: {}
[THYMELEAF]             * [{th:block} *] [100000]: org.thymeleaf.standard.processor.StandardBlockTagProcessor
[THYMELEAF]         * Text Processors by [precedence]:
[THYMELEAF]             * [1000]: org.thymeleaf.standard.processor.StandardInliningTextProcessor
[THYMELEAF]     * Expression Objects:
[THYMELEAF]         * #ctx
[THYMELEAF]         * #root
[THYMELEAF]         * #vars
[THYMELEAF]         * #object
[THYMELEAF]         * #locale
[THYMELEAF]         * #conversions
[THYMELEAF]         * #uris
[THYMELEAF]         * #temporals
[THYMELEAF]         * #calendars
[THYMELEAF]         * #dates
[THYMELEAF]         * #bools
[THYMELEAF]         * #numbers
[THYMELEAF]         * #objects
[THYMELEAF]         * #strings
[THYMELEAF]         * #arrays
[THYMELEAF]         * #lists
[THYMELEAF]         * #sets
[THYMELEAF]         * #maps
[THYMELEAF]         * #aggregates
[THYMELEAF]         * #messages
[THYMELEAF]         * #ids
[THYMELEAF]         * #execInfo
[THYMELEAF]         * #request
[THYMELEAF]         * #response
[THYMELEAF]         * #session
[THYMELEAF]         * #servletContext
[THYMELEAF]         * #fields
[THYMELEAF]         * #themes
[THYMELEAF]         * #mvc
[THYMELEAF]         * #requestdatavalues
[THYMELEAF]     * Execution Attributes:
[THYMELEAF]         * "StandardExpressionParser": Standard Expression Parser
[THYMELEAF]         * "StandardJavaScriptSerializer": org.thymeleaf.standard.serializer.StandardJavaScriptSerializer@75a83e84
[THYMELEAF]         * "StandardCSSSerializer": org.thymeleaf.standard.serializer.StandardCSSSerializer@67f0e3f4
[THYMELEAF]         * "EnableSpringELCompiler": false
[THYMELEAF]         * "StandardVariableExpressionEvaluator": SpringEL
[THYMELEAF]         * "StandardConversionService": org.thymeleaf.spring6.expression.SpringStandardConversionService@4301f092
[THYMELEAF] * Dialect [2 of 2]: SpringSecurity (org.thymeleaf.extras.springsecurity6.dialect.SpringSecurityDialect)
[THYMELEAF]     * Prefix: "sec"
[THYMELEAF]     * Processors for Template Mode: HTML
[THYMELEAF]         * Element Tag Processors by [matching element and attribute name] [precedence]:
[THYMELEAF]             * [* {sec:authorize-acl,data-sec-authorize-acl}] [300]: org.thymeleaf.extras.springsecurity6.dialect.processor.AuthorizeAclAttrProcessor
[THYMELEAF]             * [* {sec:authorize-expr,data-sec-authorize-expr}] [300]: org.thymeleaf.extras.springsecurity6.dialect.processor.AuthorizeAttrProcessor
[THYMELEAF]             * [* {sec:authorize,data-sec-authorize}] [300]: org.thymeleaf.extras.springsecurity6.dialect.processor.AuthorizeAttrProcessor
[THYMELEAF]             * [* {sec:authorize-url,data-sec-authorize-url}] [300]: org.thymeleaf.extras.springsecurity6.dialect.processor.AuthorizeUrlAttrProcessor
[THYMELEAF]             * [* {xmlns:sec}] [1000]: org.thymeleaf.standard.processor.StandardXmlNsTagProcessor
[THYMELEAF]             * [* {sec:authentication,data-sec-authentication}] [1300]: org.thymeleaf.extras.springsecurity6.dialect.processor.AuthenticationAttrProcessor
[THYMELEAF]     * Processors for Template Mode: XML
[THYMELEAF]         * Element Tag Processors by [matching element and attribute name] [precedence]:
[THYMELEAF]             * [* {sec:authorize-acl}] [300]: org.thymeleaf.extras.springsecurity6.dialect.processor.AuthorizeAclAttrProcessor
[THYMELEAF]             * [* {sec:authorize}] [300]: org.thymeleaf.extras.springsecurity6.dialect.processor.AuthorizeAttrProcessor
[THYMELEAF]             * [* {sec:authorize-expr}] [300]: org.thymeleaf.extras.springsecurity6.dialect.processor.AuthorizeAttrProcessor
[THYMELEAF]             * [* {sec:authorize-url}] [300]: org.thymeleaf.extras.springsecurity6.dialect.processor.AuthorizeUrlAttrProcessor
[THYMELEAF]             * [* {xmlns:sec}] [1000]: org.thymeleaf.standard.processor.StandardXmlNsTagProcessor
[THYMELEAF]             * [* {sec:authentication}] [1300]: org.thymeleaf.extras.springsecurity6.dialect.processor.AuthenticationAttrProcessor
[THYMELEAF]     * Processors for Template Mode: TEXT
[THYMELEAF]         * Element Tag Processors by [matching element and attribute name] [precedence]:
[THYMELEAF]             * [* {sec:authorize-acl}] [300]: org.thymeleaf.extras.springsecurity6.dialect.processor.AuthorizeAclAttrProcessor
[THYMELEAF]             * [* {sec:authorize}] [300]: org.thymeleaf.extras.springsecurity6.dialect.processor.AuthorizeAttrProcessor
[THYMELEAF]             * [* {sec:authorize-expr}] [300]: org.thymeleaf.extras.springsecurity6.dialect.processor.AuthorizeAttrProcessor
[THYMELEAF]             * [* {sec:authorize-url}] [300]: org.thymeleaf.extras.springsecurity6.dialect.processor.AuthorizeUrlAttrProcessor
[THYMELEAF]             * [* {xmlns:sec}] [1000]: org.thymeleaf.standard.processor.StandardXmlNsTagProcessor
[THYMELEAF]             * [* {sec:authentication}] [1300]: org.thymeleaf.extras.springsecurity6.dialect.processor.AuthenticationAttrProcessor
[THYMELEAF]     * Processors for Template Mode: JAVASCRIPT
[THYMELEAF]         * Element Tag Processors by [matching element and attribute name] [precedence]:
[THYMELEAF]             * [* {sec:authorize-acl}] [300]: org.thymeleaf.extras.springsecurity6.dialect.processor.AuthorizeAclAttrProcessor
[THYMELEAF]             * [* {sec:authorize}] [300]: org.thymeleaf.extras.springsecurity6.dialect.processor.AuthorizeAttrProcessor
[THYMELEAF]             * [* {sec:authorize-expr}] [300]: org.thymeleaf.extras.springsecurity6.dialect.processor.AuthorizeAttrProcessor
[THYMELEAF]             * [* {sec:authorize-url}] [300]: org.thymeleaf.extras.springsecurity6.dialect.processor.AuthorizeUrlAttrProcessor
[THYMELEAF]             * [* {xmlns:sec}] [1000]: org.thymeleaf.standard.processor.StandardXmlNsTagProcessor
[THYMELEAF]             * [* {sec:authentication}] [1300]: org.thymeleaf.extras.springsecurity6.dialect.processor.AuthenticationAttrProcessor
[THYMELEAF]     * Processors for Template Mode: CSS
[THYMELEAF]         * Element Tag Processors by [matching element and attribute name] [precedence]:
[THYMELEAF]             * [* {sec:authorize-acl}] [300]: org.thymeleaf.extras.springsecurity6.dialect.processor.AuthorizeAclAttrProcessor
[THYMELEAF]             * [* {sec:authorize}] [300]: org.thymeleaf.extras.springsecurity6.dialect.processor.AuthorizeAttrProcessor
[THYMELEAF]             * [* {sec:authorize-expr}] [300]: org.thymeleaf.extras.springsecurity6.dialect.processor.AuthorizeAttrProcessor
[THYMELEAF]             * [* {sec:authorize-url}] [300]: org.thymeleaf.extras.springsecurity6.dialect.processor.AuthorizeUrlAttrProcessor
[THYMELEAF]             * [* {xmlns:sec}] [1000]: org.thymeleaf.standard.processor.StandardXmlNsTagProcessor
[THYMELEAF]             * [* {sec:authentication}] [1300]: org.thymeleaf.extras.springsecurity6.dialect.processor.AuthenticationAttrProcessor
[THYMELEAF]     * Expression Objects:
[THYMELEAF]         * #authentication
[THYMELEAF]         * #authorization
[THYMELEAF] TEMPLATE ENGINE CONFIGURED OK
2026-04-20 21:49:02 [http-nio-8080-exec-3] DEBUG org.thymeleaf.TemplateEngine - [THYMELEAF] TEMPLATE ENGINE INITIALIZED
2026-04-20 21:49:02 [restartedMain] DEBUG org.hibernate.SQL - 
    select
        ls1_0.MaLoai,
        ls1_0.TenLoai,
        ls1_0.TrangThai 
    from
        loai ls1_0 
    where
        upper(ls1_0.TenLoai) like upper(?) escape '\\'
2026-04-20 21:49:02 [restartedMain] DEBUG org.hibernate.SQL - 
    select
        ls1_0.MaLoai,
        ls1_0.TenLoai,
        ls1_0.TrangThai 
    from
        loai ls1_0 
    where
        upper(ls1_0.TenLoai) like upper(?) escape '\\'
2026-04-20 21:49:02 [restartedMain] DEBUG org.hibernate.SQL - 
    select
        ls1_0.MaLoai,
        ls1_0.TenLoai,
        ls1_0.TrangThai 
    from
        loai ls1_0 
    where
        upper(ls1_0.TenLoai) like upper(?) escape '\\'
2026-04-20 21:49:02 [restartedMain] DEBUG org.hibernate.SQL - 
    select
        ls1_0.MaLoai,
        ls1_0.TenLoai,
        ls1_0.TrangThai 
    from
        loai ls1_0 
    where
        upper(ls1_0.TenLoai) like upper(?) escape '\\'
2026-04-20 21:49:02 [restartedMain] DEBUG org.hibernate.SQL - 
    select
        ls1_0.MaLoai,
        ls1_0.TenLoai,
        ls1_0.TrangThai 
    from
        loai ls1_0 
    where
        upper(ls1_0.TenLoai) like upper(?) escape '\\'
2026-04-20 21:49:02 [restartedMain] DEBUG org.hibernate.SQL - 
    select
        ls1_0.MaLoai,
        ls1_0.TenLoai,
        ls1_0.TrangThai 
    from
        loai ls1_0 
    where
        upper(ls1_0.TenLoai) like upper(?) escape '\\'
2026-04-20 21:49:02 [restartedMain] DEBUG org.hibernate.SQL - 
    select
        ls1_0.MaLoai,
        ls1_0.TenLoai,
        ls1_0.TrangThai 
    from
        loai ls1_0 
    where
        upper(ls1_0.TenLoai) like upper(?) escape '\\'
2026-04-20 21:49:02 [restartedMain] DEBUG org.hibernate.SQL - 
    select
        ls1_0.MaLoai,
        ls1_0.TenLoai,
        ls1_0.TrangThai 
    from
        loai ls1_0 
    where
        upper(ls1_0.TenLoai) like upper(?) escape '\\'
2026-04-20 21:49:02 [http-nio-8080-exec-3] DEBUG o.s.web.servlet.DispatcherServlet - Completed 200 OK
2026-04-20 21:49:02 [scheduling-1] DEBUG o.s.web.client.RestTemplate - Response 200 OK
2026-04-20 21:49:02 [scheduling-1] DEBUG o.s.web.client.RestTemplate - Reading to [java.lang.String] as "text/html;charset=UTF-8"
2026-04-20 21:49:02 [scheduling-1] INFO  c.e.library.service.KeepAliveService - Keep-alive successful! Response: <!doctype html>
<html>
<head>
<meta charset="UTF-8" />
<meta name="viewport" content="width=device-width, initial-scale=1.0" />
<title>Đăng Nhập - Thư Viện</title>
<link rel="stylesheet" href="/css/style.css" />
<link rel="stylesheet"
	href="https://cdnjs.cloudflare.com/ajax/libs/font-awesome/6.5.1/css/all.min.css" />
<style>
.login-container {
	min-height: 100vh;
	display: flex;
	align-items: center;
	justify-content: center;
	background: linear-gradient(135deg, #667eea 0%, #764ba2 100%);
}

.login-box {
	background: white;
	padding: 40px;
	border-radius: 20px;
	box-shadow: 0 20px 60px rgba(0, 0, 0, 0.3);
	width: 100%;
	max-width: 400px;
	animation: fadeIn 0.5s ease;
}

.login-header {
	text-align: center;
	margin-bottom: 30px;
}

.login-header i {
	font-size: 3rem;
	color: #4361ee;
	margin-bottom: 15px;
}

.login-header h2 {
	color: #1a1a2e;
	font-size: 1.8rem;
}

.form-group {
	margin-bottom: 20px;
}

.form-group label {
	display: block;
	margin-bottom: 8px;
	color: #1a1a2e;
	font-weight: 500;
}

.form-group i {
	margin-right: 8px;
	color: #4361ee;
}

.form-control {
	width: 100%;
	padding: 12px 15px;
	border: 2px solid #e0e0e0;
	border-radius: 10px;
	font-size: 1rem;
	transition: all 0.3s;
}

.form-control:focus {
	outline: none;
	border-color: #4361ee;
	box-shadow: 0 0 0 3px rgba(67, 97, 238, 0.1);
}

.btn-login {
	width: 100%;
	padding: 12px;
	background: linear-gradient(135deg, #4361ee, #3a56d4);
	color: white;
	border: none;
	border-radius: 10px;
	font-size: 1rem;
	font-weight: 600;
	cursor: pointer;
	transition: all 0.3s;
}

.btn-login:hover {
	transform: translateY(-2px);
	box-shadow: 0 5px 20px rgba(67, 97, 238, 0.4);
}

.btn-login i {
	color: white !important;
}

.login-footer {
	text-align: center;
	margin-top: 20px;
}

.login-footer a {
	color: #4361ee;
	text-decoration: none;
}

.alert {
	padding: 12px 15px;
	border-radius: 10px;
	margin-bottom: 20px;
}

.alert-danger {
	background: rgba(239, 71, 111, 0.1);
	color: #ef476f;
	border: 1px solid rgba(239, 71, 111, 0.2);
}

.alert-success {
	background: rgba(6, 214, 160, 0.1);
	color: #06d6a0;
	border: 1px solid rgba(6, 214, 160, 0.2);
}
</style>
</head>
<body>
	<div class="login-container">
		<div class="login-box">
			<div class="login-header">
				<i class="fas fa-book-open"></i>
				<h2>Đăng Nhập</h2>
				<p style="color: #6c757d">Hệ thống quản lý thư viện</p>
			</div>

			
			
			

			<form action="/login" method="post">
				<div class="form-group">
					<label><i class="fas fa-user"></i>Tên đăng nhập</label> <input
						type="text" name="username" class="form-control"
						placeholder="Nhập tên đăng nhập" required />
				</div>
				<div class="form-group">
					<label><i class="fas fa-lock"></i>Mật khẩu</label> <input
						type="password" name="password" class="form-control"
						placeholder="Nhập mật khẩu" required />
				</div>
				<div class="form-group" style="display: flex; align-items: center">
					<input type="checkbox" name="remember-me" id="remember"
						style="margin-right: 10px" /> <label for="remember"
						style="margin: 0">Ghi nhớ đăng nhập</label>
				</div>
				<button type="submit" class="btn-login">
					<i class="fas fa-sign-in-alt"></i> Đăng Nhập
				</button>
			</form>
			<div class="login-footer">
				<div class="auth-footer">
					<p>
						Chưa có tài khoản? <a href="/register">Đăng ký ngay</a>
					</p>
					<p>
						<a href="/forgot-password">Quên mật khẩu?</a>
					</p>
				</div>
			</div>
		</div>
	</div>
</body>
</html>

2026-04-20 21:49:02 [restartedMain] DEBUG org.hibernate.SQL - 
    select
        count(*) 
    from
        sach s1_0
2026-04-20 21:49:03 [restartedMain] INFO  o.s.b.d.a.ConditionEvaluationDeltaLoggingListener - Condition evaluation unchanged
2026-04-20 21:49:13 [File Watcher] INFO  o.s.b.d.a.LocalDevToolsAutoConfiguration$RestartingClassPathChangeChangedEventListener - Restarting due to 1 class path change (0 additions, 0 deletions, 1 modification)
2026-04-20 21:49:13 [Thread-7] INFO  o.s.o.j.LocalContainerEntityManagerFactoryBean - Closing JPA EntityManagerFactory for persistence unit 'default'
2026-04-20 21:49:13 [Thread-7] INFO  com.zaxxer.hikari.HikariDataSource - HikariPool-2 - Shutdown initiated...
2026-04-20 21:49:13 [Thread-7] INFO  com.zaxxer.hikari.HikariDataSource - HikariPool-2 - Shutdown completed.
2026-04-20 21:49:13 [restartedMain] INFO  c.example.library.LibraryApplication - Starting LibraryApplication using Java 22.0.1 with PID 31596 (F:\Project\QL_Sach\target\classes started by Lenovo in F:\Project\QL_Sach)
2026-04-20 21:49:13 [restartedMain] DEBUG c.example.library.LibraryApplication - Running with Spring Boot v3.2.2, Spring v6.1.3
2026-04-20 21:49:13 [restartedMain] INFO  c.example.library.LibraryApplication - No active profile set, falling back to 1 default profile: "default"
2026-04-20 21:49:13 [restartedMain] INFO  o.s.d.r.c.RepositoryConfigurationDelegate - Bootstrapping Spring Data JPA repositories in DEFAULT mode.
2026-04-20 21:49:13 [restartedMain] INFO  o.s.d.r.c.RepositoryConfigurationDelegate - Finished Spring Data repository scanning in 21 ms. Found 15 JPA repository interfaces.
2026-04-20 21:49:13 [restartedMain] INFO  o.s.b.w.e.tomcat.TomcatWebServer - Tomcat initialized with port 8080 (http)
2026-04-20 21:49:13 [restartedMain] INFO  o.a.catalina.core.StandardService - Starting service [Tomcat]
2026-04-20 21:49:13 [restartedMain] INFO  o.a.catalina.core.StandardEngine - Starting Servlet engine: [Apache Tomcat/10.1.18]
2026-04-20 21:49:13 [restartedMain] INFO  o.a.c.c.C.[Tomcat].[localhost].[/] - Initializing Spring embedded WebApplicationContext
2026-04-20 21:49:13 [restartedMain] INFO  o.s.b.w.s.c.ServletWebServerApplicationContext - Root WebApplicationContext: initialization completed in 329 ms
2026-04-20 21:49:13 [restartedMain] INFO  o.h.jpa.internal.util.LogHelper - HHH000204: Processing PersistenceUnitInfo [name: default]
2026-04-20 21:49:13 [restartedMain] INFO  o.h.c.i.RegionFactoryInitiator - HHH000026: Second-level cache disabled
2026-04-20 21:49:13 [restartedMain] INFO  o.s.o.j.p.SpringPersistenceUnitInfo - No LoadTimeWeaver setup: ignoring JPA class transformer
2026-04-20 21:49:13 [restartedMain] INFO  com.zaxxer.hikari.HikariDataSource - HikariPool-3 - Starting...
2026-04-20 21:49:13 [restartedMain] INFO  com.zaxxer.hikari.pool.HikariPool - HikariPool-3 - Added connection com.mysql.cj.jdbc.ConnectionImpl@1ba36198
2026-04-20 21:49:13 [restartedMain] INFO  com.zaxxer.hikari.HikariDataSource - HikariPool-3 - Start completed.
2026-04-20 21:49:13 [restartedMain] WARN  org.hibernate.orm.deprecation - HHH90000025: MySQL8Dialect does not need to be specified explicitly using 'hibernate.dialect' (remove the property setting and it will be selected by default)
2026-04-20 21:49:13 [restartedMain] WARN  org.hibernate.orm.deprecation - HHH90000026: MySQL8Dialect has been deprecated; use org.hibernate.dialect.MySQLDialect instead
2026-04-20 21:49:14 [restartedMain] INFO  o.h.e.t.j.p.i.JtaPlatformInitiator - HHH000489: No JTA platform available (set 'hibernate.transaction.jta.platform' to enable JTA platform integration)
2026-04-20 21:49:14 [restartedMain] INFO  o.s.o.j.LocalContainerEntityManagerFactoryBean - Initialized JPA EntityManagerFactory for persistence unit 'default'
2026-04-20 21:49:14 [restartedMain] WARN  o.s.b.a.o.j.JpaBaseConfiguration$JpaWebConfiguration - spring.jpa.open-in-view is enabled by default. Therefore, database queries may be performed during view rendering. Explicitly configure spring.jpa.open-in-view to disable this warning
2026-04-20 21:49:14 [restartedMain] INFO  o.s.b.a.w.s.WelcomePageHandlerMapping - Adding welcome page template: index
2026-04-20 21:49:14 [restartedMain] DEBUG o.s.w.s.m.m.a.RequestMappingHandlerMapping - 100 mappings in 'requestMappingHandlerMapping'
2026-04-20 21:49:14 [restartedMain] DEBUG o.s.w.s.h.SimpleUrlHandlerMapping - Patterns [/, /index] in 'viewControllerHandlerMapping'
2026-04-20 21:49:14 [restartedMain] DEBUG o.s.w.s.h.SimpleUrlHandlerMapping - Patterns [/webjars/**, /**, /img/sach/**] in 'resourceHandlerMapping'
2026-04-20 21:49:14 [restartedMain] INFO  o.s.s.web.DefaultSecurityFilterChain - Will secure any request with [org.springframework.security.web.session.DisableEncodeUrlFilter@41c57b8b, org.springframework.security.web.context.request.async.WebAsyncManagerIntegrationFilter@143f4f3b, org.springframework.security.web.context.SecurityContextHolderFilter@1245749, org.springframework.security.web.header.HeaderWriterFilter@42f9c148, org.springframework.web.filter.CorsFilter@1fba84b5, org.springframework.security.web.authentication.logout.LogoutFilter@2efae54c, org.springframework.security.web.authentication.UsernamePasswordAuthenticationFilter@38ec295f, org.springframework.security.web.savedrequest.RequestCacheAwareFilter@55368bcb, org.springframework.security.web.servletapi.SecurityContextHolderAwareRequestFilter@138075c, org.springframework.security.web.authentication.AnonymousAuthenticationFilter@4645e0cc, org.springframework.security.web.access.ExceptionTranslationFilter@3d7d24fd, org.springframework.security.web.access.intercept.AuthorizationFilter@eb0b7ce]
2026-04-20 21:49:14 [restartedMain] DEBUG o.s.w.s.m.m.a.RequestMappingHandlerAdapter - ControllerAdvice beans: 1 @ModelAttribute, 0 @InitBinder, 1 RequestBodyAdvice, 1 ResponseBodyAdvice
2026-04-20 21:49:14 [restartedMain] DEBUG o.s.w.s.m.m.a.ExceptionHandlerExceptionResolver - ControllerAdvice beans: 1 @ExceptionHandler, 1 ResponseBodyAdvice
2026-04-20 21:49:14 [restartedMain] INFO  o.s.b.d.a.OptionalLiveReloadServer - LiveReload server is running on port 35729
2026-04-20 21:49:14 [restartedMain] INFO  o.s.b.w.e.tomcat.TomcatWebServer - Tomcat started on port 8080 (http) with context path ''
2026-04-20 21:49:14 [scheduling-1] INFO  c.e.library.service.KeepAliveService - Attempting to keep-alive: Ping to http://localhost:8080/ping
2026-04-20 21:49:14 [restartedMain] INFO  c.example.library.LibraryApplication - Started LibraryApplication in 1.363 seconds (process running for 763.057)
2026-04-20 21:49:14 [scheduling-1] DEBUG o.s.web.client.RestTemplate - HTTP GET http://localhost:8080/ping
2026-04-20 21:49:14 [scheduling-1] DEBUG o.s.web.client.RestTemplate - Accept=[text/plain, application/json, application/*+json, */*]
2026-04-20 21:49:14 [http-nio-8080-exec-1] INFO  o.a.c.c.C.[Tomcat].[localhost].[/] - Initializing Spring DispatcherServlet 'dispatcherServlet'
2026-04-20 21:49:14 [http-nio-8080-exec-1] INFO  o.s.web.servlet.DispatcherServlet - Initializing Servlet 'dispatcherServlet'
2026-04-20 21:49:14 [http-nio-8080-exec-1] DEBUG o.s.web.servlet.DispatcherServlet - Detected StandardServletMultipartResolver
2026-04-20 21:49:14 [http-nio-8080-exec-1] DEBUG o.s.web.servlet.DispatcherServlet - Detected AcceptHeaderLocaleResolver
2026-04-20 21:49:14 [http-nio-8080-exec-1] DEBUG o.s.web.servlet.DispatcherServlet - Detected FixedThemeResolver
2026-04-20 21:49:14 [restartedMain] DEBUG org.hibernate.SQL - 
    select
        count(*) 
    from
        taikhoan tk1_0
2026-04-20 21:49:14 [http-nio-8080-exec-1] DEBUG o.s.web.servlet.DispatcherServlet - Detected org.springframework.web.servlet.view.DefaultRequestToViewNameTranslator@526ccbd4
2026-04-20 21:49:14 [http-nio-8080-exec-1] DEBUG o.s.web.servlet.DispatcherServlet - Detected org.springframework.web.servlet.support.SessionFlashMapManager@2d352192
2026-04-20 21:49:14 [http-nio-8080-exec-1] DEBUG o.s.web.servlet.DispatcherServlet - enableLoggingRequestDetails='false': request parameters and headers will be masked to prevent unsafe logging of potentially sensitive data
2026-04-20 21:49:14 [http-nio-8080-exec-1] INFO  o.s.web.servlet.DispatcherServlet - Completed initialization in 1 ms
2026-04-20 21:49:14 [http-nio-8080-exec-1] DEBUG o.s.security.web.FilterChainProxy - Securing GET /ping
2026-04-20 21:49:14 [http-nio-8080-exec-1] DEBUG o.s.s.w.a.AnonymousAuthenticationFilter - Set SecurityContextHolder to anonymous SecurityContext
2026-04-20 21:49:14 [http-nio-8080-exec-1] DEBUG o.s.s.web.DefaultRedirectStrategy - Redirecting to http://localhost:8080/login
2026-04-20 21:49:14 [http-nio-8080-exec-3] DEBUG o.s.security.web.FilterChainProxy - Securing GET /login
2026-04-20 21:49:14 [http-nio-8080-exec-3] DEBUG o.s.security.web.FilterChainProxy - Secured GET /login
2026-04-20 21:49:14 [http-nio-8080-exec-3] DEBUG o.s.web.servlet.DispatcherServlet - GET "/login", parameters={}
2026-04-20 21:49:14 [http-nio-8080-exec-3] DEBUG o.s.w.s.m.m.a.RequestMappingHandlerMapping - Mapped to com.example.library.controller.AuthController#loginPage(String, String, String, String, Model)
2026-04-20 21:49:14 [http-nio-8080-exec-3] DEBUG o.s.s.w.a.AnonymousAuthenticationFilter - Set SecurityContextHolder to anonymous SecurityContext
2026-04-20 21:49:14 [http-nio-8080-exec-3] DEBUG o.s.w.s.v.ContentNegotiatingViewResolver - Selected '*/*' given [text/plain, application/json, application/*+json, */*]
2026-04-20 21:49:14 [restartedMain] DEBUG org.hibernate.SQL - 
    select
        ls1_0.MaLoai,
        ls1_0.TenLoai,
        ls1_0.TrangThai 
    from
        loai ls1_0 
    where
        upper(ls1_0.TenLoai) like upper(?) escape '\\'
2026-04-20 21:49:14 [http-nio-8080-exec-3] DEBUG org.thymeleaf.TemplateEngine - [THYMELEAF] INITIALIZING TEMPLATE ENGINE
2026-04-20 21:49:14 [restartedMain] DEBUG org.hibernate.SQL - 
    select
        ls1_0.MaLoai,
        ls1_0.TenLoai,
        ls1_0.TrangThai 
    from
        loai ls1_0 
    where
        upper(ls1_0.TenLoai) like upper(?) escape '\\'
2026-04-20 21:49:14 [restartedMain] DEBUG org.hibernate.SQL - 
    select
        ls1_0.MaLoai,
        ls1_0.TenLoai,
        ls1_0.TrangThai 
    from
        loai ls1_0 
    where
        upper(ls1_0.TenLoai) like upper(?) escape '\\'
2026-04-20 21:49:14 [restartedMain] DEBUG org.hibernate.SQL - 
    select
        ls1_0.MaLoai,
        ls1_0.TenLoai,
        ls1_0.TrangThai 
    from
        loai ls1_0 
    where
        upper(ls1_0.TenLoai) like upper(?) escape '\\'
2026-04-20 21:49:14 [restartedMain] DEBUG org.hibernate.SQL - 
    select
        ls1_0.MaLoai,
        ls1_0.TenLoai,
        ls1_0.TrangThai 
    from
        loai ls1_0 
    where
        upper(ls1_0.TenLoai) like upper(?) escape '\\'
2026-04-20 21:49:14 [restartedMain] DEBUG org.hibernate.SQL - 
    select
        ls1_0.MaLoai,
        ls1_0.TenLoai,
        ls1_0.TrangThai 
    from
        loai ls1_0 
    where
        upper(ls1_0.TenLoai) like upper(?) escape '\\'
2026-04-20 21:49:14 [restartedMain] DEBUG org.hibernate.SQL - 
    select
        ls1_0.MaLoai,
        ls1_0.TenLoai,
        ls1_0.TrangThai 
    from
        loai ls1_0 
    where
        upper(ls1_0.TenLoai) like upper(?) escape '\\'
2026-04-20 21:49:14 [restartedMain] DEBUG org.hibernate.SQL - 
    select
        ls1_0.MaLoai,
        ls1_0.TenLoai,
        ls1_0.TrangThai 
    from
        loai ls1_0 
    where
        upper(ls1_0.TenLoai) like upper(?) escape '\\'
2026-04-20 21:49:14 [restartedMain] DEBUG org.hibernate.SQL - 
    select
        ls1_0.MaLoai,
        ls1_0.TenLoai,
        ls1_0.TrangThai 
    from
        loai ls1_0 
    where
        upper(ls1_0.TenLoai) like upper(?) escape '\\'
2026-04-20 21:49:14 [http-nio-8080-exec-3] DEBUG org.thymeleaf.TemplateEngine.CONFIG - Initializing Thymeleaf Template engine configuration...
[THYMELEAF] TEMPLATE ENGINE CONFIGURATION:
[THYMELEAF] * Thymeleaf version: 3.1.2.RELEASE (built 2023-07-30T19:25:50+0000)
[THYMELEAF] * Cache Manager implementation: org.thymeleaf.cache.StandardCacheManager
[THYMELEAF] * Template resolvers:
[THYMELEAF]     * org.thymeleaf.spring6.templateresolver.SpringResourceTemplateResolver
[THYMELEAF] * Message resolvers:
[THYMELEAF]     * org.thymeleaf.spring6.messageresolver.SpringMessageResolver
[THYMELEAF] * Link builders:
[THYMELEAF]     * org.thymeleaf.linkbuilder.StandardLinkBuilder
[THYMELEAF] * Dialect [1 of 2]: SpringStandard (org.thymeleaf.spring6.dialect.SpringStandardDialect)
[THYMELEAF]     * Prefix: "th"
[THYMELEAF]     * Processors for Template Mode: HTML
[THYMELEAF]         * Element Tag Processors by [matching element and attribute name] [precedence]:
[THYMELEAF]             * [* {th:include,data-th-include}] [100]: org.thymeleaf.standard.processor.StandardIncludeTagProcessor
[THYMELEAF]             * [* {th:insert,data-th-insert}] [100]: org.thymeleaf.standard.processor.StandardInsertTagProcessor
[THYMELEAF]             * [* {th:replace,data-th-replace}] [100]: org.thymeleaf.standard.processor.StandardReplaceTagProcessor
[THYMELEAF]             * [* {th:each,data-th-each}] [200]: org.thymeleaf.standard.processor.StandardEachTagProcessor
[THYMELEAF]             * [* {th:switch,data-th-switch}] [250]: org.thymeleaf.standard.processor.StandardSwitchTagProcessor
[THYMELEAF]             * [* {th:case,data-th-case}] [275]: org.thymeleaf.standard.processor.StandardCaseTagProcessor
[THYMELEAF]             * [* {th:if,data-th-if}] [300]: org.thymeleaf.standard.processor.StandardIfTagProcessor
[THYMELEAF]             * [* {th:unless,data-th-unless}] [400]: org.thymeleaf.standard.processor.StandardUnlessTagProcessor
[THYMELEAF]             * [* {th:object,data-th-object}] [500]: org.thymeleaf.spring6.processor.SpringObjectTagProcessor
[THYMELEAF]             * [* {th:with,data-th-with}] [600]: org.thymeleaf.standard.processor.StandardWithTagProcessor
[THYMELEAF]             * [* {th:attr,data-th-attr}] [700]: org.thymeleaf.standard.processor.StandardAttrTagProcessor
[THYMELEAF]             * [* {th:attrprepend,data-th-attrprepend}] [800]: org.thymeleaf.standard.processor.StandardAttrprependTagProcessor
[THYMELEAF]             * [* {th:attrappend,data-th-attrappend}] [900]: org.thymeleaf.standard.processor.StandardAttrappendTagProcessor
[THYMELEAF]             * [* {th:method,data-th-method}] [990]: org.thymeleaf.spring6.processor.SpringMethodTagProcessor
[THYMELEAF]             * [* {th:alt-title,data-th-alt-title}] [990]: org.thymeleaf.standard.processor.StandardAltTitleTagProcessor
[THYMELEAF]             * [* {th:lang-xmllang,data-th-lang-xmllang}] [990]: org.thymeleaf.standard.processor.StandardLangXmlLangTagProcessor
[THYMELEAF]             * [* {th:action,data-th-action}] [1000]: org.thymeleaf.spring6.processor.SpringActionTagProcessor
[THYMELEAF]             * [* {th:href,data-th-href}] [1000]: org.thymeleaf.spring6.processor.SpringHrefTagProcessor
[THYMELEAF]             * [* {th:src,data-th-src}] [1000]: org.thymeleaf.spring6.processor.SpringSrcTagProcessor
[THYMELEAF]             * [* {th:declare,data-th-declare}] [1000]: org.thymeleaf.standard.processor.StandardConditionalFixedValueTagProcessor
[THYMELEAF]             * [* {th:autoplay,data-th-autoplay}] [1000]: org.thymeleaf.standard.processor.StandardConditionalFixedValueTagProcessor
[THYMELEAF]             * [* {th:selected,data-th-selected}] [1000]: org.thymeleaf.standard.processor.StandardConditionalFixedValueTagProcessor
[THYMELEAF]             * [* {th:ismap,data-th-ismap}] [1000]: org.thymeleaf.standard.processor.StandardConditionalFixedValueTagProcessor
[THYMELEAF]             * [* {th:open,data-th-open}] [1000]: org.thymeleaf.standard.processor.StandardConditionalFixedValueTagProcessor
[THYMELEAF]             * [* {th:nowrap,data-th-nowrap}] [1000]: org.thymeleaf.standard.processor.StandardConditionalFixedValueTagProcessor
[THYMELEAF]             * [* {th:pubdate,data-th-pubdate}] [1000]: org.thymeleaf.standard.processor.StandardConditionalFixedValueTagProcessor
[THYMELEAF]             * [* {th:async,data-th-async}] [1000]: org.thymeleaf.standard.processor.StandardConditionalFixedValueTagProcessor
[THYMELEAF]             * [* {th:default,data-th-default}] [1000]: org.thymeleaf.standard.processor.StandardConditionalFixedValueTagProcessor
[THYMELEAF]             * [* {th:disabled,data-th-disabled}] [1000]: org.thymeleaf.standard.processor.StandardConditionalFixedValueTagProcessor
[THYMELEAF]             * [* {th:controls,data-th-controls}] [1000]: org.thymeleaf.standard.processor.StandardConditionalFixedValueTagProcessor
[THYMELEAF]             * [* {th:autofocus,data-th-autofocus}] [1000]: org.thymeleaf.standard.processor.StandardConditionalFixedValueTagProcessor
[THYMELEAF]             * [* {th:reversed,data-th-reversed}] [1000]: org.thymeleaf.standard.processor.StandardConditionalFixedValueTagProcessor
[THYMELEAF]             * [* {th:multiple,data-th-multiple}] [1000]: org.thymeleaf.standard.processor.StandardConditionalFixedValueTagProcessor
[THYMELEAF]             * [* {th:defer,data-th-defer}] [1000]: org.thymeleaf.standard.processor.StandardConditionalFixedValueTagProcessor
[THYMELEAF]             * [* {th:novalidate,data-th-novalidate}] [1000]: org.thymeleaf.standard.processor.StandardConditionalFixedValueTagProcessor
[THYMELEAF]             * [* {th:seamless,data-th-seamless}] [1000]: org.thymeleaf.standard.processor.StandardConditionalFixedValueTagProcessor
[THYMELEAF]             * [* {th:scoped,data-th-scoped}] [1000]: org.thymeleaf.standard.processor.StandardConditionalFixedValueTagProcessor
[THYMELEAF]             * [* {th:hidden,data-th-hidden}] [1000]: org.thymeleaf.standard.processor.StandardConditionalFixedValueTagProcessor
[THYMELEAF]             * [* {th:formnovalidate,data-th-formnovalidate}] [1000]: org.thymeleaf.standard.processor.StandardConditionalFixedValueTagProcessor
[THYMELEAF]             * [* {th:checked,data-th-checked}] [1000]: org.thymeleaf.standard.processor.StandardConditionalFixedValueTagProcessor
[THYMELEAF]             * [* {th:loop,data-th-loop}] [1000]: org.thymeleaf.standard.processor.StandardConditionalFixedValueTagProcessor
[THYMELEAF]             * [* {th:required,data-th-required}] [1000]: org.thymeleaf.standard.processor.StandardConditionalFixedValueTagProcessor
[THYMELEAF]             * [* {th:readonly,data-th-readonly}] [1000]: org.thymeleaf.standard.processor.StandardConditionalFixedValueTagProcessor
[THYMELEAF]             * [* {th:onblur,data-th-onblur}] [1000]: org.thymeleaf.standard.processor.StandardDOMEventAttributeTagProcessor
[THYMELEAF]             * [* {th:onunload,data-th-onunload}] [1000]: org.thymeleaf.standard.processor.StandardDOMEventAttributeTagProcessor
[THYMELEAF]             * [* {th:ondrag,data-th-ondrag}] [1000]: org.thymeleaf.standard.processor.StandardDOMEventAttributeTagProcessor
[THYMELEAF]             * [* {th:onmousedown,data-th-onmousedown}] [1000]: org.thymeleaf.standard.processor.StandardDOMEventAttributeTagProcessor
[THYMELEAF]             * [* {th:onforminput,data-th-onforminput}] [1000]: org.thymeleaf.standard.processor.StandardDOMEventAttributeTagProcessor
[THYMELEAF]             * [* {th:onerror,data-th-onerror}] [1000]: org.thymeleaf.standard.processor.StandardDOMEventAttributeTagProcessor
[THYMELEAF]             * [* {th:onformchange,data-th-onformchange}] [1000]: org.thymeleaf.standard.processor.StandardDOMEventAttributeTagProcessor
[THYMELEAF]             * [* {th:onloadedmetadata,data-th-onloadedmetadata}] [1000]: org.thymeleaf.standard.processor.StandardDOMEventAttributeTagProcessor
[THYMELEAF]             * [* {th:onstalled,data-th-onstalled}] [1000]: org.thymeleaf.standard.processor.StandardDOMEventAttributeTagProcessor
[THYMELEAF]             * [* {th:onreadystatechange,data-th-onreadystatechange}] [1000]: org.thymeleaf.standard.processor.StandardDOMEventAttributeTagProcessor
[THYMELEAF]             * [* {th:onloadstart,data-th-onloadstart}] [1000]: org.thymeleaf.standard.processor.StandardDOMEventAttributeTagProcessor
[THYMELEAF]             * [* {th:onended,data-th-onended}] [1000]: org.thymeleaf.standard.processor.StandardDOMEventAttributeTagProcessor
[THYMELEAF]             * [* {th:onplay,data-th-onplay}] [1000]: org.thymeleaf.standard.processor.StandardDOMEventAttributeTagProcessor
[THYMELEAF]             * [* {th:oncanplaythrough,data-th-oncanplaythrough}] [1000]: org.thymeleaf.standard.processor.StandardDOMEventAttributeTagProcessor
[THYMELEAF]             * [* {th:onloadeddata,data-th-onloadeddata}] [1000]: org.thymeleaf.standard.processor.StandardDOMEventAttributeTagProcessor
[THYMELEAF]             * [* {th:onkeydown,data-th-onkeydown}] [1000]: org.thymeleaf.standard.processor.StandardDOMEventAttributeTagProcessor
[THYMELEAF]             * [* {th:onchange,data-th-onchange}] [1000]: org.thymeleaf.standard.processor.StandardDOMEventAttributeTagProcessor
[THYMELEAF]             * [* {th:onsubmit,data-th-onsubmit}] [1000]: org.thymeleaf.standard.processor.StandardDOMEventAttributeTagProcessor
[THYMELEAF]             * [* {th:onundo,data-th-onundo}] [1000]: org.thymeleaf.standard.processor.StandardDOMEventAttributeTagProcessor
[THYMELEAF]             * [* {th:onafterprint,data-th-onafterprint}] [1000]: org.thymeleaf.standard.processor.StandardDOMEventAttributeTagProcessor
[THYMELEAF]             * [* {th:onkeypress,data-th-onkeypress}] [1000]: org.thymeleaf.standard.processor.StandardDOMEventAttributeTagProcessor
[THYMELEAF]             * [* {th:onfocus,data-th-onfocus}] [1000]: org.thymeleaf.standard.processor.StandardDOMEventAttributeTagProcessor
[THYMELEAF]             * [* {th:ondragover,data-th-ondragover}] [1000]: org.thymeleaf.standard.processor.StandardDOMEventAttributeTagProcessor
[THYMELEAF]             * [* {th:onsuspend,data-th-onsuspend}] [1000]: org.thymeleaf.standard.processor.StandardDOMEventAttributeTagProcessor
[THYMELEAF]             * [* {th:onredo,data-th-onredo}] [1000]: org.thymeleaf.standard.processor.StandardDOMEventAttributeTagProcessor
[THYMELEAF]             * [* {th:onreset,data-th-onreset}] [1000]: org.thymeleaf.standard.processor.StandardDOMEventAttributeTagProcessor
[THYMELEAF]             * [* {th:oncontextmenu,data-th-oncontextmenu}] [1000]: org.thymeleaf.standard.processor.StandardDOMEventAttributeTagProcessor
[THYMELEAF]             * [* {th:onkeyup,data-th-onkeyup}] [1000]: org.thymeleaf.standard.processor.StandardDOMEventAttributeTagProcessor
[THYMELEAF]             * [* {th:oncanplay,data-th-oncanplay}] [1000]: org.thymeleaf.standard.processor.StandardDOMEventAttributeTagProcessor
[THYMELEAF]             * [* {th:ondurationchange,data-th-ondurationchange}] [1000]: org.thymeleaf.standard.processor.StandardDOMEventAttributeTagProcessor
[THYMELEAF]             * [* {th:onseeked,data-th-onseeked}] [1000]: org.thymeleaf.standard.processor.StandardDOMEventAttributeTagProcessor
[THYMELEAF]             * [* {th:onmousemove,data-th-onmousemove}] [1000]: org.thymeleaf.standard.processor.StandardDOMEventAttributeTagProcessor
[THYMELEAF]             * [* {th:onprogress,data-th-onprogress}] [1000]: org.thymeleaf.standard.processor.StandardDOMEventAttributeTagProcessor
[THYMELEAF]             * [* {th:onmouseout,data-th-onmouseout}] [1000]: org.thymeleaf.standard.processor.StandardDOMEventAttributeTagProcessor
[THYMELEAF]             * [* {th:onresize,data-th-onresize}] [1000]: org.thymeleaf.standard.processor.StandardDOMEventAttributeTagProcessor
[THYMELEAF]             * [* {th:onratechange,data-th-onratechange}] [1000]: org.thymeleaf.standard.processor.StandardDOMEventAttributeTagProcessor
[THYMELEAF]             * [* {th:onoffline,data-th-onoffline}] [1000]: org.thymeleaf.standard.processor.StandardDOMEventAttributeTagProcessor
[THYMELEAF]             * [* {th:onpopstate,data-th-onpopstate}] [1000]: org.thymeleaf.standard.processor.StandardDOMEventAttributeTagProcessor
[THYMELEAF]             * [* {th:ontimeupdate,data-th-ontimeupdate}] [1000]: org.thymeleaf.standard.processor.StandardDOMEventAttributeTagProcessor
[THYMELEAF]             * [* {th:onload,data-th-onload}] [1000]: org.thymeleaf.standard.processor.StandardDOMEventAttributeTagProcessor
[THYMELEAF]             * [* {th:onmessage,data-th-onmessage}] [1000]: org.thymeleaf.standard.processor.StandardDOMEventAttributeTagProcessor
[THYMELEAF]             * [* {th:onemptied,data-th-onemptied}] [1000]: org.thymeleaf.standard.processor.StandardDOMEventAttributeTagProcessor
[THYMELEAF]             * [* {th:ondrop,data-th-ondrop}] [1000]: org.thymeleaf.standard.processor.StandardDOMEventAttributeTagProcessor
[THYMELEAF]             * [* {th:ondragenter,data-th-ondragenter}] [1000]: org.thymeleaf.standard.processor.StandardDOMEventAttributeTagProcessor
[THYMELEAF]             * [* {th:onmouseup,data-th-onmouseup}] [1000]: org.thymeleaf.standard.processor.StandardDOMEventAttributeTagProcessor
[THYMELEAF]             * [* {th:ondragleave,data-th-ondragleave}] [1000]: org.thymeleaf.standard.processor.StandardDOMEventAttributeTagProcessor
[THYMELEAF]             * [* {th:onclick,data-th-onclick}] [1000]: org.thymeleaf.standard.processor.StandardDOMEventAttributeTagProcessor
[THYMELEAF]             * [* {th:onshow,data-th-onshow}] [1000]: org.thymeleaf.standard.processor.StandardDOMEventAttributeTagProcessor
[THYMELEAF]             * [* {th:onstorage,data-th-onstorage}] [1000]: org.thymeleaf.standard.processor.StandardDOMEventAttributeTagProcessor
[THYMELEAF]             * [* {th:ondblclick,data-th-ondblclick}] [1000]: org.thymeleaf.standard.processor.StandardDOMEventAttributeTagProcessor
[THYMELEAF]             * [* {th:oninvalid,data-th-oninvalid}] [1000]: org.thymeleaf.standard.processor.StandardDOMEventAttributeTagProcessor
[THYMELEAF]             * [* {th:ondragstart,data-th-ondragstart}] [1000]: org.thymeleaf.standard.processor.StandardDOMEventAttributeTagProcessor
[THYMELEAF]             * [* {th:onwaiting,data-th-onwaiting}] [1000]: org.thymeleaf.standard.processor.StandardDOMEventAttributeTagProcessor
[THYMELEAF]             * [* {th:onbeforeunload,data-th-onbeforeunload}] [1000]: org.thymeleaf.standard.processor.StandardDOMEventAttributeTagProcessor
[THYMELEAF]             * [* {th:onseeking,data-th-onseeking}] [1000]: org.thymeleaf.standard.processor.StandardDOMEventAttributeTagProcessor
[THYMELEAF]             * [* {th:onselect,data-th-onselect}] [1000]: org.thymeleaf.standard.processor.StandardDOMEventAttributeTagProcessor
[THYMELEAF]             * [* {th:oninput,data-th-oninput}] [1000]: org.thymeleaf.standard.processor.StandardDOMEventAttributeTagProcessor
[THYMELEAF]             * [* {th:onpause,data-th-onpause}] [1000]: org.thymeleaf.standard.processor.StandardDOMEventAttributeTagProcessor
[THYMELEAF]             * [* {th:onplaying,data-th-onplaying}] [1000]: org.thymeleaf.standard.processor.StandardDOMEventAttributeTagProcessor
[THYMELEAF]             * [* {th:onbeforeprint,data-th-onbeforeprint}] [1000]: org.thymeleaf.standard.processor.StandardDOMEventAttributeTagProcessor
[THYMELEAF]             * [* {th:onmousewheel,data-th-onmousewheel}] [1000]: org.thymeleaf.standard.processor.StandardDOMEventAttributeTagProcessor
[THYMELEAF]             * [* {th:onabort,data-th-onabort}] [1000]: org.thymeleaf.standard.processor.StandardDOMEventAttributeTagProcessor
[THYMELEAF]             * [* {th:ondragend,data-th-ondragend}] [1000]: org.thymeleaf.standard.processor.StandardDOMEventAttributeTagProcessor
[THYMELEAF]             * [* {th:onmouseover,data-th-onmouseover}] [1000]: org.thymeleaf.standard.processor.StandardDOMEventAttributeTagProcessor
[THYMELEAF]             * [* {th:onscroll,data-th-onscroll}] [1000]: org.thymeleaf.standard.processor.StandardDOMEventAttributeTagProcessor
[THYMELEAF]             * [* {th:onhashchange,data-th-onhashchange}] [1000]: org.thymeleaf.standard.processor.StandardDOMEventAttributeTagProcessor
[THYMELEAF]             * [* {th:ononline,data-th-ononline}] [1000]: org.thymeleaf.standard.processor.StandardDOMEventAttributeTagProcessor
[THYMELEAF]             * [* {th:onvolumechange,data-th-onvolumechange}] [1000]: org.thymeleaf.standard.processor.StandardDOMEventAttributeTagProcessor
[THYMELEAF]             * [* {th:inline,data-th-inline}] [1000]: org.thymeleaf.standard.processor.StandardInlineHTMLTagProcessor
[THYMELEAF]             * [* {th:type,data-th-type}] [1000]: org.thymeleaf.standard.processor.StandardNonRemovableAttributeTagProcessor
[THYMELEAF]             * [* {th:name,data-th-name}] [1000]: org.thymeleaf.standard.processor.StandardNonRemovableAttributeTagProcessor
[THYMELEAF]             * [* {th:border,data-th-border}] [1000]: org.thymeleaf.standard.processor.StandardRemovableAttributeTagProcessor
[THYMELEAF]             * [* {th:align,data-th-align}] [1000]: org.thymeleaf.standard.processor.StandardRemovableAttributeTagProcessor
[THYMELEAF]             * [* {th:sandbox,data-th-sandbox}] [1000]: org.thymeleaf.standard.processor.StandardRemovableAttributeTagProcessor
[THYMELEAF]             * [* {th:formaction,data-th-formaction}] [1000]: org.thymeleaf.standard.processor.StandardRemovableAttributeTagProcessor
[THYMELEAF]             * [* {th:accesskey,data-th-accesskey}] [1000]: org.thymeleaf.standard.processor.StandardRemovableAttributeTagProcessor
[THYMELEAF]             * [* {th:spellcheck,data-th-spellcheck}] [1000]: org.thymeleaf.standard.processor.StandardRemovableAttributeTagProcessor
[THYMELEAF]             * [* {th:archive,data-th-archive}] [1000]: org.thymeleaf.standard.processor.StandardRemovableAttributeTagProcessor
[THYMELEAF]             * [* {th:kind,data-th-kind}] [1000]: org.thymeleaf.standard.processor.StandardRemovableAttributeTagProcessor
[THYMELEAF]             * [* {th:preload,data-th-preload}] [1000]: org.thymeleaf.standard.processor.StandardRemovableAttributeTagProcessor
[THYMELEAF]             * [* {th:enctype,data-th-enctype}] [1000]: org.thymeleaf.standard.processor.StandardRemovableAttributeTagProcessor
[THYMELEAF]             * [* {th:marginwidth,data-th-marginwidth}] [1000]: org.thymeleaf.standard.processor.StandardRemovableAttributeTagProcessor
[THYMELEAF]             * [* {th:frameborder,data-th-frameborder}] [1000]: org.thymeleaf.standard.processor.StandardRemovableAttributeTagProcessor
[THYMELEAF]             * [* {th:srclang,data-th-srclang}] [1000]: org.thymeleaf.standard.processor.StandardRemovableAttributeTagProcessor
[THYMELEAF]             * [* {th:step,data-th-step}] [1000]: org.thymeleaf.standard.processor.StandardRemovableAttributeTagProcessor
[THYMELEAF]             * [* {th:http-equiv,data-th-http-equiv}] [1000]: org.thymeleaf.standard.processor.StandardRemovableAttributeTagProcessor
[THYMELEAF]             * [* {th:dropzone,data-th-dropzone}] [1000]: org.thymeleaf.standard.processor.StandardRemovableAttributeTagProcessor
[THYMELEAF]             * [* {th:hspace,data-th-hspace}] [1000]: org.thymeleaf.standard.processor.StandardRemovableAttributeTagProcessor
[THYMELEAF]             * [* {th:scope,data-th-scope}] [1000]: org.thymeleaf.standard.processor.StandardRemovableAttributeTagProcessor
[THYMELEAF]             * [* {th:list,data-th-list}] [1000]: org.thymeleaf.standard.processor.StandardRemovableAttributeTagProcessor
[THYMELEAF]             * [* {th:width,data-th-width}] [1000]: org.thymeleaf.standard.processor.StandardRemovableAttributeTagProcessor
[THYMELEAF]             * [* {th:rev,data-th-rev}] [1000]: org.thymeleaf.standard.processor.StandardRemovableAttributeTagProcessor
[THYMELEAF]             * [* {th:summary,data-th-summary}] [1000]: org.thymeleaf.standard.processor.StandardRemovableAttributeTagProcessor
[THYMELEAF]             * [* {th:manifest,data-th-manifest}] [1000]: org.thymeleaf.standard.processor.StandardRemovableAttributeTagProcessor
[THYMELEAF]             * [* {th:draggable,data-th-draggable}] [1000]: org.thymeleaf.standard.processor.StandardRemovableAttributeTagProcessor
[THYMELEAF]             * [* {th:target,data-th-target}] [1000]: org.thymeleaf.standard.processor.StandardRemovableAttributeTagProcessor
[THYMELEAF]             * [* {th:audio,data-th-audio}] [1000]: org.thymeleaf.standard.processor.StandardRemovableAttributeTagProcessor
[THYMELEAF]             * [* {th:datetime,data-th-datetime}] [1000]: org.thymeleaf.standard.processor.StandardRemovableAttributeTagProcessor
[THYMELEAF]             * [* {th:compact,data-th-compact}] [1000]: org.thymeleaf.standard.processor.StandardRemovableAttributeTagProcessor
[THYMELEAF]             * [* {th:cellpadding,data-th-cellpadding}] [1000]: org.thymeleaf.standard.processor.StandardRemovableAttributeTagProcessor
[THYMELEAF]             * [* {th:title,data-th-title}] [1000]: org.thymeleaf.standard.processor.StandardRemovableAttributeTagProcessor
[THYMELEAF]             * [* {th:pattern,data-th-pattern}] [1000]: org.thymeleaf.standard.processor.StandardRemovableAttributeTagProcessor
[THYMELEAF]             * [* {th:formmethod,data-th-formmethod}] [1000]: org.thymeleaf.standard.processor.StandardRemovableAttributeTagProcessor
[THYMELEAF]             * [* {th:formtarget,data-th-formtarget}] [1000]: org.thymeleaf.standard.processor.StandardRemovableAttributeTagProcessor
[THYMELEAF]             * [* {th:max,data-th-max}] [1000]: org.thymeleaf.standard.processor.StandardRemovableAttributeTagProcessor
[THYMELEAF]             * [* {th:high,data-th-high}] [1000]: org.thymeleaf.standard.processor.StandardRemovableAttributeTagProcessor
[THYMELEAF]             * [* {th:wrap,data-th-wrap}] [1000]: org.thymeleaf.standard.processor.StandardRemovableAttributeTagProcessor
[THYMELEAF]             * [* {th:classid,data-th-classid}] [1000]: org.thymeleaf.standard.processor.StandardRemovableAttributeTagProcessor
[THYMELEAF]             * [* {th:contenteditable,data-th-contenteditable}] [1000]: org.thymeleaf.standard.processor.StandardRemovableAttributeTagProcessor
[THYMELEAF]             * [* {th:maxlength,data-th-maxlength}] [1000]: org.thymeleaf.standard.processor.StandardRemovableAttributeTagProcessor
[THYMELEAF]             * [* {th:style,data-th-style}] [1000]: org.thymeleaf.standard.processor.StandardRemovableAttributeTagProcessor
[THYMELEAF]             * [* {th:class,data-th-class}] [1000]: org.thymeleaf.standard.processor.StandardRemovableAttributeTagProcessor
[THYMELEAF]             * [* {th:contextmenu,data-th-contextmenu}] [1000]: org.thymeleaf.standard.processor.StandardRemovableAttributeTagProcessor
[THYMELEAF]             * [* {th:codetype,data-th-codetype}] [1000]: org.thymeleaf.standard.processor.StandardRemovableAttributeTagProcessor
[THYMELEAF]             * [* {th:headers,data-th-headers}] [1000]: org.thymeleaf.standard.processor.StandardRemovableAttributeTagProcessor
[THYMELEAF]             * [* {th:longdesc,data-th-longdesc}] [1000]: org.thymeleaf.standard.processor.StandardRemovableAttributeTagProcessor
[THYMELEAF]             * [* {th:low,data-th-low}] [1000]: org.thymeleaf.standard.processor.StandardRemovableAttributeTagProcessor
[THYMELEAF]             * [* {th:rowspan,data-th-rowspan}] [1000]: org.thymeleaf.standard.processor.StandardRemovableAttributeTagProcessor
[THYMELEAF]             * [* {th:media,data-th-media}] [1000]: org.thymeleaf.standard.processor.StandardRemovableAttributeTagProcessor
[THYMELEAF]             * [* {th:keytype,data-th-keytype}] [1000]: org.thymeleaf.standard.processor.StandardRemovableAttributeTagProcessor
[THYMELEAF]             * [* {th:rules,data-th-rules}] [1000]: org.thymeleaf.standard.processor.StandardRemovableAttributeTagProcessor
[THYMELEAF]             * [* {th:abbr,data-th-abbr}] [1000]: org.thymeleaf.standard.processor.StandardRemovableAttributeTagProcessor
[THYMELEAF]             * [* {th:cols,data-th-cols}] [1000]: org.thymeleaf.standard.processor.StandardRemovableAttributeTagProcessor
[THYMELEAF]             * [* {th:content,data-th-content}] [1000]: org.thymeleaf.standard.processor.StandardRemovableAttributeTagProcessor
[THYMELEAF]             * [* {th:alt,data-th-alt}] [1000]: org.thymeleaf.standard.processor.StandardRemovableAttributeTagProcessor
[THYMELEAF]             * [* {th:accept-charset,data-th-accept-charset}] [1000]: org.thymeleaf.standard.processor.StandardRemovableAttributeTagProcessor
[THYMELEAF]             * [* {th:size,data-th-size}] [1000]: org.thymeleaf.standard.processor.StandardRemovableAttributeTagProcessor
[THYMELEAF]             * [* {th:usemap,data-th-usemap}] [1000]: org.thymeleaf.standard.processor.StandardRemovableAttributeTagProcessor
[THYMELEAF]             * [* {th:start,data-th-start}] [1000]: org.thymeleaf.standard.processor.StandardRemovableAttributeTagProcessor
[THYMELEAF]             * [* {th:background,data-th-background}] [1000]: org.thymeleaf.standard.processor.StandardRemovableAttributeTagProcessor
[THYMELEAF]             * [* {th:sizes,data-th-sizes}] [1000]: org.thymeleaf.standard.processor.StandardRemovableAttributeTagProcessor
[THYMELEAF]             * [* {th:hreflang,data-th-hreflang}] [1000]: org.thymeleaf.standard.processor.StandardRemovableAttributeTagProcessor
[THYMELEAF]             * [* {th:accept,data-th-accept}] [1000]: org.thymeleaf.standard.processor.StandardRemovableAttributeTagProcessor
[THYMELEAF]             * [* {th:optimum,data-th-optimum}] [1000]: org.thymeleaf.standard.processor.StandardRemovableAttributeTagProcessor
[THYMELEAF]             * [* {th:radiogroup,data-th-radiogroup}] [1000]: org.thymeleaf.standard.processor.StandardRemovableAttributeTagProcessor
[THYMELEAF]             * [* {th:cellspacing,data-th-cellspacing}] [1000]: org.thymeleaf.standard.processor.StandardRemovableAttributeTagProcessor
[THYMELEAF]             * [* {th:cite,data-th-cite}] [1000]: org.thymeleaf.standard.processor.StandardRemovableAttributeTagProcessor
[THYMELEAF]             * [* {th:frame,data-th-frame}] [1000]: org.thymeleaf.standard.processor.StandardRemovableAttributeTagProcessor
[THYMELEAF]             * [* {th:challenge,data-th-challenge}] [1000]: org.thymeleaf.standard.processor.StandardRemovableAttributeTagProcessor
[THYMELEAF]             * [* {th:form,data-th-form}] [1000]: org.thymeleaf.standard.processor.StandardRemovableAttributeTagProcessor
[THYMELEAF]             * [* {th:scrolling,data-th-scrolling}] [1000]: org.thymeleaf.standard.processor.StandardRemovableAttributeTagProcessor
[THYMELEAF]             * [* {th:codebase,data-th-codebase}] [1000]: org.thymeleaf.standard.processor.StandardRemovableAttributeTagProcessor
[THYMELEAF]             * [* {th:marginheight,data-th-marginheight}] [1000]: org.thymeleaf.standard.processor.StandardRemovableAttributeTagProcessor
[THYMELEAF]             * [* {th:height,data-th-height}] [1000]: org.thymeleaf.standard.processor.StandardRemovableAttributeTagProcessor
[THYMELEAF]             * [* {th:colspan,data-th-colspan}] [1000]: org.thymeleaf.standard.processor.StandardRemovableAttributeTagProcessor
[THYMELEAF]             * [* {th:valuetype,data-th-valuetype}] [1000]: org.thymeleaf.standard.processor.StandardRemovableAttributeTagProcessor
[THYMELEAF]             * [* {th:autocomplete,data-th-autocomplete}] [1000]: org.thymeleaf.standard.processor.StandardRemovableAttributeTagProcessor
[THYMELEAF]             * [* {th:lang,data-th-lang}] [1000]: org.thymeleaf.standard.processor.StandardRemovableAttributeTagProcessor
[THYMELEAF]             * [* {th:poster,data-th-poster}] [1000]: org.thymeleaf.standard.processor.StandardRemovableAttributeTagProcessor
[THYMELEAF]             * [* {th:span,data-th-span}] [1000]: org.thymeleaf.standard.processor.StandardRemovableAttributeTagProcessor
[THYMELEAF]             * [* {th:for,data-th-for}] [1000]: org.thymeleaf.standard.processor.StandardRemovableAttributeTagProcessor
[THYMELEAF]             * [* {th:data,data-th-data}] [1000]: org.thymeleaf.standard.processor.StandardRemovableAttributeTagProcessor
[THYMELEAF]             * [* {th:dir,data-th-dir}] [1000]: org.thymeleaf.standard.processor.StandardRemovableAttributeTagProcessor
[THYMELEAF]             * [* {th:rel,data-th-rel}] [1000]: org.thymeleaf.standard.processor.StandardRemovableAttributeTagProcessor
[THYMELEAF]             * [* {th:label,data-th-label}] [1000]: org.thymeleaf.standard.processor.StandardRemovableAttributeTagProcessor
[THYMELEAF]             * [* {th:bgcolor,data-th-bgcolor}] [1000]: org.thymeleaf.standard.processor.StandardRemovableAttributeTagProcessor
[THYMELEAF]             * [* {th:icon,data-th-icon}] [1000]: org.thymeleaf.standard.processor.StandardRemovableAttributeTagProcessor
[THYMELEAF]             * [* {th:placeholder,data-th-placeholder}] [1000]: org.thymeleaf.standard.processor.StandardRemovableAttributeTagProcessor
[THYMELEAF]             * [* {th:min,data-th-min}] [1000]: org.thymeleaf.standard.processor.StandardRemovableAttributeTagProcessor
[THYMELEAF]             * [* {th:standby,data-th-standby}] [1000]: org.thymeleaf.standard.processor.StandardRemovableAttributeTagProcessor
[THYMELEAF]             * [* {th:charset,data-th-charset}] [1000]: org.thymeleaf.standard.processor.StandardRemovableAttributeTagProcessor
[THYMELEAF]             * [* {th:rows,data-th-rows}] [1000]: org.thymeleaf.standard.processor.StandardRemovableAttributeTagProcessor
[THYMELEAF]             * [* {th:scheme,data-th-scheme}] [1000]: org.thymeleaf.standard.processor.StandardRemovableAttributeTagProcessor
[THYMELEAF]             * [* {th:id,data-th-id}] [1000]: org.thymeleaf.standard.processor.StandardRemovableAttributeTagProcessor
[THYMELEAF]             * [* {th:formenctype,data-th-formenctype}] [1000]: org.thymeleaf.standard.processor.StandardRemovableAttributeTagProcessor
[THYMELEAF]             * [* {th:tabindex,data-th-tabindex}] [1000]: org.thymeleaf.standard.processor.StandardRemovableAttributeTagProcessor
[THYMELEAF]             * [* {th:vspace,data-th-vspace}] [1000]: org.thymeleaf.standard.processor.StandardRemovableAttributeTagProcessor
[THYMELEAF]             * [* {th:axis,data-th-axis}] [1000]: org.thymeleaf.standard.processor.StandardRemovableAttributeTagProcessor
[THYMELEAF]             * [* {th:xmlbase,data-th-xmlbase}] [1000]: org.thymeleaf.standard.processor.StandardXmlBaseTagProcessor
[THYMELEAF]             * [* {th:xmllang,data-th-xmllang}] [1000]: org.thymeleaf.standard.processor.StandardXmlLangTagProcessor
[THYMELEAF]             * [* {xmlns:th}] [1000]: org.thymeleaf.standard.processor.StandardXmlNsTagProcessor
[THYMELEAF]             * [* {th:xmlspace,data-th-xmlspace}] [1000]: org.thymeleaf.standard.processor.StandardXmlSpaceTagProcessor
[THYMELEAF]             * [{option} *] [1005]: org.thymeleaf.spring6.processor.SpringOptionInSelectFieldTagProcessor
[THYMELEAF]             * [* {th:value,data-th-value}] [1010]: org.thymeleaf.spring6.processor.SpringValueTagProcessor
[THYMELEAF]             * [* {th:classappend,data-th-classappend}] [1100]: org.thymeleaf.standard.processor.StandardClassappendTagProcessor
[THYMELEAF]             * [* {th:styleappend,data-th-styleappend}] [1100]: org.thymeleaf.standard.processor.StandardStyleappendTagProcessor
[THYMELEAF]             * [* {th:text,data-th-text}] [1300]: org.thymeleaf.standard.processor.StandardTextTagProcessor
[THYMELEAF]             * [* {th:utext,data-th-utext}] [1400]: org.thymeleaf.standard.processor.StandardUtextTagProcessor
[THYMELEAF]             * [* {th:fragment,data-th-fragment}] [1500]: org.thymeleaf.standard.processor.StandardFragmentTagProcessor
[THYMELEAF]             * [* {th:assert,data-th-assert}] [1550]: org.thymeleaf.standard.processor.StandardAssertTagProcessor
[THYMELEAF]             * [* {th:remove,data-th-remove}] [1600]: org.thymeleaf.standard.processor.StandardRemoveTagProcessor
[THYMELEAF]             * [* {th:errors,data-th-errors}] [1700]: org.thymeleaf.spring6.processor.SpringErrorsTagProcessor
[THYMELEAF]             * [{input} {th:field,data-th-field}] [1700]: org.thymeleaf.spring6.processor.SpringInputCheckboxFieldTagProcessor
[THYMELEAF]             * [{input} {th:field,data-th-field}] [1700]: org.thymeleaf.spring6.processor.SpringInputFileFieldTagProcessor
[THYMELEAF]             * [{input} {th:field,data-th-field}] [1700]: org.thymeleaf.spring6.processor.SpringInputGeneralFieldTagProcessor
[THYMELEAF]             * [{input} {th:field,data-th-field}] [1700]: org.thymeleaf.spring6.processor.SpringInputPasswordFieldTagProcessor
[THYMELEAF]             * [{input} {th:field,data-th-field}] [1700]: org.thymeleaf.spring6.processor.SpringInputRadioFieldTagProcessor
[THYMELEAF]             * [{option} {th:field,data-th-field}] [1700]: org.thymeleaf.spring6.processor.SpringOptionFieldTagProcessor
[THYMELEAF]             * [{select} {th:field,data-th-field}] [1700]: org.thymeleaf.spring6.processor.SpringSelectFieldTagProcessor
[THYMELEAF]             * [{textarea} {th:field,data-th-field}] [1700]: org.thymeleaf.spring6.processor.SpringTextareaFieldTagProcessor
[THYMELEAF]             * [* {th:uerrors,data-th-uerrors}] [1700]: org.thymeleaf.spring6.processor.SpringUErrorsTagProcessor
[THYMELEAF]             * [* {th:errorclass,data-th-errorclass}] [1800]: org.thymeleaf.spring6.processor.SpringErrorClassTagProcessor
[THYMELEAF]             * [* {th:ref,data-th-ref}] [10000]: org.thymeleaf.standard.processor.StandardRefAttributeTagProcessor
[THYMELEAF]             * [{th:block,th-block} *] [100000]: org.thymeleaf.standard.processor.StandardBlockTagProcessor
[THYMELEAF]             * [* th:*] [2147483647]: org.thymeleaf.standard.processor.StandardDefaultAttributesTagProcessor
[THYMELEAF]         * Text Processors by [precedence]:
[THYMELEAF]             * [1000]: org.thymeleaf.standard.processor.StandardInliningTextProcessor
[THYMELEAF]         * DOCTYPE Processors by [precedence]:
[THYMELEAF]             * [1000]: org.thymeleaf.standard.processor.StandardTranslationDocTypeProcessor
[THYMELEAF]         * CDATA Section Processors by [precedence]:
[THYMELEAF]             * [1000]: org.thymeleaf.standard.processor.StandardInliningCDATASectionProcessor
[THYMELEAF]         * Comment Processors by [precedence]:
[THYMELEAF]             * [1000]: org.thymeleaf.standard.processor.StandardInliningCommentProcessor
[THYMELEAF]             * [1100]: org.thymeleaf.standard.processor.StandardConditionalCommentProcessor
[THYMELEAF]     * Processors for Template Mode: XML
[THYMELEAF]         * Element Tag Processors by [matching element and attribute name] [precedence]:
[THYMELEAF]             * [* {th:include}] [100]: org.thymeleaf.standard.processor.StandardIncludeTagProcessor
[THYMELEAF]             * [* {th:insert}] [100]: org.thymeleaf.standard.processor.StandardInsertTagProcessor
[THYMELEAF]             * [* {th:replace}] [100]: org.thymeleaf.standard.processor.StandardReplaceTagProcessor
[THYMELEAF]             * [* {th:each}] [200]: org.thymeleaf.standard.processor.StandardEachTagProcessor
[THYMELEAF]             * [* {th:switch}] [250]: org.thymeleaf.standard.processor.StandardSwitchTagProcessor
[THYMELEAF]             * [* {th:case}] [275]: org.thymeleaf.standard.processor.StandardCaseTagProcessor
[THYMELEAF]             * [* {th:if}] [300]: org.thymeleaf.standard.processor.StandardIfTagProcessor
[THYMELEAF]             * [* {th:unless}] [400]: org.thymeleaf.standard.processor.StandardUnlessTagProcessor
[THYMELEAF]             * [* {th:object}] [500]: org.thymeleaf.standard.processor.StandardObjectTagProcessor
[THYMELEAF]             * [* {th:with}] [600]: org.thymeleaf.standard.processor.StandardWithTagProcessor
[THYMELEAF]             * [* {th:attr}] [700]: org.thymeleaf.standard.processor.StandardAttrTagProcessor
[THYMELEAF]             * [* {th:attrprepend}] [800]: org.thymeleaf.standard.processor.StandardAttrprependTagProcessor
[THYMELEAF]             * [* {th:attrappend}] [900]: org.thymeleaf.standard.processor.StandardAttrappendTagProcessor
[THYMELEAF]             * [* {th:inline}] [1000]: org.thymeleaf.standard.processor.StandardInlineXMLTagProcessor
[THYMELEAF]             * [* {xmlns:th}] [1000]: org.thymeleaf.standard.processor.StandardXmlNsTagProcessor
[THYMELEAF]             * [* {th:text}] [1300]: org.thymeleaf.standard.processor.StandardTextTagProcessor
[THYMELEAF]             * [* {th:utext}] [1400]: org.thymeleaf.standard.processor.StandardUtextTagProcessor
[THYMELEAF]             * [* {th:fragment}] [1500]: org.thymeleaf.standard.processor.StandardFragmentTagProcessor
[THYMELEAF]             * [* {th:assert}] [1550]: org.thymeleaf.standard.processor.StandardAssertTagProcessor
[THYMELEAF]             * [* {th:remove}] [1600]: org.thymeleaf.standard.processor.StandardRemoveTagProcessor
[THYMELEAF]             * [* {th:ref}] [10000]: org.thymeleaf.standard.processor.StandardRefAttributeTagProcessor
[THYMELEAF]             * [{th:block} *] [100000]: org.thymeleaf.standard.processor.StandardBlockTagProcessor
[THYMELEAF]             * [* th:*] [2147483647]: org.thymeleaf.standard.processor.StandardDefaultAttributesTagProcessor
[THYMELEAF]         * Text Processors by [precedence]:
[THYMELEAF]             * [1000]: org.thymeleaf.standard.processor.StandardInliningTextProcessor
[THYMELEAF]         * CDATA Section Processors by [precedence]:
[THYMELEAF]             * [1000]: org.thymeleaf.standard.processor.StandardInliningCDATASectionProcessor
[THYMELEAF]         * Comment Processors by [precedence]:
[THYMELEAF]             * [1000]: org.thymeleaf.standard.processor.StandardInliningCommentProcessor
[THYMELEAF]     * Processors for Template Mode: TEXT
[THYMELEAF]         * Element Tag Processors by [matching element and attribute name] [precedence]:
[THYMELEAF]             * [* {th:insert}] [100]: org.thymeleaf.standard.processor.StandardInsertTagProcessor
[THYMELEAF]             * [* {th:replace}] [100]: org.thymeleaf.standard.processor.StandardReplaceTagProcessor
[THYMELEAF]             * [* {th:each}] [200]: org.thymeleaf.standard.processor.StandardEachTagProcessor
[THYMELEAF]             * [* {th:switch}] [250]: org.thymeleaf.standard.processor.StandardSwitchTagProcessor
[THYMELEAF]             * [* {th:case}] [275]: org.thymeleaf.standard.processor.StandardCaseTagProcessor
[THYMELEAF]             * [* {th:if}] [300]: org.thymeleaf.standard.processor.StandardIfTagProcessor
[THYMELEAF]             * [* {th:unless}] [400]: org.thymeleaf.standard.processor.StandardUnlessTagProcessor
[THYMELEAF]             * [* {th:object}] [500]: org.thymeleaf.standard.processor.StandardObjectTagProcessor
[THYMELEAF]             * [* {th:with}] [600]: org.thymeleaf.standard.processor.StandardWithTagProcessor
[THYMELEAF]             * [* {th:inline}] [1000]: org.thymeleaf.standard.processor.StandardInlineTextualTagProcessor
[THYMELEAF]             * [* {th:text}] [1300]: org.thymeleaf.standard.processor.StandardTextTagProcessor
[THYMELEAF]             * [* {th:utext}] [1400]: org.thymeleaf.standard.processor.StandardUtextTagProcessor
[THYMELEAF]             * [* {th:assert}] [1550]: org.thymeleaf.standard.processor.StandardAssertTagProcessor
[THYMELEAF]             * [* {th:remove}] [1600]: org.thymeleaf.standard.processor.StandardRemoveTagProcessor
[THYMELEAF]             * [{th:block} *] [100000]: org.thymeleaf.standard.processor.StandardBlockTagProcessor
[THYMELEAF]             * [* 100000] [org.thymeleaf.standard.processor.StandardBlockTagProcessor]: {}
[THYMELEAF]         * Text Processors by [precedence]:
[THYMELEAF]             * [1000]: org.thymeleaf.standard.processor.StandardInliningTextProcessor
[THYMELEAF]     * Processors for Template Mode: JAVASCRIPT
[THYMELEAF]         * Element Tag Processors by [matching element and attribute name] [precedence]:
[THYMELEAF]             * [* {th:insert}] [100]: org.thymeleaf.standard.processor.StandardInsertTagProcessor
[THYMELEAF]             * [* {th:replace}] [100]: org.thymeleaf.standard.processor.StandardReplaceTagProcessor
[THYMELEAF]             * [* {th:each}] [200]: org.thymeleaf.standard.processor.StandardEachTagProcessor
[THYMELEAF]             * [* {th:switch}] [250]: org.thymeleaf.standard.processor.StandardSwitchTagProcessor
[THYMELEAF]             * [* {th:case}] [275]: org.thymeleaf.standard.processor.StandardCaseTagProcessor
[THYMELEAF]             * [* {th:if}] [300]: org.thymeleaf.standard.processor.StandardIfTagProcessor
[THYMELEAF]             * [* {th:unless}] [400]: org.thymeleaf.standard.processor.StandardUnlessTagProcessor
[THYMELEAF]             * [* {th:object}] [500]: org.thymeleaf.standard.processor.StandardObjectTagProcessor
[THYMELEAF]             * [* {th:with}] [600]: org.thymeleaf.standard.processor.StandardWithTagProcessor
[THYMELEAF]             * [* {th:inline}] [1000]: org.thymeleaf.standard.processor.StandardInlineTextualTagProcessor
[THYMELEAF]             * [* {th:text}] [1300]: org.thymeleaf.standard.processor.StandardTextTagProcessor
[THYMELEAF]             * [* {th:utext}] [1400]: org.thymeleaf.standard.processor.StandardUtextTagProcessor
[THYMELEAF]             * [* {th:assert}] [1550]: org.thymeleaf.standard.processor.StandardAssertTagProcessor
[THYMELEAF]             * [* {th:remove}] [1600]: org.thymeleaf.standard.processor.StandardRemoveTagProcessor
[THYMELEAF]             * [{th:block} *] [100000]: org.thymeleaf.standard.processor.StandardBlockTagProcessor
[THYMELEAF]             * [* 100000] [org.thymeleaf.standard.processor.StandardBlockTagProcessor]: {}
[THYMELEAF]         * Text Processors by [precedence]:
[THYMELEAF]             * [1000]: org.thymeleaf.standard.processor.StandardInliningTextProcessor
[THYMELEAF]     * Processors for Template Mode: CSS
[THYMELEAF]         * Element Tag Processors by [matching element and attribute name] [precedence]:
[THYMELEAF]             * [* {th:insert}] [100]: org.thymeleaf.standard.processor.StandardInsertTagProcessor
[THYMELEAF]             * [* {th:replace}] [100]: org.thymeleaf.standard.processor.StandardReplaceTagProcessor
[THYMELEAF]             * [* {th:each}] [200]: org.thymeleaf.standard.processor.StandardEachTagProcessor
[THYMELEAF]             * [* {th:switch}] [250]: org.thymeleaf.standard.processor.StandardSwitchTagProcessor
[THYMELEAF]             * [* {th:case}] [275]: org.thymeleaf.standard.processor.StandardCaseTagProcessor
[THYMELEAF]             * [* {th:if}] [300]: org.thymeleaf.standard.processor.StandardIfTagProcessor
[THYMELEAF]             * [* {th:unless}] [400]: org.thymeleaf.standard.processor.StandardUnlessTagProcessor
[THYMELEAF]             * [* {th:object}] [500]: org.thymeleaf.standard.processor.StandardObjectTagProcessor
[THYMELEAF]             * [* {th:with}] [600]: org.thymeleaf.standard.processor.StandardWithTagProcessor
[THYMELEAF]             * [* {th:inline}] [1000]: org.thymeleaf.standard.processor.StandardInlineTextualTagProcessor
[THYMELEAF]             * [* {th:text}] [1300]: org.thymeleaf.standard.processor.StandardTextTagProcessor
[THYMELEAF]             * [* {th:utext}] [1400]: org.thymeleaf.standard.processor.StandardUtextTagProcessor
[THYMELEAF]             * [* {th:assert}] [1550]: org.thymeleaf.standard.processor.StandardAssertTagProcessor
[THYMELEAF]             * [* {th:remove}] [1600]: org.thymeleaf.standard.processor.StandardRemoveTagProcessor
[THYMELEAF]             * [* 100000] [org.thymeleaf.standard.processor.StandardBlockTagProcessor]: {}
[THYMELEAF]             * [{th:block} *] [100000]: org.thymeleaf.standard.processor.StandardBlockTagProcessor
[THYMELEAF]         * Text Processors by [precedence]:
[THYMELEAF]             * [1000]: org.thymeleaf.standard.processor.StandardInliningTextProcessor
[THYMELEAF]     * Expression Objects:
[THYMELEAF]         * #ctx
[THYMELEAF]         * #root
[THYMELEAF]         * #vars
[THYMELEAF]         * #object
[THYMELEAF]         * #locale
[THYMELEAF]         * #conversions
[THYMELEAF]         * #uris
[THYMELEAF]         * #temporals
[THYMELEAF]         * #calendars
[THYMELEAF]         * #dates
[THYMELEAF]         * #bools
[THYMELEAF]         * #numbers
[THYMELEAF]         * #objects
[THYMELEAF]         * #strings
[THYMELEAF]         * #arrays
[THYMELEAF]         * #lists
[THYMELEAF]         * #sets
[THYMELEAF]         * #maps
[THYMELEAF]         * #aggregates
[THYMELEAF]         * #messages
[THYMELEAF]         * #ids
[THYMELEAF]         * #execInfo
[THYMELEAF]         * #request
[THYMELEAF]         * #response
[THYMELEAF]         * #session
[THYMELEAF]         * #servletContext
[THYMELEAF]         * #fields
[THYMELEAF]         * #themes
[THYMELEAF]         * #mvc
[THYMELEAF]         * #requestdatavalues
[THYMELEAF]     * Execution Attributes:
[THYMELEAF]         * "StandardExpressionParser": Standard Expression Parser
[THYMELEAF]         * "StandardJavaScriptSerializer": org.thymeleaf.standard.serializer.StandardJavaScriptSerializer@75a83e84
[THYMELEAF]         * "StandardCSSSerializer": org.thymeleaf.standard.serializer.StandardCSSSerializer@67f0e3f4
[THYMELEAF]         * "EnableSpringELCompiler": false
[THYMELEAF]         * "StandardVariableExpressionEvaluator": SpringEL
[THYMELEAF]         * "StandardConversionService": org.thymeleaf.spring6.expression.SpringStandardConversionService@4301f092
[THYMELEAF] * Dialect [2 of 2]: SpringSecurity (org.thymeleaf.extras.springsecurity6.dialect.SpringSecurityDialect)
[THYMELEAF]     * Prefix: "sec"
[THYMELEAF]     * Processors for Template Mode: HTML
[THYMELEAF]         * Element Tag Processors by [matching element and attribute name] [precedence]:
[THYMELEAF]             * [* {sec:authorize-acl,data-sec-authorize-acl}] [300]: org.thymeleaf.extras.springsecurity6.dialect.processor.AuthorizeAclAttrProcessor
[THYMELEAF]             * [* {sec:authorize-expr,data-sec-authorize-expr}] [300]: org.thymeleaf.extras.springsecurity6.dialect.processor.AuthorizeAttrProcessor
[THYMELEAF]             * [* {sec:authorize,data-sec-authorize}] [300]: org.thymeleaf.extras.springsecurity6.dialect.processor.AuthorizeAttrProcessor
[THYMELEAF]             * [* {sec:authorize-url,data-sec-authorize-url}] [300]: org.thymeleaf.extras.springsecurity6.dialect.processor.AuthorizeUrlAttrProcessor
[THYMELEAF]             * [* {xmlns:sec}] [1000]: org.thymeleaf.standard.processor.StandardXmlNsTagProcessor
[THYMELEAF]             * [* {sec:authentication,data-sec-authentication}] [1300]: org.thymeleaf.extras.springsecurity6.dialect.processor.AuthenticationAttrProcessor
[THYMELEAF]     * Processors for Template Mode: XML
[THYMELEAF]         * Element Tag Processors by [matching element and attribute name] [precedence]:
[THYMELEAF]             * [* {sec:authorize-acl}] [300]: org.thymeleaf.extras.springsecurity6.dialect.processor.AuthorizeAclAttrProcessor
[THYMELEAF]             * [* {sec:authorize}] [300]: org.thymeleaf.extras.springsecurity6.dialect.processor.AuthorizeAttrProcessor
[THYMELEAF]             * [* {sec:authorize-expr}] [300]: org.thymeleaf.extras.springsecurity6.dialect.processor.AuthorizeAttrProcessor
[THYMELEAF]             * [* {sec:authorize-url}] [300]: org.thymeleaf.extras.springsecurity6.dialect.processor.AuthorizeUrlAttrProcessor
[THYMELEAF]             * [* {xmlns:sec}] [1000]: org.thymeleaf.standard.processor.StandardXmlNsTagProcessor
[THYMELEAF]             * [* {sec:authentication}] [1300]: org.thymeleaf.extras.springsecurity6.dialect.processor.AuthenticationAttrProcessor
[THYMELEAF]     * Processors for Template Mode: TEXT
[THYMELEAF]         * Element Tag Processors by [matching element and attribute name] [precedence]:
[THYMELEAF]             * [* {sec:authorize-acl}] [300]: org.thymeleaf.extras.springsecurity6.dialect.processor.AuthorizeAclAttrProcessor
[THYMELEAF]             * [* {sec:authorize}] [300]: org.thymeleaf.extras.springsecurity6.dialect.processor.AuthorizeAttrProcessor
[THYMELEAF]             * [* {sec:authorize-expr}] [300]: org.thymeleaf.extras.springsecurity6.dialect.processor.AuthorizeAttrProcessor
[THYMELEAF]             * [* {sec:authorize-url}] [300]: org.thymeleaf.extras.springsecurity6.dialect.processor.AuthorizeUrlAttrProcessor
[THYMELEAF]             * [* {xmlns:sec}] [1000]: org.thymeleaf.standard.processor.StandardXmlNsTagProcessor
[THYMELEAF]             * [* {sec:authentication}] [1300]: org.thymeleaf.extras.springsecurity6.dialect.processor.AuthenticationAttrProcessor
[THYMELEAF]     * Processors for Template Mode: JAVASCRIPT
[THYMELEAF]         * Element Tag Processors by [matching element and attribute name] [precedence]:
[THYMELEAF]             * [* {sec:authorize-acl}] [300]: org.thymeleaf.extras.springsecurity6.dialect.processor.AuthorizeAclAttrProcessor
[THYMELEAF]             * [* {sec:authorize-expr}] [300]: org.thymeleaf.extras.springsecurity6.dialect.processor.AuthorizeAttrProcessor
[THYMELEAF]             * [* {sec:authorize}] [300]: org.thymeleaf.extras.springsecurity6.dialect.processor.AuthorizeAttrProcessor
[THYMELEAF]             * [* {sec:authorize-url}] [300]: org.thymeleaf.extras.springsecurity6.dialect.processor.AuthorizeUrlAttrProcessor
[THYMELEAF]             * [* {xmlns:sec}] [1000]: org.thymeleaf.standard.processor.StandardXmlNsTagProcessor
[THYMELEAF]             * [* {sec:authentication}] [1300]: org.thymeleaf.extras.springsecurity6.dialect.processor.AuthenticationAttrProcessor
[THYMELEAF]     * Processors for Template Mode: CSS
[THYMELEAF]         * Element Tag Processors by [matching element and attribute name] [precedence]:
[THYMELEAF]             * [* {sec:authorize-acl}] [300]: org.thymeleaf.extras.springsecurity6.dialect.processor.AuthorizeAclAttrProcessor
[THYMELEAF]             * [* {sec:authorize-expr}] [300]: org.thymeleaf.extras.springsecurity6.dialect.processor.AuthorizeAttrProcessor
[THYMELEAF]             * [* {sec:authorize}] [300]: org.thymeleaf.extras.springsecurity6.dialect.processor.AuthorizeAttrProcessor
[THYMELEAF]             * [* {sec:authorize-url}] [300]: org.thymeleaf.extras.springsecurity6.dialect.processor.AuthorizeUrlAttrProcessor
[THYMELEAF]             * [* {xmlns:sec}] [1000]: org.thymeleaf.standard.processor.StandardXmlNsTagProcessor
[THYMELEAF]             * [* {sec:authentication}] [1300]: org.thymeleaf.extras.springsecurity6.dialect.processor.AuthenticationAttrProcessor
[THYMELEAF]     * Expression Objects:
[THYMELEAF]         * #authentication
[THYMELEAF]         * #authorization
[THYMELEAF] TEMPLATE ENGINE CONFIGURED OK
2026-04-20 21:49:15 [http-nio-8080-exec-3] DEBUG org.thymeleaf.TemplateEngine - [THYMELEAF] TEMPLATE ENGINE INITIALIZED
2026-04-20 21:49:15 [restartedMain] DEBUG org.hibernate.SQL - 
    select
        ls1_0.MaLoai,
        ls1_0.TenLoai,
        ls1_0.TrangThai 
    from
        loai ls1_0 
    where
        upper(ls1_0.TenLoai) like upper(?) escape '\\'
2026-04-20 21:49:15 [http-nio-8080-exec-3] DEBUG o.s.web.servlet.DispatcherServlet - Completed 200 OK
2026-04-20 21:49:15 [scheduling-1] DEBUG o.s.web.client.RestTemplate - Response 200 OK
2026-04-20 21:49:15 [scheduling-1] DEBUG o.s.web.client.RestTemplate - Reading to [java.lang.String] as "text/html;charset=UTF-8"
2026-04-20 21:49:15 [restartedMain] DEBUG org.hibernate.SQL - 
    select
        count(*) 
    from
        sach s1_0
2026-04-20 21:49:15 [scheduling-1] INFO  c.e.library.service.KeepAliveService - Keep-alive successful! Response: <!doctype html>
<html>
<head>
<meta charset="UTF-8" />
<meta name="viewport" content="width=device-width, initial-scale=1.0" />
<title>Đăng Nhập - Thư Viện</title>
<link rel="stylesheet" href="/css/style.css" />
<link rel="stylesheet"
	href="https://cdnjs.cloudflare.com/ajax/libs/font-awesome/6.5.1/css/all.min.css" />
<style>
.login-container {
	min-height: 100vh;
	display: flex;
	align-items: center;
	justify-content: center;
	background: linear-gradient(135deg, #667eea 0%, #764ba2 100%);
}

.login-box {
	background: white;
	padding: 40px;
	border-radius: 20px;
	box-shadow: 0 20px 60px rgba(0, 0, 0, 0.3);
	width: 100%;
	max-width: 400px;
	animation: fadeIn 0.5s ease;
}

.login-header {
	text-align: center;
	margin-bottom: 30px;
}

.login-header i {
	font-size: 3rem;
	color: #4361ee;
	margin-bottom: 15px;
}

.login-header h2 {
	color: #1a1a2e;
	font-size: 1.8rem;
}

.form-group {
	margin-bottom: 20px;
}

.form-group label {
	display: block;
	margin-bottom: 8px;
	color: #1a1a2e;
	font-weight: 500;
}

.form-group i {
	margin-right: 8px;
	color: #4361ee;
}

.form-control {
	width: 100%;
	padding: 12px 15px;
	border: 2px solid #e0e0e0;
	border-radius: 10px;
	font-size: 1rem;
	transition: all 0.3s;
}

.form-control:focus {
	outline: none;
	border-color: #4361ee;
	box-shadow: 0 0 0 3px rgba(67, 97, 238, 0.1);
}

.btn-login {
	width: 100%;
	padding: 12px;
	background: linear-gradient(135deg, #4361ee, #3a56d4);
	color: white;
	border: none;
	border-radius: 10px;
	font-size: 1rem;
	font-weight: 600;
	cursor: pointer;
	transition: all 0.3s;
}

.btn-login:hover {
	transform: translateY(-2px);
	box-shadow: 0 5px 20px rgba(67, 97, 238, 0.4);
}

.btn-login i {
	color: white !important;
}

.login-footer {
	text-align: center;
	margin-top: 20px;
}

.login-footer a {
	color: #4361ee;
	text-decoration: none;
}

.alert {
	padding: 12px 15px;
	border-radius: 10px;
	margin-bottom: 20px;
}

.alert-danger {
	background: rgba(239, 71, 111, 0.1);
	color: #ef476f;
	border: 1px solid rgba(239, 71, 111, 0.2);
}

.alert-success {
	background: rgba(6, 214, 160, 0.1);
	color: #06d6a0;
	border: 1px solid rgba(6, 214, 160, 0.2);
}
</style>
</head>
<body>
	<div class="login-container">
		<div class="login-box">
			<div class="login-header">
				<i class="fas fa-book-open"></i>
				<h2>Đăng Nhập</h2>
				<p style="color: #6c757d">Hệ thống quản lý thư viện</p>
			</div>

			
			
			

			<form action="/login" method="post">
				<div class="form-group">
					<label><i class="fas fa-user"></i>Tên đăng nhập</label> <input
						type="text" name="username" class="form-control"
						placeholder="Nhập tên đăng nhập" required />
				</div>
				<div class="form-group">
					<label><i class="fas fa-lock"></i>Mật khẩu</label> <input
						type="password" name="password" class="form-control"
						placeholder="Nhập mật khẩu" required />
				</div>
				<div class="form-group" style="display: flex; align-items: center">
					<input type="checkbox" name="remember-me" id="remember"
						style="margin-right: 10px" /> <label for="remember"
						style="margin: 0">Ghi nhớ đăng nhập</label>
				</div>
				<button type="submit" class="btn-login">
					<i class="fas fa-sign-in-alt"></i> Đăng Nhập
				</button>
			</form>
			<div class="login-footer">
				<div class="auth-footer">
					<p>
						Chưa có tài khoản? <a href="/register">Đăng ký ngay</a>
					</p>
					<p>
						<a href="/forgot-password">Quên mật khẩu?</a>
					</p>
				</div>
			</div>
		</div>
	</div>
</body>
</html>

2026-04-20 21:49:15 [restartedMain] INFO  o.s.b.d.a.ConditionEvaluationDeltaLoggingListener - Condition evaluation unchanged
